lambda,operator,policy_violation_rate_mean,policy_violation_rate_std,policy_violation_rate_ci_low,policy_violation_rate_ci_high,veto_preservation_rate_mean,veto_preservation_rate_std,veto_preservation_rate_ci_low,veto_preservation_rate_ci_high,predictive_utility_mean,predictive_utility_std,predictive_utility_ci_low,predictive_utility_ci_high,n_veto_topk_mean,n_veto_topk_std,n_veto_topk_ci_low,n_veto_topk_ci_high,n_weak_nv_topk_mean,n_weak_nv_topk_std,n_weak_nv_topk_ci_low,n_weak_nv_topk_ci_high,n_normal_topk_mean,n_normal_topk_std,n_normal_topk_ci_low,n_normal_topk_ci_high,frac_veto_topk_mean,frac_veto_topk_std,frac_veto_topk_ci_low,frac_veto_topk_ci_high,frac_weak_nv_topk_mean,frac_weak_nv_topk_std,frac_weak_nv_topk_ci_low,frac_weak_nv_topk_ci_high,frac_normal_topk_mean,frac_normal_topk_std,frac_normal_topk_ci_low,frac_normal_topk_ci_high,e_weak_context_mean,e_weak_context_std,e_weak_context_ci_low,e_weak_context_ci_high,observed_veto_rate_mean,observed_veto_rate_std,observed_veto_rate_ci_low,observed_veto_rate_ci_high,false_negative_veto_rate_mean,false_negative_veto_rate_std,false_negative_veto_rate_ci_low,false_negative_veto_rate_ci_high,kendall_tau_mean,kendall_tau_std,kendall_tau_ci_low,kendall_tau_ci_high,jaccard_top_k_mean,jaccard_top_k_std,jaccard_top_k_ci_low,jaccard_top_k_ci_high,analysis_source,sigma_q,scenario,sweep
0.0,geometric,0.0,0.0,0.0,0.0,1.0,0.0,1.0,1.0,0.4993410575699376,0.0226148792514691,0.4552133500391438,0.5415050752889479,0.0,0.0,0.0,0.0,0.0,0.0,0.0,0.0,100.0,0.0,100.0,100.0,0.0,0.0,0.0,0.0,0.0,0.0,0.0,0.0,1.0,0.0,1.0,1.0,0.0,0.0,0.0,0.0,0.0,0.0,0.0,0.0,0.0,0.0,0.0,0.0,1.0,0.0,1.0,1.0,1.0,0.0,1.0,1.0,lambda_sensitivity,,,
0.0,linear,0.0,0.0,0.0,0.0,1.0,0.0,1.0,1.0,0.4993410575699376,0.0226148792514691,0.4552133500391438,0.5415050752889479,0.0,0.0,0.0,0.0,0.0,0.0,0.0,0.0,100.0,0.0,100.0,100.0,0.0,0.0,0.0,0.0,0.0,0.0,0.0,0.0,1.0,0.0,1.0,1.0,0.0,0.0,0.0,0.0,0.0,0.0,0.0,0.0,0.0,0.0,0.0,0.0,1.0,0.0,1.0,1.0,1.0,0.0,1.0,1.0,lambda_sensitivity,,,
0.0,min,0.0,0.0,0.0,0.0,1.0,0.0,1.0,1.0,0.7443433747467484,0.0115333865579227,0.7214921839953684,0.7660139027139257,0.0,0.0,0.0,0.0,0.0,0.0,0.0,0.0,100.0,0.0,100.0,100.0,0.0,0.0,0.0,0.0,0.0,0.0,0.0,0.0,1.0,0.0,1.0,1.0,0.0,0.0,0.0,0.0,0.0,0.0,0.0,0.0,0.0,0.0,0.0,0.0,1.0,0.0,1.0,1.0,1.0,0.0,1.0,1.0,lambda_sensitivity,,,
0.1,geometric,0.0,0.0,0.0,0.0,1.0,0.0,1.0,1.0,0.5797733637581468,0.0199126446770515,0.5416351385241394,0.6176649380866766,0.0,0.0,0.0,0.0,0.0,0.0,0.0,0.0,100.0,0.0,100.0,100.0,0.0,0.0,0.0,0.0,0.0,0.0,0.0,0.0,1.0,0.0,1.0,1.0,0.0,0.0,0.0,0.0,0.0,0.0,0.0,0.0,0.0,0.0,0.0,0.0,0.944684395329441,0.0027082753714488,0.9389726855713092,0.949546080066722,0.7382732422495001,0.0404046570228393,0.6528925619834711,0.8181818181818182,lambda_sensitivity,,,
0.1,linear,0.0,0.0,0.0,0.0,1.0,0.0,1.0,1.0,0.5450708184914822,0.022194042523254,0.5013600901770314,0.5872497823848517,0.0,0.0,0.0,0.0,0.0,0.0,0.0,0.0,100.0,0.0,100.0,100.0,0.0,0.0,0.0,0.0,0.0,0.0,0.0,0.0,1.0,0.0,1.0,1.0,0.0,0.0,0.0,0.0,0.0,0.0,0.0,0.0,0.0,0.0,0.0,0.0,0.9317056192621658,0.0018217847540269,0.9279658701316104,0.9350806071079768,0.8407266270434723,0.0340372596648634,0.7699115044247787,0.9047619047619048,lambda_sensitivity,,,
0.1,min,0.0,0.0,0.0,0.0,1.0,0.0,1.0,1.0,0.7443433747467484,0.0115333865579227,0.7214921839953684,0.7660139027139257,0.0,0.0,0.0,0.0,0.0,0.0,0.0,0.0,100.0,0.0,100.0,100.0,0.0,0.0,0.0,0.0,0.0,0.0,0.0,0.0,1.0,0.0,1.0,1.0,0.0,0.0,0.0,0.0,0.0,0.0,0.0,0.0,0.0,0.0,0.0,0.0,1.0,0.0,1.0,1.0,1.0,0.0,1.0,1.0,lambda_sensitivity,,,
0.2,geometric,0.0,0.0,0.0,0.0,1.0,0.0,1.0,1.0,0.6442943897512325,0.0175623005880001,0.6104631008310669,0.678637858833916,0.0,0.0,0.0,0.0,0.0,0.0,0.0,0.0,100.0,0.0,100.0,100.0,0.0,0.0,0.0,0.0,0.0,0.0,0.0,0.0,1.0,0.0,1.0,1.0,0.0,0.0,0.0,0.0,0.0,0.0,0.0,0.0,0.0,0.0,0.0,0.0,0.8815861342785654,0.0055295393487805,0.8702041284403668,0.8917944120100083,0.5599546130269913,0.0424522314322076,0.4814814814814814,0.639344262295082,lambda_sensitivity,,,
0.2,linear,0.0,0.0,0.0,0.0,1.0,0.0,1.0,1.0,0.5991460142457615,0.0211466051490449,0.556966108318964,0.6369180011329232,0.0,0.0,0.0,0.0,0.0,0.0,0.0,0.0,100.0,0.0,100.0,100.0,0.0,0.0,0.0,0.0,0.0,0.0,0.0,0.0,1.0,0.0,1.0,1.0,0.0,0.0,0.0,0.0,0.0,0.0,0.0,0.0,0.0,0.0,0.0,0.0,0.8637972476555583,0.0036779113132843,0.8566977523119756,0.8710505282135713,0.6821978642381153,0.0407478388726794,0.6,0.7543859649122807,lambda_sensitivity,,,
0.2,min,0.0,0.0,0.0,0.0,1.0,0.0,1.0,1.0,0.7443433747467484,0.0115333865579227,0.7214921839953684,0.7660139027139257,0.0,0.0,0.0,0.0,0.0,0.0,0.0,0.0,100.0,0.0,100.0,100.0,0.0,0.0,0.0,0.0,0.0,0.0,0.0,0.0,1.0,0.0,1.0,1.0,0.0,0.0,0.0,0.0,0.0,0.0,0.0,0.0,0.0,0.0,0.0,0.0,1.0,0.0,1.0,1.0,1.0,0.0,1.0,1.0,lambda_sensitivity,,,
0.3,geometric,0.0,0.0,0.0,0.0,1.0,0.0,1.0,1.0,0.6910392302081381,0.0159995012020474,0.659726392784237,0.7202356602471286,0.0,0.0,0.0,0.0,0.0,0.0,0.0,0.0,100.0,0.0,100.0,100.0,0.0,0.0,0.0,0.0,0.0,0.0,0.0,0.0,1.0,0.0,1.0,1.0,0.0,0.0,0.0,0.0,0.0,0.0,0.0,0.0,0.0,0.0,0.0,0.0,0.8128342201834861,0.0081940411985398,0.7963831317764802,0.8277265429524602,0.4405815555647439,0.0394759673315623,0.3605442176870748,0.5151515151515151,lambda_sensitivity,,,
0.3,linear,0.0,0.0,0.0,0.0,1.0,0.0,1.0,1.0,0.6600623014683813,0.0192556580516189,0.6246770801219331,0.6970290936195729,0.0,0.0,0.0,0.0,0.0,0.0,0.0,0.0,100.0,0.0,100.0,100.0,0.0,0.0,0.0,0.0,0.0,0.0,0.0,0.0,1.0,0.0,1.0,1.0,0.0,0.0,0.0,0.0,0.0,0.0,0.0,0.0,0.0,0.0,0.0,0.0,0.7690801107127843,0.0059365341805862,0.7576667756337256,0.7809281428795622,0.5289304265778247,0.0402111243385937,0.4492753623188406,0.6129032258064516,lambda_sensitivity,,,
0.3,min,0.0,0.0,0.0,0.0,1.0,0.0,1.0,1.0,0.7443433747467484,0.0115333865579227,0.7214921839953684,0.7660139027139257,0.0,0.0,0.0,0.0,0.0,0.0,0.0,0.0,100.0,0.0,100.0,100.0,0.0,0.0,0.0,0.0,0.0,0.0,0.0,0.0,1.0,0.0,1.0,1.0,0.0,0.0,0.0,0.0,0.0,0.0,0.0,0.0,0.0,0.0,0.0,0.0,1.0,0.0,1.0,1.0,1.0,0.0,1.0,1.0,lambda_sensitivity,,,
0.4,geometric,0.0,0.0,0.0,0.0,1.0,0.0,1.0,1.0,0.7275207082997729,0.0138330286652575,0.701187632478961,0.7556095047363692,0.0,0.0,0.0,0.0,0.0,0.0,0.0,0.0,100.0,0.0,100.0,100.0,0.0,0.0,0.0,0.0,0.0,0.0,0.0,0.0,1.0,0.0,1.0,1.0,0.0,0.0,0.0,0.0,0.0,0.0,0.0,0.0,0.0,0.0,0.0,0.0,0.7404266472060048,0.0105095226505297,0.7193699958298582,0.75882964970809,0.3531479835927759,0.0381818653360127,0.282051282051282,0.4285714285714285,lambda_sensitivity,,,
0.4,linear,0.0,0.0,0.0,0.0,1.0,0.0,1.0,1.0,0.7147775529756542,0.0157388763870497,0.6857841187639349,0.7455231933572146,0.0,0.0,0.0,0.0,0.0,0.0,0.0,0.0,100.0,0.0,100.0,100.0,0.0,0.0,0.0,0.0,0.0,0.0,0.0,0.0,1.0,0.0,1.0,1.0,0.0,0.0,0.0,0.0,0.0,0.0,0.0,0.0,0.0,0.0,0.0,0.0,0.6385312517227505,0.0089559525155844,0.6213189289407609,0.6564369993305251,0.4021701481544787,0.0384429313586709,0.3333333333333333,0.4814814814814814,lambda_sensitivity,,,
0.4,min,0.0,0.0,0.0,0.0,1.0,0.0,1.0,1.0,0.7443433747467484,0.0115333865579227,0.7214921839953684,0.7660139027139257,0.0,0.0,0.0,0.0,0.0,0.0,0.0,0.0,100.0,0.0,100.0,100.0,0.0,0.0,0.0,0.0,0.0,0.0,0.0,0.0,1.0,0.0,1.0,1.0,0.0,0.0,0.0,0.0,0.0,0.0,0.0,0.0,0.0,0.0,0.0,0.0,1.0,0.0,1.0,1.0,1.0,0.0,1.0,1.0,lambda_sensitivity,,,
0.5,geometric,0.0,0.0,0.0,0.0,1.0,0.0,1.0,1.0,0.7576187547853785,0.0125332372704212,0.7338721417814541,0.7814609099690546,0.0,0.0,0.0,0.0,0.0,0.0,0.0,0.0,100.0,0.0,100.0,100.0,0.0,0.0,0.0,0.0,0.0,0.0,0.0,0.0,1.0,0.0,1.0,1.0,0.0,0.0,0.0,0.0,0.0,0.0,0.0,0.0,0.0,0.0,0.0,0.0,0.6662923269391158,0.0123773183317998,0.6417152835696412,0.6883917848206837,0.2856245509661055,0.0346346118935853,0.2195121951219512,0.3515811730097442,lambda_sensitivity,,,
0.5,linear,0.0,0.0,0.0,0.0,1.0,0.0,1.0,1.0,0.7584454237932592,0.0133223352522588,0.7341740348055262,0.785468662328159,0.0,0.0,0.0,0.0,0.0,0.0,0.0,0.0,100.0,0.0,100.0,100.0,0.0,0.0,0.0,0.0,0.0,0.0,0.0,0.0,1.0,0.0,1.0,1.0,0.0,0.0,0.0,0.0,0.0,0.0,0.0,0.0,0.0,0.0,0.0,0.0,0.4655374161175129,0.0133351139050324,0.4401109320293097,0.4910778487772481,0.3051367940447815,0.0349227662125508,0.2422360248447205,0.3793103448275862,lambda_sensitivity,,,
0.5,min,0.0,0.0,0.0,0.0,1.0,0.0,1.0,1.0,0.7443433747467484,0.0115333865579227,0.7214921839953684,0.7660139027139257,0.0,0.0,0.0,0.0,0.0,0.0,0.0,0.0,100.0,0.0,100.0,100.0,0.0,0.0,0.0,0.0,0.0,0.0,0.0,0.0,1.0,0.0,1.0,1.0,0.0,0.0,0.0,0.0,0.0,0.0,0.0,0.0,0.0,0.0,0.0,0.0,1.0,0.0,1.0,1.0,1.0,0.0,1.0,1.0,lambda_sensitivity,,,
0.6,geometric,0.0,0.0,0.0,0.0,1.0,0.0,1.0,1.0,0.783361527586362,0.0113562161445364,0.7611134625045411,0.8053920846155302,0.0,0.0,0.0,0.0,0.0,0.0,0.0,0.0,100.0,0.0,100.0,100.0,0.0,0.0,0.0,0.0,0.0,0.0,0.0,0.0,1.0,0.0,1.0,1.0,0.0,0.0,0.0,0.0,0.0,0.0,0.0,0.0,0.0,0.0,0.0,0.0,0.59220771059216,0.0138015823986456,0.5645820475396162,0.6181792118432026,0.2303134088975842,0.0312670124838038,0.1695906432748538,0.2903225806451613,lambda_sensitivity,,,
0.6,linear,0.0,0.0,0.0,0.0,1.0,0.0,1.0,1.0,0.7940241288845541,0.0113886610130899,0.7718281641461973,0.8157645093252257,0.0,0.0,0.0,0.0,0.013,0.1133306835938257,0.0,0.0,99.987,0.1133306835938257,100.0,100.0,0.0,0.0,0.0,0.0,0.00013,0.0011333068359382,0.0,0.0,0.99987,0.0011333068359382,1.0,1.0,0.00013,0.0011333068359382,0.0,0.0,0.0,0.0,0.0,0.0,0.0,0.0,0.0,0.0,0.2664945227164753,0.0174389917381309,0.231993791575435,0.2999566612132597,0.2301214183079694,0.0310515060466097,0.1695906432748538,0.2903225806451613,lambda_sensitivity,,,
0.6,min,0.0,0.0,0.0,0.0,1.0,0.0,1.0,1.0,0.7443433747467484,0.0115333865579227,0.7214921839953684,0.7660139027139257,0.0,0.0,0.0,0.0,0.0,0.0,0.0,0.0,100.0,0.0,100.0,100.0,0.0,0.0,0.0,0.0,0.0,0.0,0.0,0.0,1.0,0.0,1.0,1.0,0.0,0.0,0.0,0.0,0.0,0.0,0.0,0.0,0.0,0.0,0.0,0.0,1.0,0.0,1.0,1.0,1.0,0.0,1.0,1.0,lambda_sensitivity,,,
0.7,geometric,0.0,0.0,0.0,0.0,1.0,0.0,1.0,1.0,0.8067056146037958,0.0103539461196373,0.7859185144721424,0.8274118425811605,0.0,0.0,0.0,0.0,0.0,0.0,0.0,0.0,100.0,0.0,100.0,100.0,0.0,0.0,0.0,0.0,0.0,0.0,0.0,0.0,1.0,0.0,1.0,1.0,0.0,0.0,0.0,0.0,0.0,0.0,0.0,0.0,0.0,0.0,0.0,0.0,0.5199655671392825,0.0147942344962253,0.4917559424520432,0.5483051501251042,0.1826733763933933,0.0280244312163582,0.1299435028248587,0.2422360248447205,lambda_sensitivity,,,
0.7,linear,0.00099,0.0043518776222268,0.0,0.02,0.99901,0.0043518776222268,0.98,1.0,0.8230936526911077,0.0098732777788479,0.8043329498613846,0.84179985943751,0.099,0.4351877622226851,0.0,2.0,1.49,1.2463761284032415,0.0,4.0,98.411,1.3520010750391092,95.0,100.0,0.00099,0.0043518776222268,0.0,0.02,0.0148999999999999,0.0124637612840324,0.0,0.04,0.9841100000000002,0.0135200107503911,0.95,1.0,0.01589,0.013520010750391,0.0,0.05,0.00099,0.0043518776222268,0.0,0.02,0.0,0.0,0.0,0.0,0.0863189318991365,0.0190680575382201,0.04855634832432,0.1243648790844191,0.1711245785918827,0.0275385080030565,0.1173184357541899,0.2269938650306748,lambda_sensitivity,,,
0.7,min,0.0,0.0,0.0,0.0,1.0,0.0,1.0,1.0,0.7443433747467484,0.0115333865579227,0.7214921839953684,0.7660139027139257,0.0,0.0,0.0,0.0,0.0,0.0,0.0,0.0,100.0,0.0,100.0,100.0,0.0,0.0,0.0,0.0,0.0,0.0,0.0,0.0,1.0,0.0,1.0,1.0,0.0,0.0,0.0,0.0,0.0,0.0,0.0,0.0,0.0,0.0,0.0,0.0,1.0,0.0,1.0,1.0,1.0,0.0,1.0,1.0,lambda_sensitivity,,,
0.8,geometric,0.0,0.0,0.0,0.0,1.0,0.0,1.0,1.0,0.828043955361105,0.0095721022509976,0.8099993886882034,0.8462831417092261,0.0,0.0,0.0,0.0,0.444,0.6981055445642524,0.0,2.0,99.556,0.6981055445642523,98.0,100.0,0.0,0.0,0.0,0.0,0.0044399999999999,0.0069810554456425,0.0,0.02,0.9955600000000002,0.0069810554456425,0.98,1.0,0.0044399999999999,0.0069810554456425,0.0,0.02,0.0,0.0,0.0,0.0,0.0,0.0,0.0,0.0,0.4514028065054211,0.0154450670760028,0.4217968098415345,0.4805863219349457,0.1404562230478877,0.0246733240007903,0.0989010989010989,0.1904761904761904,lambda_sensitivity,,,
0.8,linear,0.21383,0.0441336479217261,0.13,0.3,0.78617,0.0441336479217261,0.7,0.87,0.8804373330396674,0.0071101675802529,0.8666505614889914,0.8933250085399845,21.383,4.413364792172611,13.0,30.0,3.741,1.92135645069066,1.0,8.0,74.876,4.641353915202564,65.975,83.0,0.21383,0.0441336479217261,0.13,0.3,0.03741,0.0192135645069066,0.01,0.08,0.74876,0.0464135391520256,0.6597500000000001,0.83,0.25124,0.0464135391520256,0.17,0.3402499999999998,0.21383,0.0441336479217261,0.13,0.3,0.0,0.0,0.0,0.0,-0.0563486964216795,0.0189788056346875,-0.0922820593198424,-0.0188160612766984,0.1031946912442483,0.0222584143637892,0.0638297872340425,0.1495913892764598,lambda_sensitivity,,,
0.8,min,0.0,0.0,0.0,0.0,1.0,0.0,1.0,1.0,0.7443433747467484,0.0115333865579227,0.7214921839953684,0.7660139027139257,0.0,0.0,0.0,0.0,0.0,0.0,0.0,0.0,100.0,0.0,100.0,100.0,0.0,0.0,0.0,0.0,0.0,0.0,0.0,0.0,1.0,0.0,1.0,1.0,0.0,0.0,0.0,0.0,0.0,0.0,0.0,0.0,0.0,0.0,0.0,0.0,1.0,0.0,1.0,1.0,1.0,0.0,1.0,1.0,lambda_sensitivity,,,
0.9,geometric,0.0,0.0,0.0,0.0,1.0,0.0,1.0,1.0,0.8466790864767397,0.0088941412602085,0.8295108344497604,0.8634981672956441,0.0,0.0,0.0,0.0,5.386,2.370785655563283,1.0,10.0,94.614,2.370785655563283,90.0,99.0,0.0,0.0,0.0,0.0,0.05386,0.0237078565556328,0.01,0.1,0.94614,0.0237078565556328,0.9,0.99,0.05386,0.0237078565556328,0.01,0.1,0.0,0.0,0.0,0.0,0.0,0.0,0.0,0.0,0.3884359132610508,0.0158686960183456,0.3588388240200166,0.4183737489574644,0.1009469799100268,0.0215669746994306,0.0638297872340425,0.1494252873563218,lambda_sensitivity,,,
0.9,linear,0.46188,0.0472874370388341,0.37,0.55,0.53812,0.0472874370388341,0.4499999999999999,0.63,0.9127894076398806,0.0054523175967989,0.9015882637575884,0.9234924341529028,46.188,4.728743703883413,37.0,55.0,4.841,2.196940041408856,1.0,10.0,48.971,4.814076685547742,40.0,58.0,0.46188,0.0472874370388341,0.37,0.55,0.04841,0.0219694004140885,0.01,0.1,0.48971,0.0481407668554774,0.4,0.58,0.51029,0.0481407668554774,0.42,0.6,0.46188,0.0472874370388341,0.37,0.55,0.0,0.0,0.0,0.0,-0.1641875429947088,0.0182683346836365,-0.1986461818946477,-0.1273499712531927,0.0529947619271759,0.0163617862221959,0.0256410256410256,0.0869565217391304,lambda_sensitivity,,,
0.9,min,0.0,0.0,0.0,0.0,1.0,0.0,1.0,1.0,0.7443433747467484,0.0115333865579227,0.7214921839953684,0.7660139027139257,0.0,0.0,0.0,0.0,0.0,0.0,0.0,0.0,100.0,0.0,100.0,100.0,0.0,0.0,0.0,0.0,0.0,0.0,0.0,0.0,1.0,0.0,1.0,1.0,0.0,0.0,0.0,0.0,0.0,0.0,0.0,0.0,0.0,0.0,0.0,0.0,1.0,0.0,1.0,1.0,1.0,0.0,1.0,1.0,lambda_sensitivity,,,
1.0,geometric,0.0,0.0,0.0,0.0,1.0,0.0,1.0,1.0,0.8554630098888729,0.008687758409208,0.8384942801219557,0.8727291452759357,0.0,0.0,0.0,0.0,15.568,3.6535906619002527,9.0,23.0,84.432,3.653590661900252,77.0,91.0,0.0,0.0,0.0,0.0,0.15568,0.0365359066190025,0.09,0.23,0.84432,0.0365359066190025,0.77,0.91,0.15568,0.0365359066190025,0.09,0.23,0.0,0.0,0.0,0.0,0.0,0.0,0.0,0.0,0.3332521351125938,0.0161288865281872,0.3022091326105087,0.3637431192660549,0.0667819377973643,0.0183826377122792,0.0362694300518134,0.1049723756906077,lambda_sensitivity,,,
1.0,linear,0.6438899999999999,0.0445797628443137,0.55,0.73,0.35611,0.0445797628443137,0.27,0.4499999999999999,0.9200090562230662,0.0051222692994361,0.9096728296948692,0.930222442706493,64.389,4.457976284431373,55.0,73.0,5.517,2.2823058340020776,2.0,10.0,30.094,4.288304274833299,22.0,39.0,0.6438899999999999,0.0445797628443137,0.55,0.73,0.05517,0.0228230583400207,0.02,0.1,0.30094,0.0428830427483329,0.22,0.39,0.6990599999999999,0.0428830427483329,0.61,0.78,0.6438899999999999,0.0445797628443137,0.55,0.73,0.0,0.0,0.0,0.0,-0.2443238025813919,0.0173810960705322,-0.2764462383325212,-0.2090342944695225,0.0225096088651412,0.0103216338022878,0.0050251256281407,0.0471204188481675,lambda_sensitivity,,,
1.0,min,0.0,0.0,0.0,0.0,1.0,0.0,1.0,1.0,0.7443433747467484,0.0115333865579227,0.7214921839953684,0.7660139027139257,0.0,0.0,0.0,0.0,0.0,0.0,0.0,0.0,100.0,0.0,100.0,100.0,0.0,0.0,0.0,0.0,0.0,0.0,0.0,0.0,1.0,0.0,1.0,1.0,0.0,0.0,0.0,0.0,0.0,0.0,0.0,0.0,0.0,0.0,0.0,0.0,1.0,0.0,1.0,1.0,1.0,0.0,1.0,1.0,lambda_sensitivity,,,
,geometric,0.0,0.0,0.0,0.0,1.0,0.0,1.0,1.0,0.8175793524340013,0.0100344937138553,0.798411641664163,0.8366176664561961,0.0,0.0,0.0,0.0,0.011,0.1135424673498506,0.0,0.0,99.989,0.1135424673498506,100.0,100.0,0.0,0.0,0.0,0.0,0.00011,0.0011354246734985,0.0,0.0,0.99989,0.0011354246734985,1.0,1.0,0.00011,0.0011354246734985,0.0,0.0,0.0,0.0,0.0,0.0,0.0,0.0,0.0,0.0,1.0,0.0,1.0,1.0,1.0,0.0,1.0,1.0,context_noise,0.0,,
,linear,0.07748,0.0359519421191977,0.02,0.15,0.92252,0.0359519421191976,0.85,0.98,0.8502395437426117,0.0079681032393844,0.8353422132994193,0.866130931328862,7.748,3.5951942119197704,2.0,15.0,2.851,1.6660055745928866,0.0,6.0,89.401,3.943063117266416,81.0,96.02499999999998,0.07748,0.0359519421191977,0.02,0.15,0.02851,0.0166600557459288,0.0,0.06,0.89401,0.0394306311726641,0.81,0.9602499999999996,0.10599,0.0394306311726641,0.03975,0.19,0.07748,0.0359519421191977,0.02,0.15,0.0,0.0,0.0,0.0,1.0,0.0,1.0,1.0,1.0,0.0,1.0,1.0,context_noise,0.0,,
,min,0.0,0.0,0.0,0.0,1.0,0.0,1.0,1.0,0.7443433747467484,0.0115333865579227,0.7214921839953684,0.7660139027139257,0.0,0.0,0.0,0.0,0.0,0.0,0.0,0.0,100.0,0.0,100.0,100.0,0.0,0.0,0.0,0.0,0.0,0.0,0.0,0.0,1.0,0.0,1.0,1.0,0.0,0.0,0.0,0.0,0.0,0.0,0.0,0.0,0.0,0.0,0.0,0.0,1.0,0.0,1.0,1.0,1.0,0.0,1.0,1.0,context_noise,0.0,,
,geometric,0.0,0.0,0.0,0.0,1.0,0.0,1.0,1.0,0.8168910225289404,0.0100631281868876,0.7972689763220253,0.8372262744289893,0.0,0.0,0.0,0.0,0.181,0.4363822056746005,0.0,1.0,99.819,0.4363822056746005,99.0,100.0,0.0,0.0,0.0,0.0,0.00181,0.004363822056746,0.0,0.01,0.99819,0.004363822056746,0.99,1.0,0.00181,0.004363822056746,0.0,0.01,0.0,0.0,0.0,0.0,0.0,0.0,0.0,0.0,0.8515734894051815,0.0101679097013173,0.8317494019333654,0.8703201477035405,0.8819923553633005,0.030305739033279,0.8181818181818182,0.941747572815534,context_noise,0.05,,
,linear,0.09575,0.0366821902710713,0.03,0.1702499999999998,0.90425,0.0366821902710713,0.82975,0.97,0.8526903395166726,0.007913839537813,0.8383736105297734,0.8681676252259338,9.575,3.668219027107137,3.0,17.024999999999977,2.761,1.6675310071059128,0.0,6.024999999999977,87.664,3.9948796055780034,79.0,95.0,0.09575,0.0366821902710713,0.03,0.1702499999999998,0.02761,0.0166753100710591,0.0,0.0602499999999997,0.8766400000000001,0.03994879605578,0.79,0.95,0.12336,0.03994879605578,0.05,0.21,0.03285,0.020933602549865,0.0,0.08,0.063,0.0273852140752989,0.02,0.12,0.957817933933934,0.0014676723069246,0.9548260260260262,0.9605770770770772,0.8752276360235993,0.0315513068359299,0.8181818181818182,0.941747572815534,context_noise,0.05,,
,min,0.0,0.0,0.0,0.0,1.0,0.0,1.0,1.0,0.7443739854110113,0.0116848221704637,0.7217792246796864,0.7667735470459934,0.0,0.0,0.0,0.0,0.0,0.0,0.0,0.0,100.0,0.0,100.0,100.0,0.0,0.0,0.0,0.0,0.0,0.0,0.0,0.0,1.0,0.0,1.0,1.0,0.0,0.0,0.0,0.0,0.0,0.0,0.0,0.0,0.0,0.0,0.0,0.0,0.9118009877003423,0.0037366105823913,0.9042462434446954,0.9185740957993136,0.8390137388905098,0.0343551336661311,0.7699115044247787,0.9047619047619048,context_noise,0.05,,
,geometric,0.00128,0.003602023677681,0.0,0.01,0.99872,0.003602023677681,0.99,1.0,0.8155144582061989,0.0101351007692362,0.7956094691206606,0.8351274085821989,0.128,0.3602023677681002,0.0,1.0,0.701,0.8719858710778284,0.0,3.0,99.171,0.9521899315082396,97.0,100.0,0.00128,0.003602023677681,0.0,0.01,0.00701,0.0087198587107782,0.0,0.03,0.9917100000000002,0.0095218993150824,0.97,1.0,0.0082899999999999,0.0095218993150823,0.0,0.03,0.0,0.0,0.0,0.0,0.00128,0.003602023677681,0.0,0.01,0.7719280682521037,0.0134131013630523,0.7449212433784046,0.7986663126262378,0.7833428984972766,0.0383930323731514,0.7094017094017094,0.8518518518518519,context_noise,0.1,,
,linear,0.11568,0.0389725089833392,0.04,0.2,0.8843199999999999,0.0389725089833392,0.8,0.96,0.8534075563992176,0.0080632761005067,0.8379310262761286,0.8689845853903456,11.568,3.8972508983339225,4.0,20.0,2.781,1.6588522510431092,0.0,6.0,85.651,4.2286026155315275,77.0,93.0,0.11568,0.0389725089833392,0.04,0.2,0.02781,0.016588522510431,0.0,0.06,0.85651,0.0422860261553152,0.77,0.93,0.14349,0.0422860261553152,0.07,0.23,0.02599,0.018930881603303,0.0,0.07,0.0899,0.0313044720442618,0.03,0.16,0.9172450410410412,0.0027403917979498,0.9116328328328328,0.9223824824824824,0.7675903488588395,0.0388380348438798,0.6949152542372882,0.8348623853211009,context_noise,0.1,,
,min,0.0,0.0,0.0,0.0,1.0,0.0,1.0,1.0,0.7460756586334832,0.0113336246718839,0.7249887212822212,0.768927086666456,0.0,0.0,0.0,0.0,0.004,0.0631505185092568,0.0,0.0,99.996,0.0631505185092568,100.0,100.0,0.0,0.0,0.0,0.0,4e-05,0.0006315051850925,0.0,0.0,0.99996,0.0006315051850925,1.0,1.0,4e-05,0.0006315051850925,0.0,0.0,0.0,0.0,0.0,0.0,0.0,0.0,0.0,0.0,0.8328116103053221,0.0073885732897719,0.8186061229228863,0.8475920948078616,0.7141745442132724,0.0413123221628835,0.639344262295082,0.8018018018018018,context_noise,0.1,,
,geometric,0.01579,0.0127490563744317,0.0,0.04,0.98421,0.0127490563744317,0.96,1.0,0.8153463056184341,0.0097864740480527,0.7968967301670274,0.8351352876787523,1.579,1.2749056374431735,0.0,4.0,1.417,1.1825859417012827,0.0,4.0,97.004,1.714328709122881,93.0,100.0,0.01579,0.0127490563744317,0.0,0.04,0.01417,0.0118258594170128,0.0,0.04,0.9700400000000002,0.0171432870912288,0.93,1.0,0.02996,0.0171432870912288,0.0,0.07,0.0,0.0,0.0,0.0,0.01579,0.0127490563744317,0.0,0.04,0.7035600603411739,0.016441416383918,0.6695261767193762,0.7347793722260451,0.6955236255181244,0.0405246971858151,0.6260162601626016,0.7699115044247787,context_noise,0.15,,
,linear,0.13595,0.0388588150553707,0.07,0.22,0.86405,0.0388588150553707,0.78,0.93,0.8526522219690365,0.0082224442938847,0.8375350470325195,0.869380128148228,13.595,3.885881505537074,7.0,22.0,2.939,1.7361720229554711,0.0,7.0,83.466,4.189319084814906,75.0,91.0,0.13595,0.0388588150553707,0.07,0.22,0.02939,0.0173617202295547,0.0,0.07,0.83466,0.041893190848149,0.75,0.91,0.16534,0.041893190848149,0.09,0.25,0.01886,0.0169052118054222,0.0,0.06,0.11747,0.0326460543537019,0.06,0.18,0.8790057097097098,0.0041854745536232,0.8702365365365365,0.886958958958959,0.6796422071098435,0.0404311085764294,0.6,0.7543859649122807,context_noise,0.15,,
,min,5e-05,0.0007056897321046,0.0,0.0,0.99995,0.0007056897321046,1.0,1.0,0.747106382742638,0.0114016750095489,0.7253953233889195,0.7693503162980678,0.005,0.0705689732104696,0.0,0.0,0.122,0.3423933895875228,0.0,1.0,99.873,0.3478390317258717,99.0,100.0,5e-05,0.0007056897321046,0.0,0.0,0.00122,0.0034239338958752,0.0,0.01,0.99873,0.0034783903172587,0.99,1.0,0.00127,0.0034783903172587,0.0,0.01,0.0,0.0,0.0,0.0,5e-05,0.0007056897321046,0.0,0.0,0.7530712368269994,0.0109903022231563,0.7302298210030899,0.7734097673212205,0.6179844633667503,0.0433406644240305,0.5384615384615384,0.7094017094017094,context_noise,0.15,,
,geometric,0.04632,0.020695069120104,0.01,0.09,0.95368,0.020695069120104,0.91,0.99,0.8174785755260309,0.0099595005646371,0.7982533454811624,0.8364471164517109,4.632,2.069506912010409,1.0,9.0,2.226,1.4666543816029307,0.0,5.0,93.142,2.527097588583041,88.0,98.0,0.04632,0.020695069120104,0.01,0.09,0.02226,0.0146665438160293,0.0,0.05,0.93142,0.0252709758858303,0.88,0.98,0.06858,0.0252709758858304,0.02,0.12,0.0,0.0,0.0,0.0,0.04632,0.020695069120104,0.01,0.09,0.6427519526719189,0.0182047038808911,0.6082928713282216,0.6773039697212901,0.6144333656695455,0.0431667710293863,0.5384615384615384,0.6949152542372882,context_noise,0.2,,
,linear,0.15625,0.0391787247428048,0.08,0.24,0.84375,0.0391787247428048,0.76,0.92,0.8514771218318266,0.0085677310564902,0.8344348424859295,0.8682104453810232,15.625,3.9178724742804896,8.0,24.0,3.214,1.7576385559304544,0.0,7.0,81.161,4.25266553636236,73.0,90.0,0.15625,0.0391787247428048,0.08,0.24,0.03214,0.0175763855593045,0.0,0.07,0.81161,0.0425266553636236,0.73,0.9,0.18839,0.0425266553636236,0.1,0.27,0.01196,0.0136067462511631,0.0,0.05,0.14474,0.0355358297383808,0.08,0.21,0.8441918758758759,0.0052628308634962,0.8333604604604605,0.8544066066066066,0.6040523630969654,0.0413528199473287,0.5267175572519084,0.680672268907563,context_noise,0.2,,
,min,0.00219,0.0046610755867745,0.0,0.01,0.9978100000000002,0.0046610755867745,0.99,1.0,0.7495379586760405,0.0118912277944288,0.7265833901922559,0.7731207098651106,0.219,0.466107558677454,0.0,1.0,0.674,0.8260789347310622,0.0,3.0,99.107,0.9625370005758104,97.0,100.0,0.00219,0.0046610755867745,0.0,0.01,0.00674,0.0082607893473106,0.0,0.03,0.99107,0.0096253700057581,0.97,1.0,0.00893,0.0096253700057581,0.0,0.03,0.0,0.0,0.0,0.0,0.00219,0.0046610755867745,0.0,0.01,0.6781072743163439,0.0144748483889661,0.6506094908013238,0.7060754506314793,0.5389249390273337,0.0429741727361172,0.4598540145985401,0.6260162601626016,context_noise,0.2,,
0.0,geometric,0.0,0.0,0.0,0.0,1.0,0.0,1.0,1.0,0.4993410575699376,0.0226148792514691,0.4552133500391438,0.5415050752889479,0.0,0.0,0.0,0.0,0.0,0.0,0.0,0.0,100.0,0.0,100.0,100.0,0.0,0.0,0.0,0.0,0.0,0.0,0.0,0.0,1.0,0.0,1.0,1.0,0.0,0.0,0.0,0.0,0.0,0.0,0.0,0.0,0.0,0.0,0.0,0.0,1.0,0.0,1.0,1.0,1.0,0.0,1.0,1.0,population_robustness,,baseline,lambda
0.0,linear,0.0,0.0,0.0,0.0,1.0,0.0,1.0,1.0,0.4993410575699376,0.0226148792514691,0.4552133500391438,0.5415050752889479,0.0,0.0,0.0,0.0,0.0,0.0,0.0,0.0,100.0,0.0,100.0,100.0,0.0,0.0,0.0,0.0,0.0,0.0,0.0,0.0,1.0,0.0,1.0,1.0,0.0,0.0,0.0,0.0,0.0,0.0,0.0,0.0,0.0,0.0,0.0,0.0,1.0,0.0,1.0,1.0,1.0,0.0,1.0,1.0,population_robustness,,baseline,lambda
0.0,min,0.0,0.0,0.0,0.0,1.0,0.0,1.0,1.0,0.7443433747467484,0.0115333865579227,0.7214921839953684,0.7660139027139257,0.0,0.0,0.0,0.0,0.0,0.0,0.0,0.0,100.0,0.0,100.0,100.0,0.0,0.0,0.0,0.0,0.0,0.0,0.0,0.0,1.0,0.0,1.0,1.0,0.0,0.0,0.0,0.0,0.0,0.0,0.0,0.0,0.0,0.0,0.0,0.0,1.0,0.0,1.0,1.0,1.0,0.0,1.0,1.0,population_robustness,,baseline,lambda
0.1,geometric,0.0,0.0,0.0,0.0,1.0,0.0,1.0,1.0,0.5797733637581468,0.0199126446770515,0.5416351385241394,0.6176649380866766,0.0,0.0,0.0,0.0,0.0,0.0,0.0,0.0,100.0,0.0,100.0,100.0,0.0,0.0,0.0,0.0,0.0,0.0,0.0,0.0,1.0,0.0,1.0,1.0,0.0,0.0,0.0,0.0,0.0,0.0,0.0,0.0,0.0,0.0,0.0,0.0,0.944684395329441,0.0027082753714488,0.9389726855713092,0.949546080066722,0.7382732422495001,0.0404046570228393,0.6528925619834711,0.8181818181818182,population_robustness,,baseline,lambda
0.1,linear,0.0,0.0,0.0,0.0,1.0,0.0,1.0,1.0,0.5450708184914822,0.022194042523254,0.5013600901770314,0.5872497823848517,0.0,0.0,0.0,0.0,0.0,0.0,0.0,0.0,100.0,0.0,100.0,100.0,0.0,0.0,0.0,0.0,0.0,0.0,0.0,0.0,1.0,0.0,1.0,1.0,0.0,0.0,0.0,0.0,0.0,0.0,0.0,0.0,0.0,0.0,0.0,0.0,0.9317056192621658,0.0018217847540269,0.9279658701316104,0.9350806071079768,0.8407266270434723,0.0340372596648634,0.7699115044247787,0.9047619047619048,population_robustness,,baseline,lambda
0.1,min,0.0,0.0,0.0,0.0,1.0,0.0,1.0,1.0,0.7443433747467484,0.0115333865579227,0.7214921839953684,0.7660139027139257,0.0,0.0,0.0,0.0,0.0,0.0,0.0,0.0,100.0,0.0,100.0,100.0,0.0,0.0,0.0,0.0,0.0,0.0,0.0,0.0,1.0,0.0,1.0,1.0,0.0,0.0,0.0,0.0,0.0,0.0,0.0,0.0,0.0,0.0,0.0,0.0,1.0,0.0,1.0,1.0,1.0,0.0,1.0,1.0,population_robustness,,baseline,lambda
0.2,geometric,0.0,0.0,0.0,0.0,1.0,0.0,1.0,1.0,0.6442943897512325,0.0175623005880001,0.6104631008310669,0.678637858833916,0.0,0.0,0.0,0.0,0.0,0.0,0.0,0.0,100.0,0.0,100.0,100.0,0.0,0.0,0.0,0.0,0.0,0.0,0.0,0.0,1.0,0.0,1.0,1.0,0.0,0.0,0.0,0.0,0.0,0.0,0.0,0.0,0.0,0.0,0.0,0.0,0.8815861342785654,0.0055295393487805,0.8702041284403668,0.8917944120100083,0.5599546130269915,0.0424522314322076,0.4814814814814814,0.639344262295082,population_robustness,,baseline,lambda
0.2,linear,0.0,0.0,0.0,0.0,1.0,0.0,1.0,1.0,0.5991460142457615,0.0211466051490449,0.556966108318964,0.6369180011329232,0.0,0.0,0.0,0.0,0.0,0.0,0.0,0.0,100.0,0.0,100.0,100.0,0.0,0.0,0.0,0.0,0.0,0.0,0.0,0.0,1.0,0.0,1.0,1.0,0.0,0.0,0.0,0.0,0.0,0.0,0.0,0.0,0.0,0.0,0.0,0.0,0.8637972476555583,0.0036779113132843,0.8566977523119756,0.8710505282135713,0.6821978642381153,0.0407478388726794,0.6,0.7543859649122807,population_robustness,,baseline,lambda
0.2,min,0.0,0.0,0.0,0.0,1.0,0.0,1.0,1.0,0.7443433747467484,0.0115333865579227,0.7214921839953684,0.7660139027139257,0.0,0.0,0.0,0.0,0.0,0.0,0.0,0.0,100.0,0.0,100.0,100.0,0.0,0.0,0.0,0.0,0.0,0.0,0.0,0.0,1.0,0.0,1.0,1.0,0.0,0.0,0.0,0.0,0.0,0.0,0.0,0.0,0.0,0.0,0.0,0.0,1.0,0.0,1.0,1.0,1.0,0.0,1.0,1.0,population_robustness,,baseline,lambda
0.3,geometric,0.0,0.0,0.0,0.0,1.0,0.0,1.0,1.0,0.6910392302081381,0.0159995012020474,0.659726392784237,0.7202356602471286,0.0,0.0,0.0,0.0,0.0,0.0,0.0,0.0,100.0,0.0,100.0,100.0,0.0,0.0,0.0,0.0,0.0,0.0,0.0,0.0,1.0,0.0,1.0,1.0,0.0,0.0,0.0,0.0,0.0,0.0,0.0,0.0,0.0,0.0,0.0,0.0,0.8128342201834861,0.0081940411985398,0.7963831317764802,0.8277265429524602,0.4405815555647439,0.0394759673315623,0.3605442176870748,0.5151515151515151,population_robustness,,baseline,lambda
0.3,linear,0.0,0.0,0.0,0.0,1.0,0.0,1.0,1.0,0.6600623014683813,0.0192556580516189,0.6246770801219331,0.6970290936195729,0.0,0.0,0.0,0.0,0.0,0.0,0.0,0.0,100.0,0.0,100.0,100.0,0.0,0.0,0.0,0.0,0.0,0.0,0.0,0.0,1.0,0.0,1.0,1.0,0.0,0.0,0.0,0.0,0.0,0.0,0.0,0.0,0.0,0.0,0.0,0.0,0.7690801107127843,0.0059365341805862,0.7576667756337256,0.7809281428795622,0.5289304265778247,0.0402111243385936,0.4492753623188406,0.6129032258064516,population_robustness,,baseline,lambda
0.3,min,0.0,0.0,0.0,0.0,1.0,0.0,1.0,1.0,0.7443433747467484,0.0115333865579227,0.7214921839953684,0.7660139027139257,0.0,0.0,0.0,0.0,0.0,0.0,0.0,0.0,100.0,0.0,100.0,100.0,0.0,0.0,0.0,0.0,0.0,0.0,0.0,0.0,1.0,0.0,1.0,1.0,0.0,0.0,0.0,0.0,0.0,0.0,0.0,0.0,0.0,0.0,0.0,0.0,1.0,0.0,1.0,1.0,1.0,0.0,1.0,1.0,population_robustness,,baseline,lambda
0.4,geometric,0.0,0.0,0.0,0.0,1.0,0.0,1.0,1.0,0.7275207082997729,0.0138330286652575,0.701187632478961,0.7556095047363692,0.0,0.0,0.0,0.0,0.0,0.0,0.0,0.0,100.0,0.0,100.0,100.0,0.0,0.0,0.0,0.0,0.0,0.0,0.0,0.0,1.0,0.0,1.0,1.0,0.0,0.0,0.0,0.0,0.0,0.0,0.0,0.0,0.0,0.0,0.0,0.0,0.7404266472060048,0.0105095226505297,0.7193699958298582,0.75882964970809,0.353147983592776,0.0381818653360127,0.282051282051282,0.4285714285714285,population_robustness,,baseline,lambda
0.4,linear,0.0,0.0,0.0,0.0,1.0,0.0,1.0,1.0,0.7147775529756542,0.0157388763870497,0.6857841187639349,0.7455231933572146,0.0,0.0,0.0,0.0,0.0,0.0,0.0,0.0,100.0,0.0,100.0,100.0,0.0,0.0,0.0,0.0,0.0,0.0,0.0,0.0,1.0,0.0,1.0,1.0,0.0,0.0,0.0,0.0,0.0,0.0,0.0,0.0,0.0,0.0,0.0,0.0,0.6385312517227505,0.0089559525155844,0.6213189289407609,0.6564369993305251,0.4021701481544787,0.0384429313586709,0.3333333333333333,0.4814814814814814,population_robustness,,baseline,lambda
0.4,min,0.0,0.0,0.0,0.0,1.0,0.0,1.0,1.0,0.7443433747467484,0.0115333865579227,0.7214921839953684,0.7660139027139257,0.0,0.0,0.0,0.0,0.0,0.0,0.0,0.0,100.0,0.0,100.0,100.0,0.0,0.0,0.0,0.0,0.0,0.0,0.0,0.0,1.0,0.0,1.0,1.0,0.0,0.0,0.0,0.0,0.0,0.0,0.0,0.0,0.0,0.0,0.0,0.0,1.0,0.0,1.0,1.0,1.0,0.0,1.0,1.0,population_robustness,,baseline,lambda
0.5,geometric,0.0,0.0,0.0,0.0,1.0,0.0,1.0,1.0,0.7576187547853785,0.0125332372704212,0.7338721417814541,0.7814609099690546,0.0,0.0,0.0,0.0,0.0,0.0,0.0,0.0,100.0,0.0,100.0,100.0,0.0,0.0,0.0,0.0,0.0,0.0,0.0,0.0,1.0,0.0,1.0,1.0,0.0,0.0,0.0,0.0,0.0,0.0,0.0,0.0,0.0,0.0,0.0,0.0,0.6662923269391158,0.0123773183317998,0.6417152835696412,0.6883917848206837,0.2856245509661055,0.0346346118935853,0.2195121951219512,0.3515811730097442,population_robustness,,baseline,lambda
0.5,linear,0.0,0.0,0.0,0.0,1.0,0.0,1.0,1.0,0.7584454237932592,0.0133223352522588,0.7341740348055262,0.785468662328159,0.0,0.0,0.0,0.0,0.0,0.0,0.0,0.0,100.0,0.0,100.0,100.0,0.0,0.0,0.0,0.0,0.0,0.0,0.0,0.0,1.0,0.0,1.0,1.0,0.0,0.0,0.0,0.0,0.0,0.0,0.0,0.0,0.0,0.0,0.0,0.0,0.4655374161175129,0.0133351139050324,0.4401109320293097,0.4910778487772481,0.3051367940447815,0.0349227662125508,0.2422360248447205,0.3793103448275862,population_robustness,,baseline,lambda
0.5,min,0.0,0.0,0.0,0.0,1.0,0.0,1.0,1.0,0.7443433747467484,0.0115333865579227,0.7214921839953684,0.7660139027139257,0.0,0.0,0.0,0.0,0.0,0.0,0.0,0.0,100.0,0.0,100.0,100.0,0.0,0.0,0.0,0.0,0.0,0.0,0.0,0.0,1.0,0.0,1.0,1.0,0.0,0.0,0.0,0.0,0.0,0.0,0.0,0.0,0.0,0.0,0.0,0.0,1.0,0.0,1.0,1.0,1.0,0.0,1.0,1.0,population_robustness,,baseline,lambda
0.6,geometric,0.0,0.0,0.0,0.0,1.0,0.0,1.0,1.0,0.783361527586362,0.0113562161445364,0.7611134625045411,0.8053920846155302,0.0,0.0,0.0,0.0,0.0,0.0,0.0,0.0,100.0,0.0,100.0,100.0,0.0,0.0,0.0,0.0,0.0,0.0,0.0,0.0,1.0,0.0,1.0,1.0,0.0,0.0,0.0,0.0,0.0,0.0,0.0,0.0,0.0,0.0,0.0,0.0,0.59220771059216,0.0138015823986456,0.5645820475396162,0.6181792118432026,0.2303134088975842,0.0312670124838038,0.1695906432748538,0.2903225806451613,population_robustness,,baseline,lambda
0.6,linear,0.0,0.0,0.0,0.0,1.0,0.0,1.0,1.0,0.7940241288845541,0.0113886610130899,0.7718281641461973,0.8157645093252257,0.0,0.0,0.0,0.0,0.013,0.1133306835938257,0.0,0.0,99.987,0.1133306835938257,100.0,100.0,0.0,0.0,0.0,0.0,0.00013,0.0011333068359382,0.0,0.0,0.99987,0.0011333068359382,1.0,1.0,0.00013,0.0011333068359382,0.0,0.0,0.0,0.0,0.0,0.0,0.0,0.0,0.0,0.0,0.2664945227164753,0.0174389917381309,0.231993791575435,0.2999566612132597,0.2301214183079695,0.0310515060466097,0.1695906432748538,0.2903225806451613,population_robustness,,baseline,lambda
0.6,min,0.0,0.0,0.0,0.0,1.0,0.0,1.0,1.0,0.7443433747467484,0.0115333865579227,0.7214921839953684,0.7660139027139257,0.0,0.0,0.0,0.0,0.0,0.0,0.0,0.0,100.0,0.0,100.0,100.0,0.0,0.0,0.0,0.0,0.0,0.0,0.0,0.0,1.0,0.0,1.0,1.0,0.0,0.0,0.0,0.0,0.0,0.0,0.0,0.0,0.0,0.0,0.0,0.0,1.0,0.0,1.0,1.0,1.0,0.0,1.0,1.0,population_robustness,,baseline,lambda
0.7,geometric,0.0,0.0,0.0,0.0,1.0,0.0,1.0,1.0,0.8067056146037958,0.0103539461196373,0.7859185144721424,0.8274118425811605,0.0,0.0,0.0,0.0,0.0,0.0,0.0,0.0,100.0,0.0,100.0,100.0,0.0,0.0,0.0,0.0,0.0,0.0,0.0,0.0,1.0,0.0,1.0,1.0,0.0,0.0,0.0,0.0,0.0,0.0,0.0,0.0,0.0,0.0,0.0,0.0,0.5199655671392825,0.0147942344962253,0.4917559424520433,0.5483051501251042,0.1826733763933933,0.0280244312163582,0.1299435028248587,0.2422360248447205,population_robustness,,baseline,lambda
0.7,linear,0.00099,0.0043518776222268,0.0,0.02,0.99901,0.0043518776222268,0.98,1.0,0.8230936526911077,0.0098732777788479,0.8043329498613846,0.84179985943751,0.099,0.4351877622226851,0.0,2.0,1.49,1.2463761284032415,0.0,4.0,98.411,1.3520010750391092,95.0,100.0,0.00099,0.0043518776222268,0.0,0.02,0.0148999999999999,0.0124637612840324,0.0,0.04,0.9841100000000002,0.0135200107503911,0.95,1.0,0.01589,0.013520010750391,0.0,0.05,0.00099,0.0043518776222268,0.0,0.02,0.0,0.0,0.0,0.0,0.0863189318991365,0.0190680575382201,0.04855634832432,0.1243648790844192,0.1711245785918828,0.0275385080030565,0.1173184357541899,0.2269938650306748,population_robustness,,baseline,lambda
0.7,min,0.0,0.0,0.0,0.0,1.0,0.0,1.0,1.0,0.7443433747467484,0.0115333865579227,0.7214921839953684,0.7660139027139257,0.0,0.0,0.0,0.0,0.0,0.0,0.0,0.0,100.0,0.0,100.0,100.0,0.0,0.0,0.0,0.0,0.0,0.0,0.0,0.0,1.0,0.0,1.0,1.0,0.0,0.0,0.0,0.0,0.0,0.0,0.0,0.0,0.0,0.0,0.0,0.0,1.0,0.0,1.0,1.0,1.0,0.0,1.0,1.0,population_robustness,,baseline,lambda
0.8,geometric,0.0,0.0,0.0,0.0,1.0,0.0,1.0,1.0,0.828043955361105,0.0095721022509976,0.8099993886882034,0.8462831417092261,0.0,0.0,0.0,0.0,0.444,0.6981055445642524,0.0,2.0,99.556,0.6981055445642523,98.0,100.0,0.0,0.0,0.0,0.0,0.0044399999999999,0.0069810554456425,0.0,0.02,0.9955600000000002,0.0069810554456425,0.98,1.0,0.0044399999999999,0.0069810554456425,0.0,0.02,0.0,0.0,0.0,0.0,0.0,0.0,0.0,0.0,0.4514028065054211,0.0154450670760028,0.4217968098415345,0.4805863219349457,0.1404562230478877,0.0246733240007903,0.0989010989010989,0.1904761904761904,population_robustness,,baseline,lambda
0.8,linear,0.21383,0.0441336479217261,0.13,0.3,0.78617,0.0441336479217261,0.7,0.87,0.8804373330396674,0.0071101675802529,0.8666505614889914,0.8933250085399845,21.383,4.413364792172611,13.0,30.0,3.741,1.92135645069066,1.0,8.0,74.876,4.641353915202564,65.975,83.0,0.21383,0.0441336479217261,0.13,0.3,0.03741,0.0192135645069066,0.01,0.08,0.74876,0.0464135391520256,0.6597500000000001,0.83,0.25124,0.0464135391520256,0.17,0.3402499999999998,0.21383,0.0441336479217261,0.13,0.3,0.0,0.0,0.0,0.0,-0.0563486964216795,0.0189788056346875,-0.0922820593198424,-0.0188160612766985,0.1031946912442483,0.0222584143637892,0.0638297872340425,0.1495913892764599,population_robustness,,baseline,lambda
0.8,min,0.0,0.0,0.0,0.0,1.0,0.0,1.0,1.0,0.7443433747467484,0.0115333865579227,0.7214921839953684,0.7660139027139257,0.0,0.0,0.0,0.0,0.0,0.0,0.0,0.0,100.0,0.0,100.0,100.0,0.0,0.0,0.0,0.0,0.0,0.0,0.0,0.0,1.0,0.0,1.0,1.0,0.0,0.0,0.0,0.0,0.0,0.0,0.0,0.0,0.0,0.0,0.0,0.0,1.0,0.0,1.0,1.0,1.0,0.0,1.0,1.0,population_robustness,,baseline,lambda
0.9,geometric,0.0,0.0,0.0,0.0,1.0,0.0,1.0,1.0,0.8466790864767397,0.0088941412602085,0.8295108344497604,0.8634981672956441,0.0,0.0,0.0,0.0,5.386,2.370785655563283,1.0,10.0,94.614,2.370785655563283,90.0,99.0,0.0,0.0,0.0,0.0,0.05386,0.0237078565556328,0.01,0.1,0.94614,0.0237078565556328,0.9,0.99,0.05386,0.0237078565556328,0.01,0.1,0.0,0.0,0.0,0.0,0.0,0.0,0.0,0.0,0.3884359132610508,0.0158686960183456,0.3588388240200166,0.4183737489574645,0.1009469799100268,0.0215669746994306,0.0638297872340425,0.1494252873563218,population_robustness,,baseline,lambda
0.9,linear,0.46188,0.0472874370388341,0.37,0.55,0.5381200000000002,0.0472874370388341,0.4499999999999999,0.63,0.9127894076398806,0.0054523175967989,0.9015882637575884,0.9234924341529026,46.188,4.728743703883413,37.0,55.0,4.841,2.196940041408856,1.0,10.0,48.971,4.814076685547742,40.0,58.0,0.46188,0.0472874370388341,0.37,0.55,0.04841,0.0219694004140885,0.01,0.1,0.48971,0.0481407668554774,0.4,0.58,0.51029,0.0481407668554774,0.42,0.6,0.46188,0.0472874370388341,0.37,0.55,0.0,0.0,0.0,0.0,-0.1641875429947088,0.0182683346836365,-0.1986461818946478,-0.1273499712531927,0.0529947619271759,0.0163617862221959,0.0256410256410256,0.0869565217391304,population_robustness,,baseline,lambda
0.9,min,0.0,0.0,0.0,0.0,1.0,0.0,1.0,1.0,0.7443433747467484,0.0115333865579227,0.7214921839953684,0.7660139027139257,0.0,0.0,0.0,0.0,0.0,0.0,0.0,0.0,100.0,0.0,100.0,100.0,0.0,0.0,0.0,0.0,0.0,0.0,0.0,0.0,1.0,0.0,1.0,1.0,0.0,0.0,0.0,0.0,0.0,0.0,0.0,0.0,0.0,0.0,0.0,0.0,1.0,0.0,1.0,1.0,1.0,0.0,1.0,1.0,population_robustness,,baseline,lambda
1.0,geometric,0.0,0.0,0.0,0.0,1.0,0.0,1.0,1.0,0.8554630098888729,0.008687758409208,0.8384942801219557,0.8727291452759357,0.0,0.0,0.0,0.0,15.568,3.6535906619002527,9.0,23.0,84.432,3.653590661900252,77.0,91.0,0.0,0.0,0.0,0.0,0.15568,0.0365359066190025,0.09,0.23,0.84432,0.0365359066190025,0.77,0.91,0.15568,0.0365359066190025,0.09,0.23,0.0,0.0,0.0,0.0,0.0,0.0,0.0,0.0,0.3332521351125938,0.0161288865281872,0.3022091326105087,0.3637431192660549,0.0667819377973644,0.0183826377122792,0.0362694300518134,0.1049723756906077,population_robustness,,baseline,lambda
1.0,linear,0.6438899999999999,0.0445797628443137,0.55,0.73,0.35611,0.0445797628443137,0.27,0.4499999999999999,0.9200090562230662,0.0051222692994361,0.9096728296948694,0.9302224427064932,64.389,4.457976284431373,55.0,73.0,5.517,2.2823058340020776,2.0,10.0,30.094,4.288304274833299,22.0,39.0,0.6438899999999999,0.0445797628443137,0.55,0.73,0.05517,0.0228230583400207,0.02,0.1,0.30094,0.0428830427483329,0.22,0.39,0.6990599999999999,0.0428830427483329,0.61,0.78,0.6438899999999999,0.0445797628443137,0.55,0.73,0.0,0.0,0.0,0.0,-0.244323802581392,0.0173810960705322,-0.2764462383325212,-0.2090342944695226,0.0225096088651413,0.0103216338022878,0.0050251256281407,0.0471204188481675,population_robustness,,baseline,lambda
1.0,min,0.0,0.0,0.0,0.0,1.0,0.0,1.0,1.0,0.7443433747467484,0.0115333865579227,0.7214921839953684,0.7660139027139257,0.0,0.0,0.0,0.0,0.0,0.0,0.0,0.0,100.0,0.0,100.0,100.0,0.0,0.0,0.0,0.0,0.0,0.0,0.0,0.0,1.0,0.0,1.0,1.0,0.0,0.0,0.0,0.0,0.0,0.0,0.0,0.0,0.0,0.0,0.0,0.0,1.0,0.0,1.0,1.0,1.0,0.0,1.0,1.0,population_robustness,,baseline,lambda
0.0,geometric,0.0,0.0,0.0,0.0,1.0,0.0,1.0,1.0,0.4993410575699376,0.0226148792514691,0.4552133500391438,0.5415050752889479,0.0,0.0,0.0,0.0,0.0,0.0,0.0,0.0,100.0,0.0,100.0,100.0,0.0,0.0,0.0,0.0,0.0,0.0,0.0,0.0,1.0,0.0,1.0,1.0,0.0,0.0,0.0,0.0,0.0,0.0,0.0,0.0,0.0,0.0,0.0,0.0,1.0,0.0,1.0,1.0,1.0,0.0,1.0,1.0,population_robustness,,high_r_overlap,lambda
0.0,linear,0.0,0.0,0.0,0.0,1.0,0.0,1.0,1.0,0.4993410575699376,0.0226148792514691,0.4552133500391438,0.5415050752889479,0.0,0.0,0.0,0.0,0.0,0.0,0.0,0.0,100.0,0.0,100.0,100.0,0.0,0.0,0.0,0.0,0.0,0.0,0.0,0.0,1.0,0.0,1.0,1.0,0.0,0.0,0.0,0.0,0.0,0.0,0.0,0.0,0.0,0.0,0.0,0.0,1.0,0.0,1.0,1.0,1.0,0.0,1.0,1.0,population_robustness,,high_r_overlap,lambda
0.0,min,0.0,0.0,0.0,0.0,1.0,0.0,1.0,1.0,0.7443433747467484,0.0115333865579227,0.7214921839953684,0.7660139027139257,0.0,0.0,0.0,0.0,0.0,0.0,0.0,0.0,100.0,0.0,100.0,100.0,0.0,0.0,0.0,0.0,0.0,0.0,0.0,0.0,1.0,0.0,1.0,1.0,0.0,0.0,0.0,0.0,0.0,0.0,0.0,0.0,0.0,0.0,0.0,0.0,1.0,0.0,1.0,1.0,1.0,0.0,1.0,1.0,population_robustness,,high_r_overlap,lambda
0.1,geometric,0.0,0.0,0.0,0.0,1.0,0.0,1.0,1.0,0.5797733637581468,0.0199126446770515,0.5416351385241394,0.6176649380866766,0.0,0.0,0.0,0.0,0.0,0.0,0.0,0.0,100.0,0.0,100.0,100.0,0.0,0.0,0.0,0.0,0.0,0.0,0.0,0.0,1.0,0.0,1.0,1.0,0.0,0.0,0.0,0.0,0.0,0.0,0.0,0.0,0.0,0.0,0.0,0.0,0.944684395329441,0.0027082753714488,0.9389726855713092,0.949546080066722,0.7382732422495001,0.0404046570228393,0.6528925619834711,0.8181818181818182,population_robustness,,high_r_overlap,lambda
0.1,linear,0.0,0.0,0.0,0.0,1.0,0.0,1.0,1.0,0.5450708184914822,0.022194042523254,0.5013600901770314,0.5872497823848517,0.0,0.0,0.0,0.0,0.0,0.0,0.0,0.0,100.0,0.0,100.0,100.0,0.0,0.0,0.0,0.0,0.0,0.0,0.0,0.0,1.0,0.0,1.0,1.0,0.0,0.0,0.0,0.0,0.0,0.0,0.0,0.0,0.0,0.0,0.0,0.0,0.9342562390857944,0.0013554963349391,0.931642352184312,0.9368543367998564,0.8407266270434723,0.0340372596648634,0.7699115044247787,0.9047619047619048,population_robustness,,high_r_overlap,lambda
0.1,min,0.0,0.0,0.0,0.0,1.0,0.0,1.0,1.0,0.7443433747467484,0.0115333865579227,0.7214921839953684,0.7660139027139257,0.0,0.0,0.0,0.0,0.0,0.0,0.0,0.0,100.0,0.0,100.0,100.0,0.0,0.0,0.0,0.0,0.0,0.0,0.0,0.0,1.0,0.0,1.0,1.0,0.0,0.0,0.0,0.0,0.0,0.0,0.0,0.0,0.0,0.0,0.0,0.0,1.0,0.0,1.0,1.0,1.0,0.0,1.0,1.0,population_robustness,,high_r_overlap,lambda
0.2,geometric,0.0,0.0,0.0,0.0,1.0,0.0,1.0,1.0,0.6442943897512325,0.0175623005880001,0.6104631008310669,0.678637858833916,0.0,0.0,0.0,0.0,0.0,0.0,0.0,0.0,100.0,0.0,100.0,100.0,0.0,0.0,0.0,0.0,0.0,0.0,0.0,0.0,1.0,0.0,1.0,1.0,0.0,0.0,0.0,0.0,0.0,0.0,0.0,0.0,0.0,0.0,0.0,0.0,0.8815861342785654,0.0055295393487805,0.8702041284403668,0.8917944120100083,0.5599546130269915,0.0424522314322076,0.4814814814814814,0.639344262295082,population_robustness,,high_r_overlap,lambda
0.2,linear,0.0,0.0,0.0,0.0,1.0,0.0,1.0,1.0,0.5991460142457615,0.0211466051490449,0.556966108318964,0.6369180011329232,0.0,0.0,0.0,0.0,0.0,0.0,0.0,0.0,100.0,0.0,100.0,100.0,0.0,0.0,0.0,0.0,0.0,0.0,0.0,0.0,1.0,0.0,1.0,1.0,0.0,0.0,0.0,0.0,0.0,0.0,0.0,0.0,0.0,0.0,0.0,0.0,0.8759114077204478,0.002907137420418,0.8702426808137332,0.881653474258585,0.6821978642381153,0.0407478388726794,0.6,0.7543859649122807,population_robustness,,high_r_overlap,lambda
0.2,min,0.0,0.0,0.0,0.0,1.0,0.0,1.0,1.0,0.7443433747467484,0.0115333865579227,0.7214921839953684,0.7660139027139257,0.0,0.0,0.0,0.0,0.0,0.0,0.0,0.0,100.0,0.0,100.0,100.0,0.0,0.0,0.0,0.0,0.0,0.0,0.0,0.0,1.0,0.0,1.0,1.0,0.0,0.0,0.0,0.0,0.0,0.0,0.0,0.0,0.0,0.0,0.0,0.0,1.0,0.0,1.0,1.0,1.0,0.0,1.0,1.0,population_robustness,,high_r_overlap,lambda
0.3,geometric,0.0,0.0,0.0,0.0,1.0,0.0,1.0,1.0,0.6910392302081381,0.0159995012020474,0.659726392784237,0.7202356602471286,0.0,0.0,0.0,0.0,0.0,0.0,0.0,0.0,100.0,0.0,100.0,100.0,0.0,0.0,0.0,0.0,0.0,0.0,0.0,0.0,1.0,0.0,1.0,1.0,0.0,0.0,0.0,0.0,0.0,0.0,0.0,0.0,0.0,0.0,0.0,0.0,0.8128342201834861,0.0081940411985398,0.7963831317764802,0.8277265429524602,0.4405815555647439,0.0394759673315623,0.3605442176870748,0.5151515151515151,population_robustness,,high_r_overlap,lambda
0.3,linear,0.0,0.0,0.0,0.0,1.0,0.0,1.0,1.0,0.6600623014683813,0.0192556580516189,0.6246770801219331,0.6970290936195729,0.0,0.0,0.0,0.0,0.0,0.0,0.0,0.0,100.0,0.0,100.0,100.0,0.0,0.0,0.0,0.0,0.0,0.0,0.0,0.0,1.0,0.0,1.0,1.0,0.0,0.0,0.0,0.0,0.0,0.0,0.0,0.0,0.0,0.0,0.0,0.0,0.801628257934879,0.0048445042559837,0.7923775511849525,0.8113499107066879,0.5289304265778247,0.0402111243385936,0.4492753623188406,0.6129032258064516,population_robustness,,high_r_overlap,lambda
0.3,min,0.0,0.0,0.0,0.0,1.0,0.0,1.0,1.0,0.7443433747467484,0.0115333865579227,0.7214921839953684,0.7660139027139257,0.0,0.0,0.0,0.0,0.0,0.0,0.0,0.0,100.0,0.0,100.0,100.0,0.0,0.0,0.0,0.0,0.0,0.0,0.0,0.0,1.0,0.0,1.0,1.0,0.0,0.0,0.0,0.0,0.0,0.0,0.0,0.0,0.0,0.0,0.0,0.0,1.0,0.0,1.0,1.0,1.0,0.0,1.0,1.0,population_robustness,,high_r_overlap,lambda
0.4,geometric,0.0,0.0,0.0,0.0,1.0,0.0,1.0,1.0,0.7275207082997729,0.0138330286652575,0.701187632478961,0.7556095047363692,0.0,0.0,0.0,0.0,0.0,0.0,0.0,0.0,100.0,0.0,100.0,100.0,0.0,0.0,0.0,0.0,0.0,0.0,0.0,0.0,1.0,0.0,1.0,1.0,0.0,0.0,0.0,0.0,0.0,0.0,0.0,0.0,0.0,0.0,0.0,0.0,0.7404266472060048,0.0105095226505297,0.7193699958298582,0.75882964970809,0.353147983592776,0.0381818653360127,0.282051282051282,0.4285714285714285,population_robustness,,high_r_overlap,lambda
0.4,linear,0.0,0.0,0.0,0.0,1.0,0.0,1.0,1.0,0.7147775529756542,0.0157388763870497,0.6857841187639349,0.7455231933572146,0.0,0.0,0.0,0.0,0.0,0.0,0.0,0.0,100.0,0.0,100.0,100.0,0.0,0.0,0.0,0.0,0.0,0.0,0.0,0.0,1.0,0.0,1.0,1.0,0.0,0.0,0.0,0.0,0.0,0.0,0.0,0.0,0.0,0.0,0.0,0.0,0.7081400583383299,0.0073919120550728,0.693752030542357,0.7230478380709225,0.4021701481544787,0.0384429313586709,0.3333333333333333,0.4814814814814814,population_robustness,,high_r_overlap,lambda
0.4,min,0.0,0.0,0.0,0.0,1.0,0.0,1.0,1.0,0.7443433747467484,0.0115333865579227,0.7214921839953684,0.7660139027139257,0.0,0.0,0.0,0.0,0.0,0.0,0.0,0.0,100.0,0.0,100.0,100.0,0.0,0.0,0.0,0.0,0.0,0.0,0.0,0.0,1.0,0.0,1.0,1.0,0.0,0.0,0.0,0.0,0.0,0.0,0.0,0.0,0.0,0.0,0.0,0.0,1.0,0.0,1.0,1.0,1.0,0.0,1.0,1.0,population_robustness,,high_r_overlap,lambda
0.5,geometric,0.0,0.0,0.0,0.0,1.0,0.0,1.0,1.0,0.7576187547853785,0.0125332372704212,0.7338721417814541,0.7814609099690546,0.0,0.0,0.0,0.0,0.0,0.0,0.0,0.0,100.0,0.0,100.0,100.0,0.0,0.0,0.0,0.0,0.0,0.0,0.0,0.0,1.0,0.0,1.0,1.0,0.0,0.0,0.0,0.0,0.0,0.0,0.0,0.0,0.0,0.0,0.0,0.0,0.6662923269391158,0.0123773183317998,0.6417152835696412,0.6883917848206837,0.2856245509661055,0.0346346118935853,0.2195121951219512,0.3515811730097442,population_robustness,,high_r_overlap,lambda
0.5,linear,0.0,0.0,0.0,0.0,1.0,0.0,1.0,1.0,0.7584454237932592,0.0133223352522588,0.7341740348055262,0.785468662328159,0.0,0.0,0.0,0.0,0.0,0.0,0.0,0.0,100.0,0.0,100.0,100.0,0.0,0.0,0.0,0.0,0.0,0.0,0.0,0.0,1.0,0.0,1.0,1.0,0.0,0.0,0.0,0.0,0.0,0.0,0.0,0.0,0.0,0.0,0.0,0.0,0.5938583897072189,0.0107400418708863,0.5724052399228859,0.6153598795762262,0.3051367940447815,0.0349227662125508,0.2422360248447205,0.3793103448275862,population_robustness,,high_r_overlap,lambda
0.5,min,0.0,0.0,0.0,0.0,1.0,0.0,1.0,1.0,0.7443433747467484,0.0115333865579227,0.7214921839953684,0.7660139027139257,0.0,0.0,0.0,0.0,0.0,0.0,0.0,0.0,100.0,0.0,100.0,100.0,0.0,0.0,0.0,0.0,0.0,0.0,0.0,0.0,1.0,0.0,1.0,1.0,0.0,0.0,0.0,0.0,0.0,0.0,0.0,0.0,0.0,0.0,0.0,0.0,1.0,0.0,1.0,1.0,1.0,0.0,1.0,1.0,population_robustness,,high_r_overlap,lambda
0.6,geometric,0.0,0.0,0.0,0.0,1.0,0.0,1.0,1.0,0.783361527586362,0.0113562161445364,0.7611134625045411,0.8053920846155302,0.0,0.0,0.0,0.0,0.0,0.0,0.0,0.0,100.0,0.0,100.0,100.0,0.0,0.0,0.0,0.0,0.0,0.0,0.0,0.0,1.0,0.0,1.0,1.0,0.0,0.0,0.0,0.0,0.0,0.0,0.0,0.0,0.0,0.0,0.0,0.0,0.59220771059216,0.0138015823986456,0.5645820475396162,0.6181792118432026,0.2303134088975842,0.0312670124838038,0.1695906432748538,0.2903225806451613,population_robustness,,high_r_overlap,lambda
0.6,linear,0.0,0.0,0.0,0.0,1.0,0.0,1.0,1.0,0.7940241288845541,0.0113886610130899,0.7718281641461973,0.8157645093252257,0.0,0.0,0.0,0.0,0.013,0.1133306835938257,0.0,0.0,99.987,0.1133306835938257,100.0,100.0,0.0,0.0,0.0,0.0,0.00013,0.0011333068359382,0.0,0.0,0.99987,0.0011333068359382,1.0,1.0,0.00013,0.0011333068359382,0.0,0.0,0.0,0.0,0.0,0.0,0.0,0.0,0.0,0.0,0.4623085313763108,0.0147321252333724,0.4326517259795677,0.4906840384931845,0.2301214183079695,0.0310515060466097,0.1695906432748538,0.2903225806451613,population_robustness,,high_r_overlap,lambda
0.6,min,0.0,0.0,0.0,0.0,1.0,0.0,1.0,1.0,0.7443433747467484,0.0115333865579227,0.7214921839953684,0.7660139027139257,0.0,0.0,0.0,0.0,0.0,0.0,0.0,0.0,100.0,0.0,100.0,100.0,0.0,0.0,0.0,0.0,0.0,0.0,0.0,0.0,1.0,0.0,1.0,1.0,0.0,0.0,0.0,0.0,0.0,0.0,0.0,0.0,0.0,0.0,0.0,0.0,1.0,0.0,1.0,1.0,1.0,0.0,1.0,1.0,population_robustness,,high_r_overlap,lambda
0.7,geometric,0.0,0.0,0.0,0.0,1.0,0.0,1.0,1.0,0.8067056146037958,0.0103539461196373,0.7859185144721424,0.8274118425811605,0.0,0.0,0.0,0.0,0.0,0.0,0.0,0.0,100.0,0.0,100.0,100.0,0.0,0.0,0.0,0.0,0.0,0.0,0.0,0.0,1.0,0.0,1.0,1.0,0.0,0.0,0.0,0.0,0.0,0.0,0.0,0.0,0.0,0.0,0.0,0.0,0.5199655671392825,0.0147942344962253,0.4917559424520433,0.5483051501251042,0.1826733763933933,0.0280244312163582,0.1299435028248587,0.2422360248447205,population_robustness,,high_r_overlap,lambda
0.7,linear,0.0,0.0,0.0,0.0,1.0,0.0,1.0,1.0,0.8228420133919194,0.0101045234755131,0.8031658936583043,0.84179985943751,0.0,0.0,0.0,0.0,1.495,1.2528146489184042,0.0,4.0,98.505,1.2528146489184044,96.0,100.0,0.0,0.0,0.0,0.0,0.01495,0.012528146489184,0.0,0.04,0.98505,0.012528146489184,0.96,1.0,0.01495,0.012528146489184,0.0,0.04,0.0,0.0,0.0,0.0,0.0,0.0,0.0,0.0,0.3260711517880866,0.0182714852106181,0.2893677105012982,0.3605567597969731,0.171233714787161,0.0275313740527674,0.1173184357541899,0.2269938650306748,population_robustness,,high_r_overlap,lambda
0.7,min,0.0,0.0,0.0,0.0,1.0,0.0,1.0,1.0,0.7443433747467484,0.0115333865579227,0.7214921839953684,0.7660139027139257,0.0,0.0,0.0,0.0,0.0,0.0,0.0,0.0,100.0,0.0,100.0,100.0,0.0,0.0,0.0,0.0,0.0,0.0,0.0,0.0,1.0,0.0,1.0,1.0,0.0,0.0,0.0,0.0,0.0,0.0,0.0,0.0,0.0,0.0,0.0,0.0,1.0,0.0,1.0,1.0,1.0,0.0,1.0,1.0,population_robustness,,high_r_overlap,lambda
0.8,geometric,0.0,0.0,0.0,0.0,1.0,0.0,1.0,1.0,0.828043955361105,0.0095721022509976,0.8099993886882034,0.8462831417092261,0.0,0.0,0.0,0.0,0.444,0.6981055445642524,0.0,2.0,99.556,0.6981055445642523,98.0,100.0,0.0,0.0,0.0,0.0,0.0044399999999999,0.0069810554456425,0.0,0.02,0.9955600000000002,0.0069810554456425,0.98,1.0,0.0044399999999999,0.0069810554456425,0.0,0.02,0.0,0.0,0.0,0.0,0.0,0.0,0.0,0.0,0.4514028065054211,0.0154450670760028,0.4217968098415345,0.4805863219349457,0.1404562230478877,0.0246733240007903,0.0989010989010989,0.1904761904761904,population_robustness,,high_r_overlap,lambda
0.8,linear,0.01332,0.0115373615142592,0.0,0.04,0.98668,0.0115373615142592,0.96,1.0,0.8452784518100794,0.0088527198902883,0.827603526982433,0.8622736086936714,1.332,1.153736151425926,0.0,4.0,5.77,2.384698468734944,2.0,11.0,92.898,2.6526651942212065,87.0,98.0,0.01332,0.0115373615142592,0.0,0.04,0.0577,0.0238469846873494,0.02,0.11,0.92898,0.026526651942212,0.87,0.98,0.07102,0.026526651942212,0.02,0.13,0.01332,0.0115373615142592,0.0,0.04,0.0,0.0,0.0,0.0,0.1996378850653926,0.0204239382967546,0.158526056885124,0.2392989468058857,0.1232638083570134,0.0233385205296595,0.081081081081081,0.1697626418988646,population_robustness,,high_r_overlap,lambda
0.8,min,0.0,0.0,0.0,0.0,1.0,0.0,1.0,1.0,0.7443433747467484,0.0115333865579227,0.7214921839953684,0.7660139027139257,0.0,0.0,0.0,0.0,0.0,0.0,0.0,0.0,100.0,0.0,100.0,100.0,0.0,0.0,0.0,0.0,0.0,0.0,0.0,0.0,1.0,0.0,1.0,1.0,0.0,0.0,0.0,0.0,0.0,0.0,0.0,0.0,0.0,0.0,0.0,0.0,1.0,0.0,1.0,1.0,1.0,0.0,1.0,1.0,population_robustness,,high_r_overlap,lambda
0.9,geometric,0.0,0.0,0.0,0.0,1.0,0.0,1.0,1.0,0.8466790864767397,0.0088941412602085,0.8295108344497604,0.8634981672956441,0.0,0.0,0.0,0.0,5.386,2.370785655563283,1.0,10.0,94.614,2.370785655563283,90.0,99.0,0.0,0.0,0.0,0.0,0.05386,0.0237078565556328,0.01,0.1,0.94614,0.0237078565556328,0.9,0.99,0.05386,0.0237078565556328,0.01,0.1,0.0,0.0,0.0,0.0,0.0,0.0,0.0,0.0,0.3884359132610508,0.0158686960183456,0.3588388240200166,0.4183737489574645,0.1009469799100268,0.0215669746994306,0.0638297872340425,0.1494252873563218,population_robustness,,high_r_overlap,lambda
0.9,linear,0.0607,0.0240559491329834,0.02,0.11,0.9393,0.0240559491329834,0.89,0.98,0.8592461280905646,0.0080730889694581,0.8429157194954365,0.8744353141036525,6.07,2.4055949132983483,2.0,11.0,10.127,3.0528988177126326,4.0,17.0,83.803,3.675282125048185,76.0,90.0,0.0607,0.0240559491329834,0.02,0.11,0.10127,0.0305289881771263,0.04,0.17,0.8380299999999999,0.0367528212504818,0.76,0.9,0.1619699999999999,0.0367528212504818,0.1,0.24,0.0607,0.0240559491329834,0.02,0.11,0.0,0.0,0.0,0.0,0.0904374335612597,0.0214098967366095,0.0486612622443546,0.1323057493337357,0.0861370729212902,0.02003395874043,0.0471204188481675,0.1299435028248587,population_robustness,,high_r_overlap,lambda
0.9,min,0.0,0.0,0.0,0.0,1.0,0.0,1.0,1.0,0.7443433747467484,0.0115333865579227,0.7214921839953684,0.7660139027139257,0.0,0.0,0.0,0.0,0.0,0.0,0.0,0.0,100.0,0.0,100.0,100.0,0.0,0.0,0.0,0.0,0.0,0.0,0.0,0.0,1.0,0.0,1.0,1.0,0.0,0.0,0.0,0.0,0.0,0.0,0.0,0.0,0.0,0.0,0.0,0.0,1.0,0.0,1.0,1.0,1.0,0.0,1.0,1.0,population_robustness,,high_r_overlap,lambda
1.0,geometric,0.0,0.0,0.0,0.0,1.0,0.0,1.0,1.0,0.8554630098888729,0.008687758409208,0.8384942801219557,0.8727291452759357,0.0,0.0,0.0,0.0,15.568,3.6535906619002527,9.0,23.0,84.432,3.653590661900252,77.0,91.0,0.0,0.0,0.0,0.0,0.15568,0.0365359066190025,0.09,0.23,0.84432,0.0365359066190025,0.77,0.91,0.15568,0.0365359066190025,0.09,0.23,0.0,0.0,0.0,0.0,0.0,0.0,0.0,0.0,0.3332521351125938,0.0161288865281872,0.3022091326105087,0.3637431192660549,0.0667819377973644,0.0183826377122792,0.0362694300518134,0.1049723756906077,population_robustness,,high_r_overlap,lambda
1.0,linear,0.12398,0.0329156959981563,0.06,0.19,0.87602,0.0329156959981563,0.81,0.94,0.863351270830832,0.0078792697640665,0.8474428202830873,0.8781915581354498,12.398,3.2915695998156305,6.0,19.0,13.596,3.4363632800669652,7.0,21.0,74.006,4.320026229854007,66.0,82.0,0.12398,0.0329156959981563,0.06,0.19,0.13596,0.0343636328006696,0.07,0.21,0.7400599999999999,0.04320026229854,0.66,0.82,0.25994,0.04320026229854,0.18,0.34,0.12398,0.0329156959981563,0.06,0.19,0.0,0.0,0.0,0.0,-0.0004337776862781,0.0215686693540788,-0.0424157682529679,0.0426929167096902,0.0580405347926101,0.017149005404778,0.0309278350515463,0.0928961748633879,population_robustness,,high_r_overlap,lambda
1.0,min,0.0,0.0,0.0,0.0,1.0,0.0,1.0,1.0,0.7443433747467484,0.0115333865579227,0.7214921839953684,0.7660139027139257,0.0,0.0,0.0,0.0,0.0,0.0,0.0,0.0,100.0,0.0,100.0,100.0,0.0,0.0,0.0,0.0,0.0,0.0,0.0,0.0,1.0,0.0,1.0,1.0,0.0,0.0,0.0,0.0,0.0,0.0,0.0,0.0,0.0,0.0,0.0,0.0,1.0,0.0,1.0,1.0,1.0,0.0,1.0,1.0,population_robustness,,high_r_overlap,lambda
0.0,geometric,0.0,0.0,0.0,0.0,1.0,0.0,1.0,1.0,0.5001505343744705,0.0227410457317294,0.4578286477456518,0.5469347440696177,0.0,0.0,0.0,0.0,0.0,0.0,0.0,0.0,100.0,0.0,100.0,100.0,0.0,0.0,0.0,0.0,0.0,0.0,0.0,0.0,1.0,0.0,1.0,1.0,0.0,0.0,0.0,0.0,0.0,0.0,0.0,0.0,0.0,0.0,0.0,0.0,1.0,0.0,1.0,1.0,1.0,0.0,1.0,1.0,population_robustness,,high_veto_frac,lambda
0.0,linear,0.0,0.0,0.0,0.0,1.0,0.0,1.0,1.0,0.5001505343744705,0.0227410457317294,0.4578286477456518,0.5469347440696177,0.0,0.0,0.0,0.0,0.0,0.0,0.0,0.0,100.0,0.0,100.0,100.0,0.0,0.0,0.0,0.0,0.0,0.0,0.0,0.0,1.0,0.0,1.0,1.0,0.0,0.0,0.0,0.0,0.0,0.0,0.0,0.0,0.0,0.0,0.0,0.0,1.0,0.0,1.0,1.0,1.0,0.0,1.0,1.0,population_robustness,,high_veto_frac,lambda
0.0,min,0.0,0.0,0.0,0.0,1.0,0.0,1.0,1.0,0.7532071746938267,0.011267296318488,0.7311697015618484,0.7761887496265735,0.0,0.0,0.0,0.0,0.0,0.0,0.0,0.0,100.0,0.0,100.0,100.0,0.0,0.0,0.0,0.0,0.0,0.0,0.0,0.0,1.0,0.0,1.0,1.0,0.0,0.0,0.0,0.0,0.0,0.0,0.0,0.0,0.0,0.0,0.0,0.0,1.0,0.0,1.0,1.0,1.0,0.0,1.0,1.0,population_robustness,,high_veto_frac,lambda
0.1,geometric,0.0,0.0,0.0,0.0,1.0,0.0,1.0,1.0,0.5864550009801729,0.020306170962644,0.5463342452383071,0.6255726679291348,0.0,0.0,0.0,0.0,0.0,0.0,0.0,0.0,100.0,0.0,100.0,100.0,0.0,0.0,0.0,0.0,0.0,0.0,0.0,0.0,1.0,0.0,1.0,1.0,0.0,0.0,0.0,0.0,0.0,0.0,0.0,0.0,0.0,0.0,0.0,0.0,0.9321664664846832,0.0030767527016567,0.9256399757355172,0.938025882115054,0.7218919629167508,0.042835352303533,0.639344262295082,0.8018018018018018,population_robustness,,high_veto_frac,lambda
0.1,linear,0.0,0.0,0.0,0.0,1.0,0.0,1.0,1.0,0.5489319947858364,0.022251753878847,0.5059712701962035,0.5931119811878269,0.0,0.0,0.0,0.0,0.0,0.0,0.0,0.0,100.0,0.0,100.0,100.0,0.0,0.0,0.0,0.0,0.0,0.0,0.0,0.0,1.0,0.0,1.0,1.0,0.0,0.0,0.0,0.0,0.0,0.0,0.0,0.0,0.0,0.0,0.0,0.0,0.937465187804949,0.0015567286093841,0.9342982897304712,0.9405401054623176,0.8314477209845127,0.0366321492560689,0.7543859649122807,0.9047619047619048,population_robustness,,high_veto_frac,lambda
0.1,min,0.0,0.0,0.0,0.0,1.0,0.0,1.0,1.0,0.7532071746938267,0.011267296318488,0.7311697015618484,0.7761887496265735,0.0,0.0,0.0,0.0,0.0,0.0,0.0,0.0,100.0,0.0,100.0,100.0,0.0,0.0,0.0,0.0,0.0,0.0,0.0,0.0,1.0,0.0,1.0,1.0,0.0,0.0,0.0,0.0,0.0,0.0,0.0,0.0,0.0,0.0,0.0,0.0,1.0,0.0,1.0,1.0,1.0,0.0,1.0,1.0,population_robustness,,high_veto_frac,lambda
0.2,geometric,0.0,0.0,0.0,0.0,1.0,0.0,1.0,1.0,0.6526873025713791,0.017292700322535,0.6189498071442386,0.6868123748730245,0.0,0.0,0.0,0.0,0.0,0.0,0.0,0.0,100.0,0.0,100.0,100.0,0.0,0.0,0.0,0.0,0.0,0.0,0.0,0.0,1.0,0.0,1.0,1.0,0.0,0.0,0.0,0.0,0.0,0.0,0.0,0.0,0.0,0.0,0.0,0.0,0.8547832130219393,0.0063420670776517,0.8412968355070267,0.8669674451521586,0.5400407339836265,0.0423028238081596,0.4598540145985401,0.6260162601626016,population_robustness,,high_veto_frac,lambda
0.2,linear,0.0,0.0,0.0,0.0,1.0,0.0,1.0,1.0,0.6069436738243154,0.0208075354551129,0.5667378851267162,0.6483625455261984,0.0,0.0,0.0,0.0,0.0,0.0,0.0,0.0,100.0,0.0,100.0,100.0,0.0,0.0,0.0,0.0,0.0,0.0,0.0,0.0,1.0,0.0,1.0,1.0,0.0,0.0,0.0,0.0,0.0,0.0,0.0,0.0,0.0,0.0,0.0,0.0,0.8622204623228481,0.0032384921959689,0.8558788274367971,0.8685513853412665,0.6641959092840507,0.0410297610095208,0.5873015873015873,0.7543859649122807,population_robustness,,high_veto_frac,lambda
0.2,min,0.0,0.0,0.0,0.0,1.0,0.0,1.0,1.0,0.7532071746938267,0.011267296318488,0.7311697015618484,0.7761887496265735,0.0,0.0,0.0,0.0,0.0,0.0,0.0,0.0,100.0,0.0,100.0,100.0,0.0,0.0,0.0,0.0,0.0,0.0,0.0,0.0,1.0,0.0,1.0,1.0,0.0,0.0,0.0,0.0,0.0,0.0,0.0,0.0,0.0,0.0,0.0,0.0,1.0,0.0,1.0,1.0,1.0,0.0,1.0,1.0,population_robustness,,high_veto_frac,lambda
0.3,geometric,0.0,0.0,0.0,0.0,1.0,0.0,1.0,1.0,0.7001376378122095,0.0156779065617359,0.6698147559663835,0.730865921312875,0.0,0.0,0.0,0.0,0.0,0.0,0.0,0.0,100.0,0.0,100.0,100.0,0.0,0.0,0.0,0.0,0.0,0.0,0.0,0.0,1.0,0.0,1.0,1.0,0.0,0.0,0.0,0.0,0.0,0.0,0.0,0.0,0.0,0.0,0.0,0.0,0.7705506460418562,0.009382344047925,0.751075219896876,0.7888311596400769,0.4205639161761659,0.0403812279111533,0.3513513513513513,0.5037593984962406,population_robustness,,high_veto_frac,lambda
0.3,linear,0.0,0.0,0.0,0.0,1.0,0.0,1.0,1.0,0.6701274385488873,0.0183615795562837,0.6345048358291414,0.7061317860812895,0.0,0.0,0.0,0.0,0.0,0.0,0.0,0.0,100.0,0.0,100.0,100.0,0.0,0.0,0.0,0.0,0.0,0.0,0.0,0.0,1.0,0.0,1.0,1.0,0.0,0.0,0.0,0.0,0.0,0.0,0.0,0.0,0.0,0.0,0.0,0.0,0.7643782191035406,0.0053468373509037,0.7541136705324957,0.7749294811534301,0.5073224380198748,0.0411854034549445,0.4285714285714285,0.5876190476190474,population_robustness,,high_veto_frac,lambda
0.3,min,0.0,0.0,0.0,0.0,1.0,0.0,1.0,1.0,0.7532071746938267,0.011267296318488,0.7311697015618484,0.7761887496265735,0.0,0.0,0.0,0.0,0.0,0.0,0.0,0.0,100.0,0.0,100.0,100.0,0.0,0.0,0.0,0.0,0.0,0.0,0.0,0.0,1.0,0.0,1.0,1.0,0.0,0.0,0.0,0.0,0.0,0.0,0.0,0.0,0.0,0.0,0.0,0.0,1.0,0.0,1.0,1.0,1.0,0.0,1.0,1.0,population_robustness,,high_veto_frac,lambda
0.4,geometric,0.0,0.0,0.0,0.0,1.0,0.0,1.0,1.0,0.7363444061712093,0.0139844214333134,0.7095116515341944,0.7639633718269224,0.0,0.0,0.0,0.0,0.0,0.0,0.0,0.0,100.0,0.0,100.0,100.0,0.0,0.0,0.0,0.0,0.0,0.0,0.0,0.0,1.0,0.0,1.0,1.0,0.0,0.0,0.0,0.0,0.0,0.0,0.0,0.0,0.0,0.0,0.0,0.0,0.6818772662015974,0.0120209710457105,0.6570845212819735,0.7044845819431808,0.3360482560983834,0.0378215627965572,0.2658227848101265,0.4184397163120567,population_robustness,,high_veto_frac,lambda
0.4,linear,0.0,0.0,0.0,0.0,1.0,0.0,1.0,1.0,0.7239754430740128,0.0155121490172769,0.694339248412098,0.7539092435407755,0.0,0.0,0.0,0.0,0.0,0.0,0.0,0.0,100.0,0.0,100.0,100.0,0.0,0.0,0.0,0.0,0.0,0.0,0.0,0.0,1.0,0.0,1.0,1.0,0.0,0.0,0.0,0.0,0.0,0.0,0.0,0.0,0.0,0.0,0.0,0.0,0.6389485104588852,0.0082673619933282,0.6224381784995379,0.6548364474976508,0.3833428320643516,0.0384247567122863,0.3071895424836601,0.4598540145985401,population_robustness,,high_veto_frac,lambda
0.4,min,0.0,0.0,0.0,0.0,1.0,0.0,1.0,1.0,0.7532071746938267,0.011267296318488,0.7311697015618484,0.7761887496265735,0.0,0.0,0.0,0.0,0.0,0.0,0.0,0.0,100.0,0.0,100.0,100.0,0.0,0.0,0.0,0.0,0.0,0.0,0.0,0.0,1.0,0.0,1.0,1.0,0.0,0.0,0.0,0.0,0.0,0.0,0.0,0.0,0.0,0.0,0.0,0.0,1.0,0.0,1.0,1.0,1.0,0.0,1.0,1.0,population_robustness,,high_veto_frac,lambda
0.5,geometric,0.0,0.0,0.0,0.0,1.0,0.0,1.0,1.0,0.765903553677887,0.0123368055441891,0.7415257984134352,0.7889100567698383,0.0,0.0,0.0,0.0,0.0,0.0,0.0,0.0,100.0,0.0,100.0,100.0,0.0,0.0,0.0,0.0,0.0,0.0,0.0,0.0,1.0,0.0,1.0,1.0,0.0,0.0,0.0,0.0,0.0,0.0,0.0,0.0,0.0,0.0,0.0,0.0,0.5909791608533009,0.0141057445163099,0.5627359215448389,0.6178803963198868,0.2704735014392467,0.0341142721444753,0.2048192771084337,0.3425086159985487,population_robustness,,high_veto_frac,lambda
0.5,linear,0.0,0.0,0.0,0.0,1.0,0.0,1.0,1.0,0.7667113025835623,0.0130182632876768,0.7402361666733407,0.7908187132168636,0.0,0.0,0.0,0.0,0.0,0.0,0.0,0.0,100.0,0.0,100.0,100.0,0.0,0.0,0.0,0.0,0.0,0.0,0.0,0.0,1.0,0.0,1.0,1.0,0.0,0.0,0.0,0.0,0.0,0.0,0.0,0.0,0.0,0.0,0.0,0.0,0.4843918293480919,0.012148706838275,0.460648737325074,0.5075955494606686,0.2894176055408686,0.0342327631926057,0.2269938650306748,0.3605442176870748,population_robustness,,high_veto_frac,lambda
0.5,min,0.0,0.0,0.0,0.0,1.0,0.0,1.0,1.0,0.7532071746938267,0.011267296318488,0.7311697015618484,0.7761887496265735,0.0,0.0,0.0,0.0,0.0,0.0,0.0,0.0,100.0,0.0,100.0,100.0,0.0,0.0,0.0,0.0,0.0,0.0,0.0,0.0,1.0,0.0,1.0,1.0,0.0,0.0,0.0,0.0,0.0,0.0,0.0,0.0,0.0,0.0,0.0,0.0,1.0,0.0,1.0,1.0,1.0,0.0,1.0,1.0,population_robustness,,high_veto_frac,lambda
0.6,geometric,0.0,0.0,0.0,0.0,1.0,0.0,1.0,1.0,0.7915387883957342,0.0112709357231514,0.7704018937736484,0.8133135291702038,0.0,0.0,0.0,0.0,0.0,0.0,0.0,0.0,100.0,0.0,100.0,100.0,0.0,0.0,0.0,0.0,0.0,0.0,0.0,0.0,1.0,0.0,1.0,1.0,0.0,0.0,0.0,0.0,0.0,0.0,0.0,0.0,0.0,0.0,0.0,0.0,0.5000940734000606,0.0156353434252091,0.4696570619755333,0.5296653523405116,0.2169161642058789,0.0307473057837844,0.1627906976744186,0.282051282051282,population_robustness,,high_veto_frac,lambda
0.6,linear,0.0,0.0,0.0,0.0,1.0,0.0,1.0,1.0,0.8013031373948745,0.0111848545824563,0.7799079810868655,0.8228536388141467,0.0,0.0,0.0,0.0,0.002,0.0446989708829856,0.0,0.0,99.998,0.0446989708829856,100.0,100.0,0.0,0.0,0.0,0.0,2e-05,0.0004469897088298,0.0,0.0,0.99998,0.0004469897088298,1.0,1.0,2e-05,0.0004469897088298,0.0,0.0,0.0,0.0,0.0,0.0,0.0,0.0,0.0,0.0,0.3154025443673708,0.0159130994047643,0.2841461717260625,0.3482099407155714,0.217741586325246,0.0308624417241107,0.1627906976744186,0.282051282051282,population_robustness,,high_veto_frac,lambda
0.6,min,0.0,0.0,0.0,0.0,1.0,0.0,1.0,1.0,0.7532071746938267,0.011267296318488,0.7311697015618484,0.7761887496265735,0.0,0.0,0.0,0.0,0.0,0.0,0.0,0.0,100.0,0.0,100.0,100.0,0.0,0.0,0.0,0.0,0.0,0.0,0.0,0.0,1.0,0.0,1.0,1.0,0.0,0.0,0.0,0.0,0.0,0.0,0.0,0.0,0.0,0.0,0.0,0.0,1.0,0.0,1.0,1.0,1.0,0.0,1.0,1.0,population_robustness,,high_veto_frac,lambda
0.7,geometric,0.0,0.0,0.0,0.0,1.0,0.0,1.0,1.0,0.8145904148253521,0.010076767163866,0.7949356402067874,0.8332599828024486,0.0,0.0,0.0,0.0,0.0,0.0,0.0,0.0,100.0,0.0,100.0,100.0,0.0,0.0,0.0,0.0,0.0,0.0,0.0,0.0,1.0,0.0,1.0,1.0,0.0,0.0,0.0,0.0,0.0,0.0,0.0,0.0,0.0,0.0,0.0,0.0,0.411432016985138,0.0166608535200882,0.3787445152158528,0.4427482559902942,0.1716177334477526,0.0275762906619437,0.1235955056179775,0.2269938650306748,population_robustness,,high_veto_frac,lambda
0.7,linear,1e-05,0.0003162277660168,0.0,0.0,0.99999,0.0003162277660168,1.0,1.0,0.8301473642228555,0.0096730976201116,0.8112375115563926,0.847958333200247,0.001,0.0316227766016837,0.0,0.0,1.128,1.090323257022799,0.0,4.0,98.871,1.0915816737883384,96.0,100.0,1e-05,0.0003162277660168,0.0,0.0,0.01128,0.0109032325702279,0.0,0.04,0.98871,0.0109158167378833,0.96,1.0,0.01129,0.0109158167378833,0.0,0.04,1e-05,0.0003162277660168,0.0,0.0,0.0,0.0,0.0,0.0,0.1622664733954374,0.018157543552343,0.1268497192086552,0.2001135419052336,0.1609209355096375,0.0267849338324281,0.1111111111111111,0.2195121951219512,population_robustness,,high_veto_frac,lambda
0.7,min,0.0,0.0,0.0,0.0,1.0,0.0,1.0,1.0,0.7532071746938267,0.011267296318488,0.7311697015618484,0.7761887496265735,0.0,0.0,0.0,0.0,0.0,0.0,0.0,0.0,100.0,0.0,100.0,100.0,0.0,0.0,0.0,0.0,0.0,0.0,0.0,0.0,1.0,0.0,1.0,1.0,0.0,0.0,0.0,0.0,0.0,0.0,0.0,0.0,0.0,0.0,0.0,0.0,1.0,0.0,1.0,1.0,1.0,0.0,1.0,1.0,population_robustness,,high_veto_frac,lambda
0.8,geometric,0.0,0.0,0.0,0.0,1.0,0.0,1.0,1.0,0.8356749021479638,0.0092964731970067,0.8175879844246683,0.8533154997813943,0.0,0.0,0.0,0.0,0.247,0.5237034134558083,0.0,2.0,99.753,0.5237034134558083,98.0,100.0,0.0,0.0,0.0,0.0,0.0024699999999999,0.005237034134558,0.0,0.02,0.99753,0.005237034134558,0.98,1.0,0.0024699999999999,0.005237034134558,0.0,0.02,0.0,0.0,0.0,0.0,0.0,0.0,0.0,0.0,0.3272217733292892,0.0172737502502334,0.29458093216055,0.3613547669598625,0.1311178618185721,0.0248729339332482,0.0869565217391304,0.1834319526627219,population_robustness,,high_veto_frac,lambda
0.8,linear,0.10696,0.0323760190049148,0.05,0.17,0.89304,0.0323760190049148,0.83,0.95,0.8690198309528857,0.0074389823148949,0.8544646630914184,0.8834109852363362,10.696,3.2376019004914833,5.0,17.0,4.441,2.1168372634664196,1.0,9.0,84.863,3.878307913545838,77.0,92.0,0.10696,0.0323760190049148,0.05,0.17,0.04441,0.0211683726346641,0.01,0.09,0.8486299999999999,0.0387830791354583,0.77,0.92,0.15137,0.0387830791354583,0.08,0.23,0.10696,0.0323760190049148,0.05,0.17,0.0,0.0,0.0,0.0,0.0377847771082366,0.0190041483889774,0.0026984892691076,0.0769135837569431,0.1068024059697663,0.0225174044169839,0.0695187165775401,0.1560693641618497,population_robustness,,high_veto_frac,lambda
0.8,min,0.0,0.0,0.0,0.0,1.0,0.0,1.0,1.0,0.7532071746938267,0.011267296318488,0.7311697015618484,0.7761887496265735,0.0,0.0,0.0,0.0,0.0,0.0,0.0,0.0,100.0,0.0,100.0,100.0,0.0,0.0,0.0,0.0,0.0,0.0,0.0,0.0,1.0,0.0,1.0,1.0,0.0,0.0,0.0,0.0,0.0,0.0,0.0,0.0,0.0,0.0,0.0,0.0,1.0,0.0,1.0,1.0,1.0,0.0,1.0,1.0,population_robustness,,high_veto_frac,lambda
0.9,geometric,0.0,0.0,0.0,0.0,1.0,0.0,1.0,1.0,0.854798839193827,0.0084337655195813,0.8379748662701765,0.869985034876939,0.0,0.0,0.0,0.0,4.929,2.2380723777322236,1.0,10.0,95.071,2.2380723777322236,90.0,99.0,0.0,0.0,0.0,0.0,0.04929,0.0223807237773222,0.01,0.1,0.95071,0.0223807237773222,0.9,0.99,0.04929,0.0223807237773222,0.01,0.1,0.0,0.0,0.0,0.0,0.0,0.0,0.0,0.0,0.2499033181680315,0.0176326527299763,0.2155132949145688,0.2849904964108786,0.0930497625563091,0.0207880434767053,0.0582010582010582,0.1363636363636363,population_robustness,,high_veto_frac,lambda
0.9,linear,0.28098,0.0413805745725207,0.2,0.36,0.71902,0.0413805745725207,0.64,0.8,0.8954144180233786,0.0065954354767805,0.8822907269902553,0.9079323429677748,28.098,4.138057457252076,20.0,36.0,7.049,2.6148492186809618,2.0,13.0,64.853,4.621985910163915,56.0,73.0,0.28098,0.0413805745725207,0.2,0.36,0.07049,0.0261484921868096,0.02,0.13,0.6485299999999999,0.0462198591016391,0.56,0.73,0.3514699999999999,0.0462198591016391,0.27,0.44,0.28098,0.0413805745725207,0.2,0.36,0.0,0.0,0.0,0.0,-0.0596210923087894,0.0190100871286208,-0.0955133817913914,-0.0204606932961525,0.0624473723027913,0.0176107007496529,0.0309278350515463,0.0989010989010989,population_robustness,,high_veto_frac,lambda
0.9,min,0.0,0.0,0.0,0.0,1.0,0.0,1.0,1.0,0.7532071746938267,0.011267296318488,0.7311697015618484,0.7761887496265735,0.0,0.0,0.0,0.0,0.0,0.0,0.0,0.0,100.0,0.0,100.0,100.0,0.0,0.0,0.0,0.0,0.0,0.0,0.0,0.0,1.0,0.0,1.0,1.0,0.0,0.0,0.0,0.0,0.0,0.0,0.0,0.0,0.0,0.0,0.0,0.0,1.0,0.0,1.0,1.0,1.0,0.0,1.0,1.0,population_robustness,,high_veto_frac,lambda
1.0,geometric,0.0,0.0,0.0,0.0,1.0,0.0,1.0,1.0,0.8642590236493003,0.0082068107067209,0.8478151793021281,0.8794714069132401,0.0,0.0,0.0,0.0,15.693,3.6856933316996594,9.0,23.0,84.307,3.685693331699659,77.0,91.0,0.0,0.0,0.0,0.0,0.15693,0.0368569333169966,0.09,0.23,0.84307,0.0368569333169965,0.77,0.91,0.15693,0.0368569333169966,0.09,0.23,0.0,0.0,0.0,0.0,0.0,0.0,0.0,0.0,0.182104567788899,0.0178457273612946,0.1475925588919219,0.2176951774340309,0.0592577994025721,0.0170464055339606,0.0256410256410256,0.0989010989010989,population_robustness,,high_veto_frac,lambda
1.0,linear,0.4176,0.0427231233088741,0.33975,0.5,0.5824,0.0427231233088741,0.5,0.6602499999999997,0.9016941136584316,0.0063557554302063,0.8889700388330267,0.9134100970935544,41.76,4.272312330887415,33.975,50.0,9.198,2.878729421651691,4.0,15.0,49.042,4.608630542305976,40.0,58.0,0.4176,0.0427231233088741,0.33975,0.5,0.09198,0.0287872942165169,0.04,0.15,0.49042,0.0460863054230597,0.4,0.58,0.50958,0.0460863054230597,0.42,0.6,0.4176,0.0427231233088741,0.33975,0.5,0.0,0.0,0.0,0.0,-0.1349578746638539,0.0186175487855363,-0.1694875397373423,-0.095958133545743,0.033643576868971,0.0124060517092779,0.0101010101010101,0.0582010582010582,population_robustness,,high_veto_frac,lambda
1.0,min,0.0,0.0,0.0,0.0,1.0,0.0,1.0,1.0,0.7532071746938267,0.011267296318488,0.7311697015618484,0.7761887496265735,0.0,0.0,0.0,0.0,0.0,0.0,0.0,0.0,100.0,0.0,100.0,100.0,0.0,0.0,0.0,0.0,0.0,0.0,0.0,0.0,1.0,0.0,1.0,1.0,0.0,0.0,0.0,0.0,0.0,0.0,0.0,0.0,0.0,0.0,0.0,0.0,1.0,0.0,1.0,1.0,1.0,0.0,1.0,1.0,population_robustness,,high_veto_frac,lambda
0.0,geometric,0.0,0.0,0.0,0.0,1.0,0.0,1.0,1.0,0.4993410575699376,0.0226148792514691,0.4552133500391438,0.5415050752889479,0.0,0.0,0.0,0.0,0.0,0.0,0.0,0.0,100.0,0.0,100.0,100.0,0.0,0.0,0.0,0.0,0.0,0.0,0.0,0.0,1.0,0.0,1.0,1.0,0.0,0.0,0.0,0.0,0.0,0.0,0.0,0.0,0.0,0.0,0.0,0.0,1.0,0.0,1.0,1.0,1.0,0.0,1.0,1.0,population_robustness,,low_r_separation,lambda
0.0,linear,0.0,0.0,0.0,0.0,1.0,0.0,1.0,1.0,0.4993410575699376,0.0226148792514691,0.4552133500391438,0.5415050752889479,0.0,0.0,0.0,0.0,0.0,0.0,0.0,0.0,100.0,0.0,100.0,100.0,0.0,0.0,0.0,0.0,0.0,0.0,0.0,0.0,1.0,0.0,1.0,1.0,0.0,0.0,0.0,0.0,0.0,0.0,0.0,0.0,0.0,0.0,0.0,0.0,1.0,0.0,1.0,1.0,1.0,0.0,1.0,1.0,population_robustness,,low_r_separation,lambda
0.0,min,0.0,0.0,0.0,0.0,1.0,0.0,1.0,1.0,0.7443433747467484,0.0115333865579227,0.7214921839953684,0.7660139027139257,0.0,0.0,0.0,0.0,0.0,0.0,0.0,0.0,100.0,0.0,100.0,100.0,0.0,0.0,0.0,0.0,0.0,0.0,0.0,0.0,1.0,0.0,1.0,1.0,0.0,0.0,0.0,0.0,0.0,0.0,0.0,0.0,0.0,0.0,0.0,0.0,1.0,0.0,1.0,1.0,1.0,0.0,1.0,1.0,population_robustness,,low_r_separation,lambda
0.1,geometric,0.0,0.0,0.0,0.0,1.0,0.0,1.0,1.0,0.5797733637581468,0.0199126446770515,0.5416351385241394,0.6176649380866766,0.0,0.0,0.0,0.0,0.0,0.0,0.0,0.0,100.0,0.0,100.0,100.0,0.0,0.0,0.0,0.0,0.0,0.0,0.0,0.0,1.0,0.0,1.0,1.0,0.0,0.0,0.0,0.0,0.0,0.0,0.0,0.0,0.0,0.0,0.0,0.0,0.944684395329441,0.0027082753714488,0.9389726855713092,0.949546080066722,0.7382732422495001,0.0404046570228393,0.6528925619834711,0.8181818181818182,population_robustness,,low_r_separation,lambda
0.1,linear,0.0,0.0,0.0,0.0,1.0,0.0,1.0,1.0,0.5450708184914822,0.022194042523254,0.5013600901770314,0.5872497823848517,0.0,0.0,0.0,0.0,0.0,0.0,0.0,0.0,100.0,0.0,100.0,100.0,0.0,0.0,0.0,0.0,0.0,0.0,0.0,0.0,1.0,0.0,1.0,1.0,0.0,0.0,0.0,0.0,0.0,0.0,0.0,0.0,0.0,0.0,0.0,0.0,0.9330450931790178,0.0015395349199651,0.9299753752153496,0.9360406665242232,0.8407266270434723,0.0340372596648634,0.7699115044247787,0.9047619047619048,population_robustness,,low_r_separation,lambda
0.1,min,0.0,0.0,0.0,0.0,1.0,0.0,1.0,1.0,0.7443433747467484,0.0115333865579227,0.7214921839953684,0.7660139027139257,0.0,0.0,0.0,0.0,0.0,0.0,0.0,0.0,100.0,0.0,100.0,100.0,0.0,0.0,0.0,0.0,0.0,0.0,0.0,0.0,1.0,0.0,1.0,1.0,0.0,0.0,0.0,0.0,0.0,0.0,0.0,0.0,0.0,0.0,0.0,0.0,1.0,0.0,1.0,1.0,1.0,0.0,1.0,1.0,population_robustness,,low_r_separation,lambda
0.2,geometric,0.0,0.0,0.0,0.0,1.0,0.0,1.0,1.0,0.6442943897512325,0.0175623005880001,0.6104631008310669,0.678637858833916,0.0,0.0,0.0,0.0,0.0,0.0,0.0,0.0,100.0,0.0,100.0,100.0,0.0,0.0,0.0,0.0,0.0,0.0,0.0,0.0,1.0,0.0,1.0,1.0,0.0,0.0,0.0,0.0,0.0,0.0,0.0,0.0,0.0,0.0,0.0,0.0,0.8815861342785654,0.0055295393487805,0.8702041284403668,0.8917944120100083,0.5599546130269915,0.0424522314322076,0.4814814814814814,0.639344262295082,population_robustness,,low_r_separation,lambda
0.2,linear,0.0,0.0,0.0,0.0,1.0,0.0,1.0,1.0,0.5991460142457615,0.0211466051490449,0.556966108318964,0.6369180011329232,0.0,0.0,0.0,0.0,0.0,0.0,0.0,0.0,100.0,0.0,100.0,100.0,0.0,0.0,0.0,0.0,0.0,0.0,0.0,0.0,1.0,0.0,1.0,1.0,0.0,0.0,0.0,0.0,0.0,0.0,0.0,0.0,0.0,0.0,0.0,0.0,0.8701225130022289,0.0031696153630156,0.864085960139299,0.8761842615508817,0.6821978642381153,0.0407478388726794,0.6,0.7543859649122807,population_robustness,,low_r_separation,lambda
0.2,min,0.0,0.0,0.0,0.0,1.0,0.0,1.0,1.0,0.7443433747467484,0.0115333865579227,0.7214921839953684,0.7660139027139257,0.0,0.0,0.0,0.0,0.0,0.0,0.0,0.0,100.0,0.0,100.0,100.0,0.0,0.0,0.0,0.0,0.0,0.0,0.0,0.0,1.0,0.0,1.0,1.0,0.0,0.0,0.0,0.0,0.0,0.0,0.0,0.0,0.0,0.0,0.0,0.0,1.0,0.0,1.0,1.0,1.0,0.0,1.0,1.0,population_robustness,,low_r_separation,lambda
0.3,geometric,0.0,0.0,0.0,0.0,1.0,0.0,1.0,1.0,0.6910392302081381,0.0159995012020474,0.659726392784237,0.7202356602471286,0.0,0.0,0.0,0.0,0.0,0.0,0.0,0.0,100.0,0.0,100.0,100.0,0.0,0.0,0.0,0.0,0.0,0.0,0.0,0.0,1.0,0.0,1.0,1.0,0.0,0.0,0.0,0.0,0.0,0.0,0.0,0.0,0.0,0.0,0.0,0.0,0.8128342201834861,0.0081940411985398,0.7963831317764802,0.8277265429524602,0.4405815555647439,0.0394759673315623,0.3605442176870748,0.5151515151515151,population_robustness,,low_r_separation,lambda
0.3,linear,0.0,0.0,0.0,0.0,1.0,0.0,1.0,1.0,0.6600623014683813,0.0192556580516189,0.6246770801219331,0.6970290936195729,0.0,0.0,0.0,0.0,0.0,0.0,0.0,0.0,100.0,0.0,100.0,100.0,0.0,0.0,0.0,0.0,0.0,0.0,0.0,0.0,1.0,0.0,1.0,1.0,0.0,0.0,0.0,0.0,0.0,0.0,0.0,0.0,0.0,0.0,0.0,0.0,0.7859851082396306,0.0052240270764585,0.7763707720902898,0.7966403048901161,0.5289304265778247,0.0402111243385936,0.4492753623188406,0.6129032258064516,population_robustness,,low_r_separation,lambda
0.3,min,0.0,0.0,0.0,0.0,1.0,0.0,1.0,1.0,0.7443433747467484,0.0115333865579227,0.7214921839953684,0.7660139027139257,0.0,0.0,0.0,0.0,0.0,0.0,0.0,0.0,100.0,0.0,100.0,100.0,0.0,0.0,0.0,0.0,0.0,0.0,0.0,0.0,1.0,0.0,1.0,1.0,0.0,0.0,0.0,0.0,0.0,0.0,0.0,0.0,0.0,0.0,0.0,0.0,1.0,0.0,1.0,1.0,1.0,0.0,1.0,1.0,population_robustness,,low_r_separation,lambda
0.4,geometric,0.0,0.0,0.0,0.0,1.0,0.0,1.0,1.0,0.7275207082997729,0.0138330286652575,0.701187632478961,0.7556095047363692,0.0,0.0,0.0,0.0,0.0,0.0,0.0,0.0,100.0,0.0,100.0,100.0,0.0,0.0,0.0,0.0,0.0,0.0,0.0,0.0,1.0,0.0,1.0,1.0,0.0,0.0,0.0,0.0,0.0,0.0,0.0,0.0,0.0,0.0,0.0,0.0,0.7404266472060048,0.0105095226505297,0.7193699958298582,0.75882964970809,0.353147983592776,0.0381818653360127,0.282051282051282,0.4285714285714285,population_robustness,,low_r_separation,lambda
0.4,linear,0.0,0.0,0.0,0.0,1.0,0.0,1.0,1.0,0.7147775529756542,0.0157388763870497,0.6857841187639349,0.7455231933572146,0.0,0.0,0.0,0.0,0.0,0.0,0.0,0.0,100.0,0.0,100.0,100.0,0.0,0.0,0.0,0.0,0.0,0.0,0.0,0.0,1.0,0.0,1.0,1.0,0.0,0.0,0.0,0.0,0.0,0.0,0.0,0.0,0.0,0.0,0.0,0.0,0.6744510646867816,0.0080039028134221,0.6595126014634181,0.6905298349574196,0.4021701481544787,0.0384429313586709,0.3333333333333333,0.4814814814814814,population_robustness,,low_r_separation,lambda
0.4,min,0.0,0.0,0.0,0.0,1.0,0.0,1.0,1.0,0.7443433747467484,0.0115333865579227,0.7214921839953684,0.7660139027139257,0.0,0.0,0.0,0.0,0.0,0.0,0.0,0.0,100.0,0.0,100.0,100.0,0.0,0.0,0.0,0.0,0.0,0.0,0.0,0.0,1.0,0.0,1.0,1.0,0.0,0.0,0.0,0.0,0.0,0.0,0.0,0.0,0.0,0.0,0.0,0.0,1.0,0.0,1.0,1.0,1.0,0.0,1.0,1.0,population_robustness,,low_r_separation,lambda
0.5,geometric,0.0,0.0,0.0,0.0,1.0,0.0,1.0,1.0,0.7576187547853785,0.0125332372704212,0.7338721417814541,0.7814609099690546,0.0,0.0,0.0,0.0,0.0,0.0,0.0,0.0,100.0,0.0,100.0,100.0,0.0,0.0,0.0,0.0,0.0,0.0,0.0,0.0,1.0,0.0,1.0,1.0,0.0,0.0,0.0,0.0,0.0,0.0,0.0,0.0,0.0,0.0,0.0,0.0,0.6662923269391158,0.0123773183317998,0.6417152835696412,0.6883917848206837,0.2856245509661055,0.0346346118935853,0.2195121951219512,0.3515811730097442,population_robustness,,low_r_separation,lambda
0.5,linear,0.0,0.0,0.0,0.0,1.0,0.0,1.0,1.0,0.7584454237932592,0.0133223352522588,0.7341740348055262,0.785468662328159,0.0,0.0,0.0,0.0,0.0,0.0,0.0,0.0,100.0,0.0,100.0,100.0,0.0,0.0,0.0,0.0,0.0,0.0,0.0,0.0,1.0,0.0,1.0,1.0,0.0,0.0,0.0,0.0,0.0,0.0,0.0,0.0,0.0,0.0,0.0,0.0,0.5308647459283533,0.0121611054015118,0.5072829121161045,0.5547636629097098,0.3051367940447815,0.0349227662125508,0.2422360248447205,0.3793103448275862,population_robustness,,low_r_separation,lambda
0.5,min,0.0,0.0,0.0,0.0,1.0,0.0,1.0,1.0,0.7443433747467484,0.0115333865579227,0.7214921839953684,0.7660139027139257,0.0,0.0,0.0,0.0,0.0,0.0,0.0,0.0,100.0,0.0,100.0,100.0,0.0,0.0,0.0,0.0,0.0,0.0,0.0,0.0,1.0,0.0,1.0,1.0,0.0,0.0,0.0,0.0,0.0,0.0,0.0,0.0,0.0,0.0,0.0,0.0,1.0,0.0,1.0,1.0,1.0,0.0,1.0,1.0,population_robustness,,low_r_separation,lambda
0.6,geometric,0.0,0.0,0.0,0.0,1.0,0.0,1.0,1.0,0.783361527586362,0.0113562161445364,0.7611134625045411,0.8053920846155302,0.0,0.0,0.0,0.0,0.0,0.0,0.0,0.0,100.0,0.0,100.0,100.0,0.0,0.0,0.0,0.0,0.0,0.0,0.0,0.0,1.0,0.0,1.0,1.0,0.0,0.0,0.0,0.0,0.0,0.0,0.0,0.0,0.0,0.0,0.0,0.0,0.59220771059216,0.0138015823986456,0.5645820475396162,0.6181792118432026,0.2303134088975842,0.0312670124838038,0.1695906432748538,0.2903225806451613,population_robustness,,low_r_separation,lambda
0.6,linear,0.0,0.0,0.0,0.0,1.0,0.0,1.0,1.0,0.7940241288845541,0.0113886610130899,0.7718281641461973,0.8157645093252257,0.0,0.0,0.0,0.0,0.013,0.1133306835938257,0.0,0.0,99.987,0.1133306835938257,100.0,100.0,0.0,0.0,0.0,0.0,0.00013,0.0011333068359382,0.0,0.0,0.99987,0.0011333068359382,1.0,1.0,0.00013,0.0011333068359382,0.0,0.0,0.0,0.0,0.0,0.0,0.0,0.0,0.0,0.0,0.3629744464308621,0.0167265610412352,0.3305692559173324,0.3951215548304497,0.2301214183079695,0.0310515060466097,0.1695906432748538,0.2903225806451613,population_robustness,,low_r_separation,lambda
0.6,min,0.0,0.0,0.0,0.0,1.0,0.0,1.0,1.0,0.7443433747467484,0.0115333865579227,0.7214921839953684,0.7660139027139257,0.0,0.0,0.0,0.0,0.0,0.0,0.0,0.0,100.0,0.0,100.0,100.0,0.0,0.0,0.0,0.0,0.0,0.0,0.0,0.0,1.0,0.0,1.0,1.0,0.0,0.0,0.0,0.0,0.0,0.0,0.0,0.0,0.0,0.0,0.0,0.0,1.0,0.0,1.0,1.0,1.0,0.0,1.0,1.0,population_robustness,,low_r_separation,lambda
0.7,geometric,0.0,0.0,0.0,0.0,1.0,0.0,1.0,1.0,0.8067056146037958,0.0103539461196373,0.7859185144721424,0.8274118425811605,0.0,0.0,0.0,0.0,0.0,0.0,0.0,0.0,100.0,0.0,100.0,100.0,0.0,0.0,0.0,0.0,0.0,0.0,0.0,0.0,1.0,0.0,1.0,1.0,0.0,0.0,0.0,0.0,0.0,0.0,0.0,0.0,0.0,0.0,0.0,0.0,0.5199655671392825,0.0147942344962253,0.4917559424520433,0.5483051501251042,0.1826733763933933,0.0280244312163582,0.1299435028248587,0.2422360248447205,population_robustness,,low_r_separation,lambda
0.7,linear,0.00033,0.0020965437022622,0.0,0.01,0.99967,0.0020965437022622,0.99,1.0,0.8229298653353545,0.0100032377400293,0.8038974918570744,0.84179985943751,0.033,0.2096543702262248,0.0,1.0,1.495,1.2528146489184042,0.0,4.0,98.472,1.28252129060724,95.975,100.0,0.00033,0.0020965437022622,0.0,0.01,0.01495,0.012528146489184,0.0,0.04,0.98472,0.0128252129060724,0.95975,1.0,0.01528,0.0128252129060724,0.0,0.0402499999999997,0.00033,0.0020965437022622,0.0,0.01,0.0,0.0,0.0,0.0,0.1991413061313243,0.0195478646158623,0.1589133292033821,0.2372561389588248,0.1711847918618127,0.0275093077045212,0.1173184357541899,0.2269938650306748,population_robustness,,low_r_separation,lambda
0.7,min,0.0,0.0,0.0,0.0,1.0,0.0,1.0,1.0,0.7443433747467484,0.0115333865579227,0.7214921839953684,0.7660139027139257,0.0,0.0,0.0,0.0,0.0,0.0,0.0,0.0,100.0,0.0,100.0,100.0,0.0,0.0,0.0,0.0,0.0,0.0,0.0,0.0,1.0,0.0,1.0,1.0,0.0,0.0,0.0,0.0,0.0,0.0,0.0,0.0,0.0,0.0,0.0,0.0,1.0,0.0,1.0,1.0,1.0,0.0,1.0,1.0,population_robustness,,low_r_separation,lambda
0.8,geometric,0.0,0.0,0.0,0.0,1.0,0.0,1.0,1.0,0.828043955361105,0.0095721022509976,0.8099993886882034,0.8462831417092261,0.0,0.0,0.0,0.0,0.444,0.6981055445642524,0.0,2.0,99.556,0.6981055445642523,98.0,100.0,0.0,0.0,0.0,0.0,0.0044399999999999,0.0069810554456425,0.0,0.02,0.9955600000000002,0.0069810554456425,0.98,1.0,0.0044399999999999,0.0069810554456425,0.0,0.02,0.0,0.0,0.0,0.0,0.0,0.0,0.0,0.0,0.4514028065054211,0.0154450670760028,0.4217968098415345,0.4805863219349457,0.1404562230478877,0.0246733240007903,0.0989010989010989,0.1904761904761904,population_robustness,,low_r_separation,lambda
0.8,linear,0.10474,0.0317732897563652,0.05,0.17,0.89526,0.0317732897563651,0.83,0.95,0.8609890935742068,0.0078342948487442,0.8465291608164358,0.8757505248463638,10.474,3.17732897563652,5.0,17.0,4.841,2.161108370579641,1.0,9.0,84.685,3.750445418992368,77.0,92.0,0.10474,0.0317732897563652,0.05,0.17,0.04841,0.0216110837057964,0.01,0.09,0.84685,0.0375044541899236,0.77,0.92,0.15315,0.0375044541899236,0.08,0.23,0.10474,0.0317732897563652,0.05,0.17,0.0,0.0,0.0,0.0,0.0592945853129921,0.02050923352666,0.0179376242773048,0.0995677028085924,0.1142125676773004,0.0228582561624283,0.075268817204301,0.1627906976744186,population_robustness,,low_r_separation,lambda
0.8,min,0.0,0.0,0.0,0.0,1.0,0.0,1.0,1.0,0.7443433747467484,0.0115333865579227,0.7214921839953684,0.7660139027139257,0.0,0.0,0.0,0.0,0.0,0.0,0.0,0.0,100.0,0.0,100.0,100.0,0.0,0.0,0.0,0.0,0.0,0.0,0.0,0.0,1.0,0.0,1.0,1.0,0.0,0.0,0.0,0.0,0.0,0.0,0.0,0.0,0.0,0.0,0.0,0.0,1.0,0.0,1.0,1.0,1.0,0.0,1.0,1.0,population_robustness,,low_r_separation,lambda
0.9,geometric,0.0,0.0,0.0,0.0,1.0,0.0,1.0,1.0,0.8466790864767397,0.0088941412602085,0.8295108344497604,0.8634981672956441,0.0,0.0,0.0,0.0,5.386,2.370785655563283,1.0,10.0,94.614,2.370785655563283,90.0,99.0,0.0,0.0,0.0,0.0,0.05386,0.0237078565556328,0.01,0.1,0.94614,0.0237078565556328,0.9,0.99,0.05386,0.0237078565556328,0.01,0.1,0.0,0.0,0.0,0.0,0.0,0.0,0.0,0.0,0.3884359132610508,0.0158686960183456,0.3588388240200166,0.4183737489574645,0.1009469799100268,0.0215669746994306,0.0638297872340425,0.1494252873563218,population_robustness,,low_r_separation,lambda
0.9,linear,0.26168,0.0423812903740999,0.18,0.34,0.73832,0.0423812903740999,0.6599999999999999,0.8200000000000001,0.8849043031286419,0.0070326346421215,0.8710372296310492,0.8986630634292441,26.168,4.238129037409991,18.0,34.0,7.437,2.6868662509046204,3.0,13.0,66.395,4.5576031800439525,57.0,75.0,0.26168,0.0423812903740999,0.18,0.34,0.07437,0.0268686625090462,0.03,0.13,0.66395,0.0455760318004395,0.57,0.75,0.33605,0.0455760318004395,0.25,0.43,0.26168,0.0423812903740999,0.18,0.34,0.0,0.0,0.0,0.0,-0.0529510708692669,0.0204175758014559,-0.0939128731654432,-0.011994102581558,0.0698346900373321,0.0184617046299274,0.0362694300518134,0.1111111111111111,population_robustness,,low_r_separation,lambda
0.9,min,0.0,0.0,0.0,0.0,1.0,0.0,1.0,1.0,0.7443433747467484,0.0115333865579227,0.7214921839953684,0.7660139027139257,0.0,0.0,0.0,0.0,0.0,0.0,0.0,0.0,100.0,0.0,100.0,100.0,0.0,0.0,0.0,0.0,0.0,0.0,0.0,0.0,1.0,0.0,1.0,1.0,0.0,0.0,0.0,0.0,0.0,0.0,0.0,0.0,0.0,0.0,0.0,0.0,1.0,0.0,1.0,1.0,1.0,0.0,1.0,1.0,population_robustness,,low_r_separation,lambda
1.0,geometric,0.0,0.0,0.0,0.0,1.0,0.0,1.0,1.0,0.8554630098888729,0.008687758409208,0.8384942801219557,0.8727291452759357,0.0,0.0,0.0,0.0,15.568,3.6535906619002527,9.0,23.0,84.432,3.653590661900252,77.0,91.0,0.0,0.0,0.0,0.0,0.15568,0.0365359066190025,0.09,0.23,0.84432,0.0365359066190025,0.77,0.91,0.15568,0.0365359066190025,0.09,0.23,0.0,0.0,0.0,0.0,0.0,0.0,0.0,0.0,0.3332521351125938,0.0161288865281872,0.3022091326105087,0.3637431192660549,0.0667819377973644,0.0183826377122792,0.0362694300518134,0.1049723756906077,population_robustness,,low_r_separation,lambda
1.0,linear,0.40007,0.0461370103466156,0.31,0.49,0.5999300000000001,0.0461370103466156,0.51,0.69,0.891042557526683,0.0067459917731533,0.8779145462815704,0.9040538928732318,40.007,4.6137010346615694,31.0,49.0,9.324,2.939330478810381,4.0,15.0,50.669,4.835992744600205,41.0,60.0,0.40007,0.0461370103466156,0.31,0.49,0.09324,0.0293933047881038,0.04,0.15,0.50669,0.048359927446002,0.41,0.6,0.49331,0.048359927446002,0.4,0.59,0.40007,0.0461370103466156,0.31,0.49,0.0,0.0,0.0,0.0,-0.1409694366513613,0.0198250399100929,-0.1796117116977605,-0.1008314711676458,0.0387434681165245,0.0137794926975054,0.015228426395939,0.0695187165775401,population_robustness,,low_r_separation,lambda
1.0,min,0.0,0.0,0.0,0.0,1.0,0.0,1.0,1.0,0.7443433747467484,0.0115333865579227,0.7214921839953684,0.7660139027139257,0.0,0.0,0.0,0.0,0.0,0.0,0.0,0.0,100.0,0.0,100.0,100.0,0.0,0.0,0.0,0.0,0.0,0.0,0.0,0.0,1.0,0.0,1.0,1.0,0.0,0.0,0.0,0.0,0.0,0.0,0.0,0.0,0.0,0.0,0.0,0.0,1.0,0.0,1.0,1.0,1.0,0.0,1.0,1.0,population_robustness,,low_r_separation,lambda
0.0,geometric,0.0,0.0,0.0,0.0,1.0,0.0,1.0,1.0,0.4988707925223057,0.021981331213344,0.4552987927068528,0.5406030396528864,0.0,0.0,0.0,0.0,0.0,0.0,0.0,0.0,100.0,0.0,100.0,100.0,0.0,0.0,0.0,0.0,0.0,0.0,0.0,0.0,1.0,0.0,1.0,1.0,0.0,0.0,0.0,0.0,0.0,0.0,0.0,0.0,0.0,0.0,0.0,0.0,1.0,0.0,1.0,1.0,1.0,0.0,1.0,1.0,population_robustness,,low_veto_frac,lambda
0.0,linear,0.0,0.0,0.0,0.0,1.0,0.0,1.0,1.0,0.4988707925223057,0.021981331213344,0.4552987927068528,0.5406030396528864,0.0,0.0,0.0,0.0,0.0,0.0,0.0,0.0,100.0,0.0,100.0,100.0,0.0,0.0,0.0,0.0,0.0,0.0,0.0,0.0,1.0,0.0,1.0,1.0,0.0,0.0,0.0,0.0,0.0,0.0,0.0,0.0,0.0,0.0,0.0,0.0,1.0,0.0,1.0,1.0,1.0,0.0,1.0,1.0,population_robustness,,low_veto_frac,lambda
0.0,min,0.0,0.0,0.0,0.0,1.0,0.0,1.0,1.0,0.7565308182384056,0.0112551029065603,0.7348666349037349,0.7783214774163179,0.0,0.0,0.0,0.0,0.0,0.0,0.0,0.0,100.0,0.0,100.0,100.0,0.0,0.0,0.0,0.0,0.0,0.0,0.0,0.0,1.0,0.0,1.0,1.0,0.0,0.0,0.0,0.0,0.0,0.0,0.0,0.0,0.0,0.0,0.0,0.0,1.0,0.0,1.0,1.0,1.0,0.0,1.0,1.0,population_robustness,,low_veto_frac,lambda
0.1,geometric,0.0,0.0,0.0,0.0,1.0,0.0,1.0,1.0,0.5885325788279531,0.0198360010495638,0.5469155892543505,0.6272725309611213,0.0,0.0,0.0,0.0,0.0,0.0,0.0,0.0,100.0,0.0,100.0,100.0,0.0,0.0,0.0,0.0,0.0,0.0,0.0,0.0,1.0,0.0,1.0,1.0,0.0,0.0,0.0,0.0,0.0,0.0,0.0,0.0,0.0,0.0,0.0,0.0,0.9249335286739248,0.0034041622587457,0.917749535898851,0.931093974211028,0.7112333827841,0.0404034585470088,0.6260162601626016,0.7857142857142857,population_robustness,,low_veto_frac,lambda
0.1,linear,0.0,0.0,0.0,0.0,1.0,0.0,1.0,1.0,0.5492690600269848,0.0220573943939181,0.5059497735256349,0.5913498848952201,0.0,0.0,0.0,0.0,0.0,0.0,0.0,0.0,100.0,0.0,100.0,100.0,0.0,0.0,0.0,0.0,0.0,0.0,0.0,0.0,1.0,0.0,1.0,1.0,0.0,0.0,0.0,0.0,0.0,0.0,0.0,0.0,0.0,0.0,0.0,0.0,0.9360411394250074,0.0016485217588349,0.9326414285116904,0.9390096024875644,0.8252823066713936,0.0348466530605846,0.7695233659369664,0.8867924528301887,population_robustness,,low_veto_frac,lambda
0.1,min,0.0,0.0,0.0,0.0,1.0,0.0,1.0,1.0,0.7565308182384056,0.0112551029065603,0.7348666349037349,0.7783214774163179,0.0,0.0,0.0,0.0,0.0,0.0,0.0,0.0,100.0,0.0,100.0,100.0,0.0,0.0,0.0,0.0,0.0,0.0,0.0,0.0,1.0,0.0,1.0,1.0,0.0,0.0,0.0,0.0,0.0,0.0,0.0,0.0,0.0,0.0,0.0,0.0,1.0,0.0,1.0,1.0,1.0,0.0,1.0,1.0,population_robustness,,low_veto_frac,lambda
0.2,geometric,0.0,0.0,0.0,0.0,1.0,0.0,1.0,1.0,0.6557664628405944,0.0173536666187262,0.6210479602722134,0.6890852678108487,0.0,0.0,0.0,0.0,0.0,0.0,0.0,0.0,100.0,0.0,100.0,100.0,0.0,0.0,0.0,0.0,0.0,0.0,0.0,0.0,1.0,0.0,1.0,1.0,0.0,0.0,0.0,0.0,0.0,0.0,0.0,0.0,0.0,0.0,0.0,0.0,0.8392320184636997,0.0069644796561139,0.8242336059404947,0.8520256886257588,0.5284215228250939,0.0410369011926282,0.4492753623188406,0.6129032258064516,population_robustness,,low_veto_frac,lambda
0.2,linear,0.0,0.0,0.0,0.0,1.0,0.0,1.0,1.0,0.6094081872245924,0.0210571921885081,0.5675028467995533,0.6500145373869887,0.0,0.0,0.0,0.0,0.0,0.0,0.0,0.0,100.0,0.0,100.0,100.0,0.0,0.0,0.0,0.0,0.0,0.0,0.0,0.0,1.0,0.0,1.0,1.0,0.0,0.0,0.0,0.0,0.0,0.0,0.0,0.0,0.0,0.0,0.0,0.0,0.8568836304421861,0.0035321140803224,0.8495125041431874,0.8636614962905586,0.6535705327596779,0.0410768778084894,0.5748031496062992,0.7391304347826086,population_robustness,,low_veto_frac,lambda
0.2,min,0.0,0.0,0.0,0.0,1.0,0.0,1.0,1.0,0.7565308182384056,0.0112551029065603,0.7348666349037349,0.7783214774163179,0.0,0.0,0.0,0.0,0.0,0.0,0.0,0.0,100.0,0.0,100.0,100.0,0.0,0.0,0.0,0.0,0.0,0.0,0.0,0.0,1.0,0.0,1.0,1.0,0.0,0.0,0.0,0.0,0.0,0.0,0.0,0.0,0.0,0.0,0.0,0.0,1.0,0.0,1.0,1.0,1.0,0.0,1.0,1.0,population_robustness,,low_veto_frac,lambda
0.3,geometric,0.0,0.0,0.0,0.0,1.0,0.0,1.0,1.0,0.7033129314652967,0.0151704737254078,0.6722919511002449,0.7346579711377527,0.0,0.0,0.0,0.0,0.0,0.0,0.0,0.0,100.0,0.0,100.0,100.0,0.0,0.0,0.0,0.0,0.0,0.0,0.0,0.0,1.0,0.0,1.0,1.0,0.0,0.0,0.0,0.0,0.0,0.0,0.0,0.0,0.0,0.0,0.0,0.0,0.7458966474336459,0.01033434230522,0.72392744970147,0.76510802267824,0.4101296608717712,0.0384487419797561,0.3333333333333333,0.4925373134328358,population_robustness,,low_veto_frac,lambda
0.3,linear,0.0,0.0,0.0,0.0,1.0,0.0,1.0,1.0,0.6735587865946133,0.0182086360595421,0.6372434769803773,0.708957085890596,0.0,0.0,0.0,0.0,0.0,0.0,0.0,0.0,100.0,0.0,100.0,100.0,0.0,0.0,0.0,0.0,0.0,0.0,0.0,0.0,1.0,0.0,1.0,1.0,0.0,0.0,0.0,0.0,0.0,0.0,0.0,0.0,0.0,0.0,0.0,0.0,0.7576265127152856,0.0059360890524851,0.7451569345268687,0.768570848091484,0.4959020725513525,0.0398920753943796,0.4184397163120567,0.5873015873015873,population_robustness,,low_veto_frac,lambda
0.3,min,0.0,0.0,0.0,0.0,1.0,0.0,1.0,1.0,0.7565308182384056,0.0112551029065603,0.7348666349037349,0.7783214774163179,0.0,0.0,0.0,0.0,0.0,0.0,0.0,0.0,100.0,0.0,100.0,100.0,0.0,0.0,0.0,0.0,0.0,0.0,0.0,0.0,1.0,0.0,1.0,1.0,0.0,0.0,0.0,0.0,0.0,0.0,0.0,0.0,0.0,0.0,0.0,0.0,1.0,0.0,1.0,1.0,1.0,0.0,1.0,1.0,population_robustness,,low_veto_frac,lambda
0.4,geometric,0.0,0.0,0.0,0.0,1.0,0.0,1.0,1.0,0.7396620253025425,0.0137214443692694,0.7137316742378502,0.7667837509732669,0.0,0.0,0.0,0.0,0.0,0.0,0.0,0.0,100.0,0.0,100.0,100.0,0.0,0.0,0.0,0.0,0.0,0.0,0.0,0.0,1.0,0.0,1.0,1.0,0.0,0.0,0.0,0.0,0.0,0.0,0.0,0.0,0.0,0.0,0.0,0.0,0.6475880146505444,0.0131495719977855,0.6194257187296172,0.6720410415934975,0.3268512430715867,0.0360793816679191,0.2578616352201258,0.3986013986013986,population_robustness,,low_veto_frac,lambda
0.4,linear,0.0,0.0,0.0,0.0,1.0,0.0,1.0,1.0,0.7273094698495451,0.0152603700700656,0.6970407326488647,0.7564149982087813,0.0,0.0,0.0,0.0,0.0,0.0,0.0,0.0,100.0,0.0,100.0,100.0,0.0,0.0,0.0,0.0,0.0,0.0,0.0,0.0,1.0,0.0,1.0,1.0,0.0,0.0,0.0,0.0,0.0,0.0,0.0,0.0,0.0,0.0,0.0,0.0,0.635479656106611,0.0089930682719514,0.6154992486750903,0.6518646891263947,0.3738532528362648,0.0375110345850259,0.3069773363891011,0.4492753623188406,population_robustness,,low_veto_frac,lambda
0.4,min,0.0,0.0,0.0,0.0,1.0,0.0,1.0,1.0,0.7565308182384056,0.0112551029065603,0.7348666349037349,0.7783214774163179,0.0,0.0,0.0,0.0,0.0,0.0,0.0,0.0,100.0,0.0,100.0,100.0,0.0,0.0,0.0,0.0,0.0,0.0,0.0,0.0,1.0,0.0,1.0,1.0,0.0,0.0,0.0,0.0,0.0,0.0,0.0,0.0,0.0,0.0,0.0,0.0,1.0,0.0,1.0,1.0,1.0,0.0,1.0,1.0,population_robustness,,low_veto_frac,lambda
0.5,geometric,0.0,0.0,0.0,0.0,1.0,0.0,1.0,1.0,0.7691231224215456,0.0124680574141912,0.7451103742239492,0.7924787344202759,0.0,0.0,0.0,0.0,0.0,0.0,0.0,0.0,100.0,0.0,100.0,100.0,0.0,0.0,0.0,0.0,0.0,0.0,0.0,0.0,1.0,0.0,1.0,1.0,0.0,0.0,0.0,0.0,0.0,0.0,0.0,0.0,0.0,0.0,0.0,0.0,0.5469150649741608,0.0153205847246295,0.5144827655411168,0.575116451758567,0.2630329147425088,0.0335174938012658,0.1976047904191616,0.3333333333333333,population_robustness,,low_veto_frac,lambda
0.5,linear,0.0,0.0,0.0,0.0,1.0,0.0,1.0,1.0,0.7696513826541804,0.013192656613545,0.7437428241502404,0.7938219644039047,0.0,0.0,0.0,0.0,0.0,0.0,0.0,0.0,100.0,0.0,100.0,100.0,0.0,0.0,0.0,0.0,0.0,0.0,0.0,0.0,1.0,0.0,1.0,1.0,0.0,0.0,0.0,0.0,0.0,0.0,0.0,0.0,0.0,0.0,0.0,0.0,0.4922903522291387,0.0126177063044683,0.4657301999173837,0.5154431486116675,0.2822868786776414,0.0340504633194755,0.2195121951219512,0.3513513513513513,population_robustness,,low_veto_frac,lambda
0.5,min,0.0,0.0,0.0,0.0,1.0,0.0,1.0,1.0,0.7565308182384056,0.0112551029065603,0.7348666349037349,0.7783214774163179,0.0,0.0,0.0,0.0,0.0,0.0,0.0,0.0,100.0,0.0,100.0,100.0,0.0,0.0,0.0,0.0,0.0,0.0,0.0,0.0,1.0,0.0,1.0,1.0,0.0,0.0,0.0,0.0,0.0,0.0,0.0,0.0,0.0,0.0,0.0,0.0,1.0,0.0,1.0,1.0,1.0,0.0,1.0,1.0,population_robustness,,low_veto_frac,lambda
0.6,geometric,0.0,0.0,0.0,0.0,1.0,0.0,1.0,1.0,0.7946569153639296,0.0110451506413789,0.7732799932299333,0.8152677737828355,0.0,0.0,0.0,0.0,0.0,0.0,0.0,0.0,100.0,0.0,100.0,100.0,0.0,0.0,0.0,0.0,0.0,0.0,0.0,0.0,1.0,0.0,1.0,1.0,0.0,0.0,0.0,0.0,0.0,0.0,0.0,0.0,0.0,0.0,0.0,0.0,0.4462668727108523,0.0168783227041539,0.4110064723295368,0.4770147007174752,0.2109622545371651,0.030784237694639,0.1560693641618497,0.2738853503184713,population_robustness,,low_veto_frac,lambda
0.6,linear,0.0,0.0,0.0,0.0,1.0,0.0,1.0,1.0,0.8045381525283278,0.0108427485570487,0.7844378258302498,0.8252399021639236,0.0,0.0,0.0,0.0,0.002,0.0446989708829856,0.0,0.0,99.998,0.0446989708829856,100.0,100.0,0.0,0.0,0.0,0.0,2e-05,0.0004469897088298,0.0,0.0,0.99998,0.0004469897088298,1.0,1.0,2e-05,0.0004469897088298,0.0,0.0,0.0,0.0,0.0,0.0,0.0,0.0,0.0,0.0,0.3413037374714898,0.0160870423357696,0.3070630461848582,0.3706404537259545,0.2113830864803198,0.0305599928801788,0.1560693641618497,0.2738853503184713,population_robustness,,low_veto_frac,lambda
0.6,min,0.0,0.0,0.0,0.0,1.0,0.0,1.0,1.0,0.7565308182384056,0.0112551029065603,0.7348666349037349,0.7783214774163179,0.0,0.0,0.0,0.0,0.0,0.0,0.0,0.0,100.0,0.0,100.0,100.0,0.0,0.0,0.0,0.0,0.0,0.0,0.0,0.0,1.0,0.0,1.0,1.0,0.0,0.0,0.0,0.0,0.0,0.0,0.0,0.0,0.0,0.0,0.0,0.0,1.0,0.0,1.0,1.0,1.0,0.0,1.0,1.0,population_robustness,,low_veto_frac,lambda
0.7,geometric,0.0,0.0,0.0,0.0,1.0,0.0,1.0,1.0,0.8180422516030057,0.0096790049094492,0.7996064784794696,0.8364173921186422,0.0,0.0,0.0,0.0,0.0,0.0,0.0,0.0,100.0,0.0,100.0,100.0,0.0,0.0,0.0,0.0,0.0,0.0,0.0,0.0,1.0,0.0,1.0,1.0,0.0,0.0,0.0,0.0,0.0,0.0,0.0,0.0,0.0,0.0,0.0,0.0,0.3480946545582258,0.0178885013322722,0.3114233104209522,0.3800382319000551,0.1654411660396172,0.0271856510928738,0.1173184357541899,0.2195121951219512,population_robustness,,low_veto_frac,lambda
0.7,linear,0.0,0.0,0.0,0.0,1.0,0.0,1.0,1.0,0.8332481779280945,0.009273517844165,0.8152579760333243,0.8505549958657781,0.0,0.0,0.0,0.0,0.891,1.001059998761873,0.0,3.0,99.109,1.001059998761873,97.0,100.0,0.0,0.0,0.0,0.0,0.00891,0.0100105999876187,0.0,0.03,0.99109,0.0100105999876187,0.97,1.0,0.00891,0.0100105999876187,0.0,0.03,0.0,0.0,0.0,0.0,0.0,0.0,0.0,0.0,0.2045439601254636,0.0182923345205023,0.1666106339493935,0.2366143448479499,0.1555267564679173,0.0262210134763568,0.1049723756906077,0.2048192771084337,population_robustness,,low_veto_frac,lambda
0.7,min,0.0,0.0,0.0,0.0,1.0,0.0,1.0,1.0,0.7565308182384056,0.0112551029065603,0.7348666349037349,0.7783214774163179,0.0,0.0,0.0,0.0,0.0,0.0,0.0,0.0,100.0,0.0,100.0,100.0,0.0,0.0,0.0,0.0,0.0,0.0,0.0,0.0,1.0,0.0,1.0,1.0,0.0,0.0,0.0,0.0,0.0,0.0,0.0,0.0,0.0,0.0,0.0,0.0,1.0,0.0,1.0,1.0,1.0,0.0,1.0,1.0,population_robustness,,low_veto_frac,lambda
0.8,geometric,0.0,0.0,0.0,0.0,1.0,0.0,1.0,1.0,0.8392860203948456,0.0088378193347341,0.821708264972514,0.8557961248508379,0.0,0.0,0.0,0.0,0.183,0.4423875074035282,0.0,1.0,99.817,0.4423875074035281,99.0,100.0,0.0,0.0,0.0,0.0,0.00183,0.0044238750740352,0.0,0.01,0.99817,0.0044238750740352,0.99,1.0,0.00183,0.0044238750740352,0.0,0.01,0.0,0.0,0.0,0.0,0.0,0.0,0.0,0.0,0.2549315378054287,0.0185378543602545,0.2180304048968942,0.2869945311324067,0.1259369126368888,0.023970439846046,0.081081081081081,0.1764705882352941,population_robustness,,low_veto_frac,lambda
0.8,linear,0.05514,0.0233736331520524,0.01,0.1,0.94486,0.0233736331520524,0.9,0.99,0.8635689009117545,0.0079060792448651,0.8464161957020785,0.879277929660644,5.514,2.337363315205248,1.0,10.0,4.581,1.9918349345280617,1.0,9.0,89.905,3.077896757275729,84.0,95.0,0.05514,0.0233736331520524,0.01,0.1,0.04581,0.0199183493452806,0.01,0.09,0.8990499999999999,0.0307789675727572,0.84,0.95,0.10095,0.0307789675727572,0.05,0.16,0.05514,0.0233736331520524,0.01,0.1,0.0,0.0,0.0,0.0,0.091188062010114,0.0193207491138845,0.0525060654795155,0.1258658461570475,0.1070287520604955,0.022170916308499,0.0638297872340425,0.1494252873563218,population_robustness,,low_veto_frac,lambda
0.8,min,0.0,0.0,0.0,0.0,1.0,0.0,1.0,1.0,0.7565308182384056,0.0112551029065603,0.7348666349037349,0.7783214774163179,0.0,0.0,0.0,0.0,0.0,0.0,0.0,0.0,100.0,0.0,100.0,100.0,0.0,0.0,0.0,0.0,0.0,0.0,0.0,0.0,1.0,0.0,1.0,1.0,0.0,0.0,0.0,0.0,0.0,0.0,0.0,0.0,0.0,0.0,0.0,0.0,1.0,0.0,1.0,1.0,1.0,0.0,1.0,1.0,population_robustness,,low_veto_frac,lambda
0.9,geometric,0.0,0.0,0.0,0.0,1.0,0.0,1.0,1.0,0.8582073372660259,0.0082390661531745,0.8419868462716931,0.8741902734692465,0.0,0.0,0.0,0.0,4.489,2.08235809005445,1.0,9.0,95.511,2.08235809005445,91.0,99.0,0.0,0.0,0.0,0.0,0.04489,0.0208235809005444,0.01,0.09,0.95511,0.0208235809005444,0.91,0.99,0.04489,0.0208235809005444,0.01,0.09,0.0,0.0,0.0,0.0,0.0,0.0,0.0,0.0,0.1694340554914454,0.018992566791196,0.132075560684361,0.2030626661983844,0.0891460733603768,0.0203566508492123,0.0526315789473684,0.1299435028248587,population_robustness,,low_veto_frac,lambda
0.9,linear,0.1584099999999999,0.0307427555208868,0.1,0.22,0.84159,0.0307427555208868,0.78,0.9,0.8835889297788072,0.0071787509859922,0.8692625186674107,0.8977384792020913,15.841,3.074275552088682,10.0,22.0,8.287,2.650973153138043,3.9750000000000014,14.0,75.872,3.822070672322036,68.0,83.0,0.1584099999999999,0.0307427555208868,0.1,0.22,0.08287,0.0265097315313804,0.03975,0.14,0.7587200000000001,0.0382207067232203,0.68,0.83,0.24128,0.0382207067232203,0.17,0.32,0.1584099999999999,0.0307427555208868,0.1,0.22,0.0,0.0,0.0,0.0,0.0003160153718414,0.0196686616018253,-0.0388993803731177,0.0364465209163104,0.0686893172250016,0.0181586011966575,0.0362694300518134,0.1111111111111111,population_robustness,,low_veto_frac,lambda
0.9,min,0.0,0.0,0.0,0.0,1.0,0.0,1.0,1.0,0.7565308182384056,0.0112551029065603,0.7348666349037349,0.7783214774163179,0.0,0.0,0.0,0.0,0.0,0.0,0.0,0.0,100.0,0.0,100.0,100.0,0.0,0.0,0.0,0.0,0.0,0.0,0.0,0.0,1.0,0.0,1.0,1.0,0.0,0.0,0.0,0.0,0.0,0.0,0.0,0.0,0.0,0.0,0.0,0.0,1.0,0.0,1.0,1.0,1.0,0.0,1.0,1.0,population_robustness,,low_veto_frac,lambda
1.0,geometric,0.0,0.0,0.0,0.0,1.0,0.0,1.0,1.0,0.8679105036512708,0.007994330100311,0.852167998066149,0.8836410444272876,0.0,0.0,0.0,0.0,15.563,3.5519920675091106,9.0,23.0,84.437,3.5519920675091106,77.0,91.0,0.0,0.0,0.0,0.0,0.15563,0.0355199206750911,0.09,0.23,0.8443699999999998,0.0355199206750911,0.77,0.91,0.15563,0.0355199206750911,0.09,0.23,0.0,0.0,0.0,0.0,0.0,0.0,0.0,0.0,0.0944514695700165,0.0193594896523974,0.057034669610155,0.1296893281822286,0.0561543066016975,0.0166273688428086,0.0256410256410256,0.0928961748633879,population_robustness,,low_veto_frac,lambda
1.0,linear,0.23972,0.0321862945608462,0.18,0.3,0.76028,0.0321862945608462,0.7,0.8200000000000001,0.8885579391243341,0.0070369086803245,0.8742142321942892,0.9028903437586416,23.972,3.21862945608462,18.0,30.0,11.828,3.108066292098043,6.0,18.0,64.2,4.101319400000543,56.0,72.0,0.23972,0.0321862945608462,0.18,0.3,0.11828,0.0310806629209804,0.06,0.18,0.642,0.0410131940000054,0.56,0.72,0.358,0.0410131940000054,0.28,0.44,0.23972,0.0321862945608462,0.18,0.3,0.0,0.0,0.0,0.0,-0.071836590433822,0.0196224352482638,-0.1094853873182562,-0.0354069069935573,0.042588837612554,0.0142741560657888,0.015228426395939,0.0695187165775401,population_robustness,,low_veto_frac,lambda
1.0,min,0.0,0.0,0.0,0.0,1.0,0.0,1.0,1.0,0.7565308182384056,0.0112551029065603,0.7348666349037349,0.7783214774163179,0.0,0.0,0.0,0.0,0.0,0.0,0.0,0.0,100.0,0.0,100.0,100.0,0.0,0.0,0.0,0.0,0.0,0.0,0.0,0.0,1.0,0.0,1.0,1.0,0.0,0.0,0.0,0.0,0.0,0.0,0.0,0.0,0.0,0.0,0.0,0.0,1.0,0.0,1.0,1.0,1.0,0.0,1.0,1.0,population_robustness,,low_veto_frac,lambda
0.0,geometric,0.0,0.0,0.0,0.0,1.0,0.0,1.0,1.0,0.4994631407757576,0.0216082823742294,0.4600632985059039,0.5411147175704034,0.0,0.0,0.0,0.0,0.0,0.0,0.0,0.0,100.0,0.0,100.0,100.0,0.0,0.0,0.0,0.0,0.0,0.0,0.0,0.0,1.0,0.0,1.0,1.0,0.0,0.0,0.0,0.0,0.0,0.0,0.0,0.0,0.0,0.0,0.0,0.0,1.0,0.0,1.0,1.0,1.0,0.0,1.0,1.0,population_robustness,,weak_heavy,lambda
0.0,linear,0.0,0.0,0.0,0.0,1.0,0.0,1.0,1.0,0.4994631407757576,0.0216082823742294,0.4600632985059039,0.5411147175704034,0.0,0.0,0.0,0.0,0.0,0.0,0.0,0.0,100.0,0.0,100.0,100.0,0.0,0.0,0.0,0.0,0.0,0.0,0.0,0.0,1.0,0.0,1.0,1.0,0.0,0.0,0.0,0.0,0.0,0.0,0.0,0.0,0.0,0.0,0.0,0.0,1.0,0.0,1.0,1.0,1.0,0.0,1.0,1.0,population_robustness,,weak_heavy,lambda
0.0,min,0.0,0.0,0.0,0.0,1.0,0.0,1.0,1.0,0.6676493660234318,0.015350215794238,0.6376615467242359,0.6978578168909569,0.0,0.0,0.0,0.0,0.0,0.0,0.0,0.0,100.0,0.0,100.0,100.0,0.0,0.0,0.0,0.0,0.0,0.0,0.0,0.0,1.0,0.0,1.0,1.0,0.0,0.0,0.0,0.0,0.0,0.0,0.0,0.0,0.0,0.0,0.0,0.0,1.0,0.0,1.0,1.0,1.0,0.0,1.0,1.0,population_robustness,,weak_heavy,lambda
0.1,geometric,0.0,0.0,0.0,0.0,1.0,0.0,1.0,1.0,0.541273559807124,0.0209345449775753,0.4988763888202241,0.5819139535086191,0.0,0.0,0.0,0.0,0.0,0.0,0.0,0.0,100.0,0.0,100.0,100.0,0.0,0.0,0.0,0.0,0.0,0.0,0.0,0.0,1.0,0.0,1.0,1.0,0.0,0.0,0.0,0.0,0.0,0.0,0.0,0.0,0.0,0.0,0.0,0.0,0.9741359549624684,0.0013072829056157,0.9715303377814845,0.9765654712260216,0.8560310783069923,0.0339319889091401,0.7857142857142857,0.9230769230769232,population_robustness,,weak_heavy,lambda
0.1,linear,0.0,0.0,0.0,0.0,1.0,0.0,1.0,1.0,0.5285178141929116,0.0216258706539769,0.4848475093916604,0.569360328330361,0.0,0.0,0.0,0.0,0.0,0.0,0.0,0.0,100.0,0.0,100.0,100.0,0.0,0.0,0.0,0.0,0.0,0.0,0.0,0.0,1.0,0.0,1.0,1.0,0.0,0.0,0.0,0.0,0.0,0.0,0.0,0.0,0.0,0.0,0.0,0.0,0.8504085642778655,0.0076775403462945,0.8352981729849612,0.8648524344742742,0.8950978325413402,0.0293919853628688,0.8348623853211009,0.941747572815534,population_robustness,,weak_heavy,lambda
0.1,min,0.0,0.0,0.0,0.0,1.0,0.0,1.0,1.0,0.6676493660234318,0.015350215794238,0.6376615467242359,0.6978578168909569,0.0,0.0,0.0,0.0,0.0,0.0,0.0,0.0,100.0,0.0,100.0,100.0,0.0,0.0,0.0,0.0,0.0,0.0,0.0,0.0,1.0,0.0,1.0,1.0,0.0,0.0,0.0,0.0,0.0,0.0,0.0,0.0,0.0,0.0,0.0,0.0,1.0,0.0,1.0,1.0,1.0,0.0,1.0,1.0,population_robustness,,weak_heavy,lambda
0.2,geometric,0.0,0.0,0.0,0.0,1.0,0.0,1.0,1.0,0.5854939568691404,0.0196645186859126,0.5472705264976113,0.6249351400187017,0.0,0.0,0.0,0.0,0.0,0.0,0.0,0.0,100.0,0.0,100.0,100.0,0.0,0.0,0.0,0.0,0.0,0.0,0.0,0.0,1.0,0.0,1.0,1.0,0.0,0.0,0.0,0.0,0.0,0.0,0.0,0.0,0.0,0.0,0.0,0.0,0.9427263219349457,0.0027864592705393,0.9373954336947454,0.948194432860717,0.7224918170060649,0.0401296856857158,0.639344262295082,0.8018018018018018,population_robustness,,weak_heavy,lambda
0.2,linear,0.0,0.0,0.0,0.0,1.0,0.0,1.0,1.0,0.5635597847207443,0.0213168441159385,0.5193848738568294,0.6046873314477229,0.0,0.0,0.0,0.0,0.0,0.0,0.0,0.0,100.0,0.0,100.0,100.0,0.0,0.0,0.0,0.0,0.0,0.0,0.0,0.0,1.0,0.0,1.0,1.0,0.0,0.0,0.0,0.0,0.0,0.0,0.0,0.0,0.0,0.0,0.0,0.0,0.7272452039455742,0.0110766405690544,0.7050770131860119,0.7487942452571303,0.7843125755960789,0.0376012643660066,0.7094017094017094,0.8518518518518519,population_robustness,,weak_heavy,lambda
0.2,min,0.0,0.0,0.0,0.0,1.0,0.0,1.0,1.0,0.6676493660234318,0.015350215794238,0.6376615467242359,0.6978578168909569,0.0,0.0,0.0,0.0,0.0,0.0,0.0,0.0,100.0,0.0,100.0,100.0,0.0,0.0,0.0,0.0,0.0,0.0,0.0,0.0,1.0,0.0,1.0,1.0,0.0,0.0,0.0,0.0,0.0,0.0,0.0,0.0,0.0,0.0,0.0,0.0,1.0,0.0,1.0,1.0,1.0,0.0,1.0,1.0,population_robustness,,weak_heavy,lambda
0.3,geometric,0.0,0.0,0.0,0.0,1.0,0.0,1.0,1.0,0.6273418438550264,0.0185830557287456,0.5911026663968713,0.6633855565344015,0.0,0.0,0.0,0.0,0.0,0.0,0.0,0.0,100.0,0.0,100.0,100.0,0.0,0.0,0.0,0.0,0.0,0.0,0.0,0.0,1.0,0.0,1.0,1.0,0.0,0.0,0.0,0.0,0.0,0.0,0.0,0.0,0.0,0.0,0.0,0.0,0.9046815054211842,0.0045177342672778,0.8956231234361967,0.9135154295246036,0.6052139278048149,0.0427187797077872,0.5267175572519084,0.6949152542372882,population_robustness,,weak_heavy,lambda
0.3,linear,0.0,0.0,0.0,0.0,1.0,0.0,1.0,1.0,0.6066394697920341,0.0201891398494404,0.5652107655568751,0.6459815578362029,0.0,0.0,0.0,0.0,0.0,0.0,0.0,0.0,100.0,0.0,100.0,100.0,0.0,0.0,0.0,0.0,0.0,0.0,0.0,0.0,1.0,0.0,1.0,1.0,0.0,0.0,0.0,0.0,0.0,0.0,0.0,0.0,0.0,0.0,0.0,0.0,0.5950290206571448,0.0137293962518959,0.5687537860205334,0.6208674006773209,0.6630753000150419,0.0417831322233122,0.5873015873015873,0.7391304347826086,population_robustness,,weak_heavy,lambda
0.3,min,0.0,0.0,0.0,0.0,1.0,0.0,1.0,1.0,0.6676493660234318,0.015350215794238,0.6376615467242359,0.6978578168909569,0.0,0.0,0.0,0.0,0.0,0.0,0.0,0.0,100.0,0.0,100.0,100.0,0.0,0.0,0.0,0.0,0.0,0.0,0.0,0.0,1.0,0.0,1.0,1.0,0.0,0.0,0.0,0.0,0.0,0.0,0.0,0.0,0.0,0.0,0.0,0.0,1.0,0.0,1.0,1.0,1.0,0.0,1.0,1.0,population_robustness,,weak_heavy,lambda
0.4,geometric,0.0,0.0,0.0,0.0,1.0,0.0,1.0,1.0,0.6652489332415102,0.0173266643407423,0.6285434812528634,0.6978683151381185,0.0,0.0,0.0,0.0,0.0,0.0,0.0,0.0,100.0,0.0,100.0,100.0,0.0,0.0,0.0,0.0,0.0,0.0,0.0,0.0,1.0,0.0,1.0,1.0,0.0,0.0,0.0,0.0,0.0,0.0,0.0,0.0,0.0,0.0,0.0,0.0,0.858717981651376,0.0064223896335717,0.846202460383653,0.8714932235195996,0.5051429264163882,0.0421610754347052,0.4285714285714285,0.5873015873015873,population_robustness,,weak_heavy,lambda
0.4,linear,0.0,0.0,0.0,0.0,1.0,0.0,1.0,1.0,0.6588733868101984,0.0189485713914181,0.6213194326410474,0.6962709948635356,0.0,0.0,0.0,0.0,0.0,0.0,0.0,0.0,100.0,0.0,100.0,100.0,0.0,0.0,0.0,0.0,0.0,0.0,0.0,0.0,1.0,0.0,1.0,1.0,0.0,0.0,0.0,0.0,0.0,0.0,0.0,0.0,0.0,0.0,0.0,0.0,0.4510092429382713,0.0157407510924896,0.4194082589948715,0.4799665758908593,0.5342917449662239,0.0425132339547725,0.4598540145985401,0.6260162601626016,population_robustness,,weak_heavy,lambda
0.4,min,0.0,0.0,0.0,0.0,1.0,0.0,1.0,1.0,0.6676493660234318,0.015350215794238,0.6376615467242359,0.6978578168909569,0.0,0.0,0.0,0.0,0.0,0.0,0.0,0.0,100.0,0.0,100.0,100.0,0.0,0.0,0.0,0.0,0.0,0.0,0.0,0.0,1.0,0.0,1.0,1.0,0.0,0.0,0.0,0.0,0.0,0.0,0.0,0.0,0.0,0.0,0.0,0.0,1.0,0.0,1.0,1.0,1.0,0.0,1.0,1.0,population_robustness,,weak_heavy,lambda
0.5,geometric,0.0,0.0,0.0,0.0,1.0,0.0,1.0,1.0,0.6995453794879931,0.0159492658003454,0.6682174001192637,0.7302398366721486,0.0,0.0,0.0,0.0,0.0,0.0,0.0,0.0,100.0,0.0,100.0,100.0,0.0,0.0,0.0,0.0,0.0,0.0,0.0,0.0,1.0,0.0,1.0,1.0,0.0,0.0,0.0,0.0,0.0,0.0,0.0,0.0,0.0,0.0,0.0,0.0,0.803258678065054,0.0084466812863894,0.786732381150959,0.8201204128440367,0.4190484400420826,0.0399777462689323,0.3422818791946309,0.5037593984962406,population_robustness,,weak_heavy,lambda
0.5,linear,0.0,0.0,0.0,0.0,1.0,0.0,1.0,1.0,0.7148298971022143,0.0162119057119591,0.6835380881944279,0.74604502275887,0.0,0.0,0.0,0.0,0.668,0.9146653008683628,0.0,3.0,99.332,0.9146653008683628,97.0,100.0,0.0,0.0,0.0,0.0,0.0066799999999999,0.0091466530086836,0.0,0.03,0.99332,0.0091466530086836,0.97,1.0,0.0066799999999999,0.0091466530086836,0.0,0.03,0.0,0.0,0.0,0.0,0.0,0.0,0.0,0.0,0.2966104363307639,0.0173173427629238,0.262364277233274,0.3289234251815221,0.4091418197913162,0.0397933949377632,0.3333333333333333,0.4925373134328358,population_robustness,,weak_heavy,lambda
0.5,min,0.0,0.0,0.0,0.0,1.0,0.0,1.0,1.0,0.6676493660234318,0.015350215794238,0.6376615467242359,0.6978578168909569,0.0,0.0,0.0,0.0,0.0,0.0,0.0,0.0,100.0,0.0,100.0,100.0,0.0,0.0,0.0,0.0,0.0,0.0,0.0,0.0,1.0,0.0,1.0,1.0,0.0,0.0,0.0,0.0,0.0,0.0,0.0,0.0,0.0,0.0,0.0,0.0,1.0,0.0,1.0,1.0,1.0,0.0,1.0,1.0,population_robustness,,weak_heavy,lambda
0.6,geometric,0.0,0.0,0.0,0.0,1.0,0.0,1.0,1.0,0.7320824385806949,0.0143917822705772,0.7035530490266799,0.7607524056901351,0.0,0.0,0.0,0.0,0.013,0.121843530176394,0.0,0.0,99.987,0.121843530176394,100.0,100.0,0.0,0.0,0.0,0.0,0.00013,0.0012184353017639,0.0,0.0,0.99987,0.0012184353017639,1.0,1.0,0.00013,0.0012184353017639,0.0,0.0,0.0,0.0,0.0,0.0,0.0,0.0,0.0,0.0,0.7364662510425353,0.0104085362591,0.7160277314428689,0.7574146163469557,0.341571050527865,0.0370059231983728,0.2738853503184713,0.4184397163120567,population_robustness,,weak_heavy,lambda
0.6,linear,0.00183,0.0070142925730468,0.0,0.02,0.99817,0.0070142925730468,0.98,1.0,0.7684073103618788,0.0127484330836389,0.7432857532035622,0.7937621070764059,0.183,0.7014292573046857,0.0,2.0,7.069,2.902871968528007,2.0,13.0,92.748,3.1058239071367426,86.0,98.0,0.00183,0.0070142925730468,0.0,0.02,0.07069,0.02902871968528,0.02,0.13,0.92748,0.0310582390713674,0.86,0.98,0.07252,0.0310582390713674,0.02,0.14,0.00183,0.0070142925730468,0.0,0.02,0.0,0.0,0.0,0.0,0.1434756023937414,0.0183773625526735,0.1062524663775339,0.1779671068305387,0.2994647228788519,0.0353802536776504,0.2345679012345679,0.3698630136986301,population_robustness,,weak_heavy,lambda
0.6,min,0.0,0.0,0.0,0.0,1.0,0.0,1.0,1.0,0.6676493660234318,0.015350215794238,0.6376615467242359,0.6978578168909569,0.0,0.0,0.0,0.0,0.0,0.0,0.0,0.0,100.0,0.0,100.0,100.0,0.0,0.0,0.0,0.0,0.0,0.0,0.0,0.0,1.0,0.0,1.0,1.0,0.0,0.0,0.0,0.0,0.0,0.0,0.0,0.0,0.0,0.0,0.0,0.0,1.0,0.0,1.0,1.0,1.0,0.0,1.0,1.0,population_robustness,,weak_heavy,lambda
0.7,geometric,0.0,0.0,0.0,0.0,1.0,0.0,1.0,1.0,0.7634918477998915,0.0124106730611074,0.7394976019320888,0.7871737382116879,0.0,0.0,0.0,0.0,1.806,1.497533507674071,0.0,5.0,98.194,1.497533507674071,95.0,100.0,0.0,0.0,0.0,0.0,0.01806,0.0149753350767407,0.0,0.05,0.98194,0.0149753350767407,0.95,1.0,0.01806,0.0149753350767407,0.0,0.05,0.0,0.0,0.0,0.0,0.0,0.0,0.0,0.0,0.65634077147623,0.0122057699956916,0.6318571726438699,0.6811254170141784,0.2715648716386275,0.0334682584687072,0.2121212121212121,0.3422818791946309,population_robustness,,weak_heavy,lambda
0.7,linear,0.18043,0.0446083512921628,0.09,0.27,0.8195699999999999,0.0446083512921628,0.73,0.91,0.8484642054014466,0.0099226175245099,0.8281902380060577,0.86772917918865,18.043,4.4608351292162824,9.0,27.0,13.323,3.404153236747615,7.0,20.0,68.634,5.46130660830079,58.0,79.0,0.18043,0.0446083512921628,0.09,0.27,0.13323,0.0340415323674761,0.07,0.2,0.68634,0.0546130660830078,0.58,0.79,0.31366,0.0546130660830078,0.21,0.42,0.18043,0.0446083512921628,0.09,0.27,0.0,0.0,0.0,0.0,0.010668264409639,0.0186187280772922,-0.0257530473077289,0.0461201388160584,0.1844784707099104,0.0289138135427079,0.1299435028248587,0.2422360248447205,population_robustness,,weak_heavy,lambda
0.7,min,0.0,0.0,0.0,0.0,1.0,0.0,1.0,1.0,0.6676493660234318,0.015350215794238,0.6376615467242359,0.6978578168909569,0.0,0.0,0.0,0.0,0.0,0.0,0.0,0.0,100.0,0.0,100.0,100.0,0.0,0.0,0.0,0.0,0.0,0.0,0.0,0.0,1.0,0.0,1.0,1.0,0.0,0.0,0.0,0.0,0.0,0.0,0.0,0.0,0.0,0.0,0.0,0.0,1.0,0.0,1.0,1.0,1.0,0.0,1.0,1.0,population_robustness,,weak_heavy,lambda
0.8,geometric,0.0,0.0,0.0,0.0,1.0,0.0,1.0,1.0,0.7949080799064241,0.0109308263501434,0.7740990052796635,0.8163080047345043,0.0,0.0,0.0,0.0,9.562,3.2549578723465453,4.0,16.0,90.438,3.2549578723465458,84.0,96.0,0.0,0.0,0.0,0.0,0.09562,0.0325495787234654,0.04,0.16,0.90438,0.0325495787234654,0.84,0.96,0.09562,0.0325495787234654,0.04,0.16,0.0,0.0,0.0,0.0,0.0,0.0,0.0,0.0,0.5610743536280233,0.0136343289989237,0.5336507506255211,0.5873454962468723,0.2057417084375818,0.0300902101957494,0.1494252873563218,0.2658227848101265,population_robustness,,weak_heavy,lambda
0.8,linear,0.3884399999999999,0.0470167733577813,0.3,0.48,0.61156,0.0470167733577813,0.52,0.7,0.8978442117880212,0.0066826247204055,0.8842095043842966,0.9101840086055016,38.844,4.701677335778133,30.0,48.0,16.341,3.663897261543115,9.0,23.024999999999977,44.815,5.063834260460883,35.0,54.02499999999998,0.3884399999999999,0.0470167733577813,0.3,0.48,0.16341,0.0366389726154311,0.09,0.2302499999999998,0.44815,0.0506383426046088,0.35,0.5402499999999998,0.5518500000000002,0.0506383426046088,0.45975,0.65,0.3884399999999999,0.0470167733577813,0.3,0.48,0.0,0.0,0.0,0.0,-0.0960725798411059,0.0181855464147329,-0.1328413517512053,-0.0609559069415326,0.1009026192900705,0.0216356698895456,0.0638297872340425,0.1428571428571428,population_robustness,,weak_heavy,lambda
0.8,min,0.0,0.0,0.0,0.0,1.0,0.0,1.0,1.0,0.6676493660234318,0.015350215794238,0.6376615467242359,0.6978578168909569,0.0,0.0,0.0,0.0,0.0,0.0,0.0,0.0,100.0,0.0,100.0,100.0,0.0,0.0,0.0,0.0,0.0,0.0,0.0,0.0,1.0,0.0,1.0,1.0,0.0,0.0,0.0,0.0,0.0,0.0,0.0,0.0,0.0,0.0,0.0,0.0,1.0,0.0,1.0,1.0,1.0,0.0,1.0,1.0,population_robustness,,weak_heavy,lambda
0.9,geometric,0.0,0.0,0.0,0.0,1.0,0.0,1.0,1.0,0.8286783688063397,0.0095283816759113,0.8097088038022626,0.846663372222093,0.0,0.0,0.0,0.0,25.635,4.493101708504155,17.0,35.0,74.365,4.493101708504156,65.0,83.0,0.0,0.0,0.0,0.0,0.25635,0.0449310170850415,0.17,0.35,0.7436499999999999,0.0449310170850415,0.65,0.83,0.25635,0.0449310170850415,0.17,0.35,0.0,0.0,0.0,0.0,0.0,0.0,0.0,0.0,0.4507523269391158,0.0146321320913736,0.4211420975813176,0.4779170141784819,0.1378256191996909,0.0244680808378645,0.0869565217391304,0.1834319526627219,population_robustness,,weak_heavy,lambda
0.9,linear,0.53846,0.046209996361867,0.45,0.6202499999999997,0.4615399999999999,0.046209996361867,0.37975,0.55,0.9161985541091964,0.0053209138181446,0.9056210635392232,0.9256356688554492,53.846,4.620999636186703,45.0,62.02499999999998,18.091,3.739345089945792,11.0,25.0,28.063,4.354766927746535,20.0,37.0,0.53846,0.046209996361867,0.45,0.6202499999999997,0.18091,0.0373934508994579,0.11,0.25,0.28063,0.0435476692774653,0.2,0.37,0.7193700000000001,0.0435476692774653,0.63,0.8,0.53846,0.046209996361867,0.45,0.6202499999999997,0.0,0.0,0.0,0.0,-0.1795359203291606,0.0174881111502883,-0.2143854151698648,-0.1456860028217681,0.0513360684696168,0.0158208285057653,0.0204081632653061,0.0869565217391304,population_robustness,,weak_heavy,lambda
0.9,min,0.0,0.0,0.0,0.0,1.0,0.0,1.0,1.0,0.6676493660234318,0.015350215794238,0.6376615467242359,0.6978578168909569,0.0,0.0,0.0,0.0,0.0,0.0,0.0,0.0,100.0,0.0,100.0,100.0,0.0,0.0,0.0,0.0,0.0,0.0,0.0,0.0,1.0,0.0,1.0,1.0,0.0,0.0,0.0,0.0,0.0,0.0,0.0,0.0,0.0,0.0,0.0,0.0,1.0,0.0,1.0,1.0,1.0,0.0,1.0,1.0,population_robustness,,weak_heavy,lambda
1.0,geometric,0.0,0.0,0.0,0.0,1.0,0.0,1.0,1.0,0.8554630098888729,0.008687758409208,0.8384942801219557,0.8727291452759357,0.0,0.0,0.0,0.0,53.075,4.93068825689545,43.0,62.0,46.925,4.93068825689545,38.0,57.0,0.0,0.0,0.0,0.0,0.53075,0.0493068825689544,0.43,0.62,0.46925,0.0493068825689545,0.38,0.57,0.53075,0.0493068825689544,0.43,0.62,0.0,0.0,0.0,0.0,0.0,0.0,0.0,0.0,0.3331980525437863,0.015374750475833,0.30351782735613,0.3637572977481234,0.0669331849618514,0.0177901403546852,0.0362694300518134,0.1049723756906077,population_robustness,,weak_heavy,lambda
1.0,linear,0.6422800000000001,0.0447884762813785,0.55,0.73,0.35772,0.0447884762813785,0.27,0.4499999999999999,0.9200100695324064,0.0050576680695004,0.9096732737727216,0.9290526971757908,64.228,4.478847628137854,55.0,73.0,18.99,3.731732282174838,12.0,26.0,16.782,3.644689254210811,10.0,24.0,0.6422800000000001,0.0447884762813785,0.55,0.73,0.1899,0.0373173228217483,0.12,0.26,0.16782,0.0364468925421081,0.1,0.24,0.8321799999999999,0.0364468925421081,0.76,0.9,0.6422800000000001,0.0447884762813785,0.55,0.73,0.0,0.0,0.0,0.0,-0.244149238894386,0.0167748468574092,-0.2768772332971034,-0.2121481028400913,0.0229022104990798,0.0108648364560112,0.0050251256281407,0.0471204188481675,population_robustness,,weak_heavy,lambda
1.0,min,0.0,0.0,0.0,0.0,1.0,0.0,1.0,1.0,0.6676493660234318,0.015350215794238,0.6376615467242359,0.6978578168909569,0.0,0.0,0.0,0.0,0.0,0.0,0.0,0.0,100.0,0.0,100.0,100.0,0.0,0.0,0.0,0.0,0.0,0.0,0.0,0.0,1.0,0.0,1.0,1.0,0.0,0.0,0.0,0.0,0.0,0.0,0.0,0.0,0.0,0.0,0.0,0.0,1.0,0.0,1.0,1.0,1.0,0.0,1.0,1.0,population_robustness,,weak_heavy,lambda
0.0,geometric,0.0,0.0,0.0,0.0,1.0,0.0,1.0,1.0,0.4992023115293219,0.0222761700384953,0.4558427610633769,0.5420910424309708,0.0,0.0,0.0,0.0,0.0,0.0,0.0,0.0,100.0,0.0,100.0,100.0,0.0,0.0,0.0,0.0,0.0,0.0,0.0,0.0,1.0,0.0,1.0,1.0,0.0,0.0,0.0,0.0,0.0,0.0,0.0,0.0,0.0,0.0,0.0,0.0,1.0,0.0,1.0,1.0,1.0,0.0,1.0,1.0,population_robustness,,weak_sparse,lambda
0.0,linear,0.0,0.0,0.0,0.0,1.0,0.0,1.0,1.0,0.4992023115293219,0.0222761700384953,0.4558427610633769,0.5420910424309708,0.0,0.0,0.0,0.0,0.0,0.0,0.0,0.0,100.0,0.0,100.0,100.0,0.0,0.0,0.0,0.0,0.0,0.0,0.0,0.0,1.0,0.0,1.0,1.0,0.0,0.0,0.0,0.0,0.0,0.0,0.0,0.0,0.0,0.0,0.0,0.0,1.0,0.0,1.0,1.0,1.0,0.0,1.0,1.0,population_robustness,,weak_sparse,lambda
0.0,min,0.0,0.0,0.0,0.0,1.0,0.0,1.0,1.0,0.5925062861314438,0.0168659858473531,0.5608215013023353,0.6248452430719053,0.0,0.0,0.0,0.0,0.0,0.0,0.0,0.0,100.0,0.0,100.0,100.0,0.0,0.0,0.0,0.0,0.0,0.0,0.0,0.0,1.0,0.0,1.0,1.0,0.0,0.0,0.0,0.0,0.0,0.0,0.0,0.0,0.0,0.0,0.0,0.0,1.0,0.0,1.0,1.0,1.0,0.0,1.0,1.0,population_robustness,,weak_sparse,lambda
0.1,geometric,0.0,0.0,0.0,0.0,1.0,0.0,1.0,1.0,0.5450154731087036,0.02089189316492,0.5059179018328875,0.5858983506689859,0.0,0.0,0.0,0.0,0.0,0.0,0.0,0.0,100.0,0.0,100.0,100.0,0.0,0.0,0.0,0.0,0.0,0.0,0.0,0.0,1.0,0.0,1.0,1.0,0.0,0.0,0.0,0.0,0.0,0.0,0.0,0.0,0.0,0.0,0.0,0.0,0.9605640408673892,0.0019332671961777,0.9567759591326104,0.9644913469557964,0.8429605237781905,0.0348867027043188,0.7699115044247787,0.9047619047619048,population_robustness,,weak_sparse,lambda
0.1,linear,0.0,0.0,0.0,0.0,1.0,0.0,1.0,1.0,0.5549479679238605,0.0216768233754763,0.5141808458855107,0.5968650544817191,0.0,0.0,0.0,0.0,0.0,0.0,0.0,0.0,100.0,0.0,100.0,100.0,0.0,0.0,0.0,0.0,0.0,0.0,0.0,0.0,1.0,0.0,1.0,1.0,0.0,0.0,0.0,0.0,0.0,0.0,0.0,0.0,0.0,0.0,0.0,0.0,0.8538191390888015,0.0048305005682308,0.844072838185906,0.8630205781801553,0.8089179732834171,0.0375387111553847,0.7391304347826086,0.8867924528301887,population_robustness,,weak_sparse,lambda
0.1,min,0.0,0.0,0.0,0.0,1.0,0.0,1.0,1.0,0.5925062861314438,0.0168659858473531,0.5608215013023353,0.6248452430719053,0.0,0.0,0.0,0.0,0.0,0.0,0.0,0.0,100.0,0.0,100.0,100.0,0.0,0.0,0.0,0.0,0.0,0.0,0.0,0.0,1.0,0.0,1.0,1.0,0.0,0.0,0.0,0.0,0.0,0.0,0.0,0.0,0.0,0.0,0.0,0.0,1.0,0.0,1.0,1.0,1.0,0.0,1.0,1.0,population_robustness,,weak_sparse,lambda
0.2,geometric,0.0,0.0,0.0,0.0,1.0,0.0,1.0,1.0,0.5918353689600326,0.0204111375814466,0.5504555325262542,0.6320356840093183,0.0,0.0,0.0,0.0,0.0,0.0,0.0,0.0,100.0,0.0,100.0,100.0,0.0,0.0,0.0,0.0,0.0,0.0,0.0,0.0,1.0,0.0,1.0,1.0,0.0,0.0,0.0,0.0,0.0,0.0,0.0,0.0,0.0,0.0,0.0,0.0,0.9130164053377814,0.0041039583249516,0.9047300875729772,0.9211890116763968,0.7037250325849639,0.0428606293298311,0.6260162601626016,0.7857142857142857,population_robustness,,weak_sparse,lambda
0.2,linear,0.0,0.0,0.0,0.0,1.0,0.0,1.0,1.0,0.6187439457020227,0.0207006063141663,0.5809560551010553,0.660290112718153,0.0,0.0,0.0,0.0,0.253,0.5977862062212111,0.0,2.0,99.747,0.5977862062212111,98.0,100.0,0.0,0.0,0.0,0.0,0.00253,0.0059778620622121,0.0,0.02,0.99747,0.0059778620622121,0.98,1.0,0.00253,0.0059778620622121,0.0,0.02,0.0,0.0,0.0,0.0,0.0,0.0,0.0,0.0,0.666705753167164,0.0099652658962405,0.6483450407776729,0.6855966332900486,0.6299936554521425,0.0416909887509489,0.5503875968992248,0.7094017094017094,population_robustness,,weak_sparse,lambda
0.2,min,0.0,0.0,0.0,0.0,1.0,0.0,1.0,1.0,0.5925062861314438,0.0168659858473531,0.5608215013023353,0.6248452430719053,0.0,0.0,0.0,0.0,0.0,0.0,0.0,0.0,100.0,0.0,100.0,100.0,0.0,0.0,0.0,0.0,0.0,0.0,0.0,0.0,1.0,0.0,1.0,1.0,0.0,0.0,0.0,0.0,0.0,0.0,0.0,0.0,0.0,0.0,0.0,0.0,1.0,0.0,1.0,1.0,1.0,0.0,1.0,1.0,population_robustness,,weak_sparse,lambda
0.3,geometric,0.0,0.0,0.0,0.0,1.0,0.0,1.0,1.0,0.6365762965585177,0.0183802959043028,0.6010709151717959,0.6717599591301288,0.0,0.0,0.0,0.0,0.01,0.1338578272568247,0.0,0.0,99.99,0.1338578272568246,100.0,100.0,0.0,0.0,0.0,0.0,0.0001,0.0013385782725682,0.0,0.0,0.9999,0.0013385782725682,1.0,1.0,0.0001,0.0013385782725682,0.0,0.0,0.0,0.0,0.0,0.0,0.0,0.0,0.0,0.0,0.8568288865721432,0.0064537534163798,0.8440021893244369,0.8693414303586321,0.58180332355872,0.042022184399326,0.5037593984962406,0.6666666666666666,population_robustness,,weak_sparse,lambda
0.3,linear,0.0,0.0,0.0,0.0,1.0,0.0,1.0,1.0,0.68674817993531,0.0179350813340972,0.6525643121322489,0.7221021911171293,0.0,0.0,0.0,0.0,6.159,2.942852252387024,1.0,13.0,93.841,2.942852252387024,87.0,99.0,0.0,0.0,0.0,0.0,0.06159,0.0294285225238702,0.01,0.13,0.93841,0.0294285225238702,0.87,0.99,0.06159,0.0294285225238702,0.01,0.13,0.0,0.0,0.0,0.0,0.0,0.0,0.0,0.0,0.456096017336184,0.0146082220605187,0.4286467111451415,0.4840394221205172,0.4687863085973819,0.0404597806913834,0.3888888888888889,0.5503875968992248,population_robustness,,weak_sparse,lambda
0.3,min,0.0,0.0,0.0,0.0,1.0,0.0,1.0,1.0,0.5925062861314438,0.0168659858473531,0.5608215013023353,0.6248452430719053,0.0,0.0,0.0,0.0,0.0,0.0,0.0,0.0,100.0,0.0,100.0,100.0,0.0,0.0,0.0,0.0,0.0,0.0,0.0,0.0,1.0,0.0,1.0,1.0,0.0,0.0,0.0,0.0,0.0,0.0,0.0,0.0,0.0,0.0,0.0,0.0,1.0,0.0,1.0,1.0,1.0,0.0,1.0,1.0,population_robustness,,weak_sparse,lambda
0.4,geometric,0.0,0.0,0.0,0.0,1.0,0.0,1.0,1.0,0.6777794598607386,0.0164657878259994,0.645639370205566,0.7102157781107936,0.0,0.0,0.0,0.0,1.216,1.4175166148420812,0.0,5.0,98.784,1.4175166148420817,95.0,100.0,0.0,0.0,0.0,0.0,0.01216,0.0141751661484208,0.0,0.05,0.98784,0.0141751661484208,0.95,1.0,0.01216,0.0141751661484208,0.0,0.05,0.0,0.0,0.0,0.0,0.0,0.0,0.0,0.0,0.7922481442869056,0.0088018634537554,0.7746873436196829,0.8094213928273559,0.4778820470782916,0.0406279769442392,0.3986013986013986,0.5506904069767439,population_robustness,,weak_sparse,lambda
0.4,linear,0.0,0.0,0.0,0.0,1.0,0.0,1.0,1.0,0.7491374312349413,0.014734130040126,0.7211989280282565,0.7793026365459862,0.0,0.0,0.0,0.0,18.471,4.4399180028320195,10.0,27.0,81.529,4.4399180028320195,73.0,90.0,0.0,0.0,0.0,0.0,0.1847099999999999,0.0443991800283202,0.1,0.27,0.8152900000000001,0.0443991800283201,0.73,0.9,0.1847099999999999,0.0443991800283202,0.1,0.27,0.0,0.0,0.0,0.0,0.0,0.0,0.0,0.0,0.2607103475923222,0.0175466158205778,0.2247591237888245,0.2957956546009437,0.3391007326705498,0.0370181490144721,0.2738853503184713,0.4084507042253521,population_robustness,,weak_sparse,lambda
0.4,min,0.0,0.0,0.0,0.0,1.0,0.0,1.0,1.0,0.5925062861314438,0.0168659858473531,0.5608215013023353,0.6248452430719053,0.0,0.0,0.0,0.0,0.0,0.0,0.0,0.0,100.0,0.0,100.0,100.0,0.0,0.0,0.0,0.0,0.0,0.0,0.0,0.0,1.0,0.0,1.0,1.0,0.0,0.0,0.0,0.0,0.0,0.0,0.0,0.0,0.0,0.0,0.0,0.0,1.0,0.0,1.0,1.0,1.0,0.0,1.0,1.0,population_robustness,,weak_sparse,lambda
0.5,geometric,0.0,0.0,0.0,0.0,1.0,0.0,1.0,1.0,0.7158354563284952,0.0145109391714882,0.6884698835400097,0.7461697355336847,0.0,0.0,0.0,0.0,6.549,3.0700201992859957,1.0,13.0,93.451,3.0700201992859952,87.0,99.0,0.0,0.0,0.0,0.0,0.06549,0.0307002019928599,0.01,0.13,0.9345099999999998,0.0307002019928599,0.87,0.99,0.06549,0.0307002019928599,0.01,0.13,0.0,0.0,0.0,0.0,0.0,0.0,0.0,0.0,0.7203315346121767,0.0110091537486538,0.6983474770642201,0.7409593411175979,0.3878563717567726,0.0385858851718491,0.3157894736842105,0.4705882352941176,population_robustness,,weak_sparse,lambda
0.5,linear,0.00324,0.0090655713876503,0.0,0.03,0.99676,0.0090655713876503,0.97,1.0,0.7981510728515989,0.011943694389997,0.7757909985097766,0.8226134307518297,0.324,0.9065571387650344,0.0,3.0,32.052,4.954376029515911,22.0,42.0,67.624,5.176042447219247,57.0,78.0,0.00324,0.0090655713876503,0.0,0.03,0.3205199999999999,0.0495437602951591,0.22,0.42,0.6762400000000001,0.0517604244721924,0.57,0.78,0.32376,0.0517604244721924,0.22,0.43,0.00324,0.0090655713876503,0.0,0.03,0.0,0.0,0.0,0.0,0.1041188993064072,0.0187923013546224,0.0676730538723543,0.1439480276303871,0.2429332647961396,0.0325716164995116,0.1834319526627219,0.3071895424836601,population_robustness,,weak_sparse,lambda
0.5,min,0.0,0.0,0.0,0.0,1.0,0.0,1.0,1.0,0.5925062861314438,0.0168659858473531,0.5608215013023353,0.6248452430719053,0.0,0.0,0.0,0.0,0.0,0.0,0.0,0.0,100.0,0.0,100.0,100.0,0.0,0.0,0.0,0.0,0.0,0.0,0.0,0.0,1.0,0.0,1.0,1.0,0.0,0.0,0.0,0.0,0.0,0.0,0.0,0.0,0.0,0.0,0.0,0.0,1.0,0.0,1.0,1.0,1.0,0.0,1.0,1.0,population_robustness,,weak_sparse,lambda
0.6,geometric,0.0,0.0,0.0,0.0,1.0,0.0,1.0,1.0,0.7508300266699719,0.0130067614675281,0.7265027431184342,0.7758184768516982,0.0,0.0,0.0,0.0,15.333,4.273684051889584,7.0,24.0,84.667,4.273684051889584,76.0,93.0,0.0,0.0,0.0,0.0,0.15333,0.0427368405188958,0.07,0.24,0.8466699999999999,0.0427368405188958,0.76,0.93,0.15333,0.0427368405188958,0.07,0.24,0.0,0.0,0.0,0.0,0.0,0.0,0.0,0.0,0.642749591326105,0.0128076427971207,0.6171981859883234,0.6673537322768973,0.3092074534066605,0.0353253927112319,0.2422360248447205,0.3793103448275862,population_robustness,,weak_sparse,lambda
0.6,linear,0.16823,0.0435667897046037,0.08975,0.26,0.83177,0.0435667897046037,0.74,0.9102499999999998,0.8595471387333409,0.0089500944585487,0.8418338429521413,0.8768761601824353,16.823,4.356678970460373,8.975000000000001,26.0,34.219,4.714155519524389,25.0,44.0,48.958,5.35414819582937,39.0,60.0,0.16823,0.0435667897046037,0.08975,0.26,0.34219,0.0471415551952438,0.25,0.44,0.4895799999999999,0.0535414819582937,0.39,0.6,0.51042,0.0535414819582937,0.4,0.61,0.16823,0.0435667897046037,0.08975,0.26,0.0,0.0,0.0,0.0,-0.0118660238314289,0.018831291027077,-0.0459350326591912,0.0269683938575355,0.1564203959236502,0.0272216728295768,0.1111111111111111,0.2121212121212121,population_robustness,,weak_sparse,lambda
0.6,min,0.0,0.0,0.0,0.0,1.0,0.0,1.0,1.0,0.5925062861314438,0.0168659858473531,0.5608215013023353,0.6248452430719053,0.0,0.0,0.0,0.0,0.0,0.0,0.0,0.0,100.0,0.0,100.0,100.0,0.0,0.0,0.0,0.0,0.0,0.0,0.0,0.0,1.0,0.0,1.0,1.0,0.0,0.0,0.0,0.0,0.0,0.0,0.0,0.0,0.0,0.0,0.0,0.0,1.0,0.0,1.0,1.0,1.0,0.0,1.0,1.0,population_robustness,,weak_sparse,lambda
0.7,geometric,0.0,0.0,0.0,0.0,1.0,0.0,1.0,1.0,0.7836587580524161,0.011200423733019,0.7622031453914537,0.8060830049882778,0.0,0.0,0.0,0.0,26.44,4.922665196073427,17.975,36.0,73.56,4.922665196073427,64.0,82.02499999999998,0.0,0.0,0.0,0.0,0.2644,0.0492266519607342,0.17975,0.36,0.7355999999999999,0.0492266519607342,0.64,0.8202499999999997,0.2644,0.0492266519607342,0.17975,0.36,0.0,0.0,0.0,0.0,0.0,0.0,0.0,0.0,0.5619070308590491,0.0141090751202076,0.5340014595496246,0.5902169516263552,0.2398739905517651,0.0326258704674277,0.1834319526627219,0.2987012987012987,population_robustness,,weak_sparse,lambda
0.7,linear,0.34546,0.0473437411896211,0.25,0.4302499999999997,0.65454,0.0473437411896211,0.5697500000000001,0.75,0.8962093678486092,0.006717341490174,0.8827689635174591,0.9090641712845124,34.546,4.734374118962114,25.0,43.02499999999998,31.767,4.584509649758491,23.0,41.0,33.687,4.724759713927721,24.975,43.0,0.34546,0.0473437411896211,0.25,0.4302499999999997,0.31767,0.0458450964975849,0.23,0.41,0.33687,0.0472475971392772,0.24975,0.43,0.66313,0.0472475971392772,0.57,0.7502499999999998,0.34546,0.0473437411896211,0.25,0.4302499999999997,0.0,0.0,0.0,0.0,-0.0966248172953218,0.0184803882401572,-0.1305003513699858,-0.0571696074944424,0.097650535132445,0.0210261784819878,0.0582010582010582,0.1428571428571428,population_robustness,,weak_sparse,lambda
0.7,min,0.0,0.0,0.0,0.0,1.0,0.0,1.0,1.0,0.5925062861314438,0.0168659858473531,0.5608215013023353,0.6248452430719053,0.0,0.0,0.0,0.0,0.0,0.0,0.0,0.0,100.0,0.0,100.0,100.0,0.0,0.0,0.0,0.0,0.0,0.0,0.0,0.0,1.0,0.0,1.0,1.0,0.0,0.0,0.0,0.0,0.0,0.0,0.0,0.0,0.0,0.0,0.0,0.0,1.0,0.0,1.0,1.0,1.0,0.0,1.0,1.0,population_robustness,,weak_sparse,lambda
0.8,geometric,0.0,0.0,0.0,0.0,1.0,0.0,1.0,1.0,0.8147060767239028,0.0099924067059897,0.7964610931595423,0.8354585741002448,0.0,0.0,0.0,0.0,39.635,5.2154554907482416,29.975,50.0,60.365,5.2154554907482416,50.0,70.02499999999998,0.0,0.0,0.0,0.0,0.39635,0.0521545549074824,0.29975,0.5,0.60365,0.0521545549074824,0.5,0.7002499999999997,0.39635,0.0521545549074824,0.29975,0.5,0.0,0.0,0.0,0.0,0.0,0.0,0.0,0.0,0.4808807422852376,0.0149522841049308,0.4521415763135946,0.5110254378648874,0.1765746648944065,0.0280117945666839,0.1235955056179775,0.2269938650306748,population_robustness,,weak_sparse,lambda
0.8,linear,0.47683,0.0478282201073658,0.37975,0.56,0.52317,0.0478282201073659,0.4399999999999999,0.6202499999999997,0.9125113057497256,0.0056439735370371,0.9011640493433146,0.923595448263818,47.683,4.782822010736589,37.975,56.0,29.405,4.460366562276005,21.0,38.0,22.912,4.092554826145278,15.0,31.0,0.47683,0.0478282201073658,0.37975,0.56,0.29405,0.04460366562276,0.21,0.38,0.22912,0.0409255482614527,0.15,0.31,0.7708800000000001,0.0409255482614527,0.69,0.85,0.47683,0.0478282201073658,0.37975,0.56,0.0,0.0,0.0,0.0,-0.1594699593533735,0.0179647151694891,-0.1916285950039219,-0.1214163586618699,0.0606275555383367,0.0166708144588687,0.0309278350515463,0.0930462979643306,population_robustness,,weak_sparse,lambda
0.8,min,0.0,0.0,0.0,0.0,1.0,0.0,1.0,1.0,0.5925062861314438,0.0168659858473531,0.5608215013023353,0.6248452430719053,0.0,0.0,0.0,0.0,0.0,0.0,0.0,0.0,100.0,0.0,100.0,100.0,0.0,0.0,0.0,0.0,0.0,0.0,0.0,0.0,1.0,0.0,1.0,1.0,0.0,0.0,0.0,0.0,0.0,0.0,0.0,0.0,0.0,0.0,0.0,0.0,1.0,0.0,1.0,1.0,1.0,0.0,1.0,1.0,population_robustness,,weak_sparse,lambda
0.9,geometric,0.0,0.0,0.0,0.0,1.0,0.0,1.0,1.0,0.8421695162010943,0.0090996418429649,0.8246908114104823,0.8602052406206584,0.0,0.0,0.0,0.0,54.528,5.116776074580302,45.0,64.0,45.472,5.116776074580302,36.0,55.0,0.0,0.0,0.0,0.0,0.54528,0.051167760745803,0.45,0.64,0.45472,0.051167760745803,0.36,0.55,0.54528,0.051167760745803,0.45,0.64,0.0,0.0,0.0,0.0,0.0,0.0,0.0,0.0,0.4033759633027522,0.0154696917026479,0.375597789824854,0.4354249374478732,0.117907940420616,0.0228318772553598,0.075268817204301,0.1627906976744186,population_robustness,,weak_sparse,lambda
0.9,linear,0.5726300000000001,0.0464342464054197,0.48,0.66,0.42737,0.0464342464054197,0.3399999999999999,0.52,0.9185901394143122,0.0053232001531811,0.9077997405231476,0.9289218288065734,57.263,4.643424640541977,48.0,66.0,27.128,4.275265359471139,19.0,36.0,15.609,3.496905395824621,9.0,23.0,0.5726300000000001,0.0464342464054197,0.48,0.66,0.2712799999999999,0.0427526535947113,0.19,0.36,0.15609,0.0349690539582462,0.09,0.23,0.8439099999999999,0.0349690539582462,0.77,0.91,0.5726300000000001,0.0464342464054197,0.48,0.66,0.0,0.0,0.0,0.0,-0.206970270923423,0.0174267256330816,-0.2375930485092377,-0.1712485297196971,0.0375500899472994,0.0132337160270524,0.015228426395939,0.0638297872340425,population_robustness,,weak_sparse,lambda
0.9,min,0.0,0.0,0.0,0.0,1.0,0.0,1.0,1.0,0.5925062861314438,0.0168659858473531,0.5608215013023353,0.6248452430719053,0.0,0.0,0.0,0.0,0.0,0.0,0.0,0.0,100.0,0.0,100.0,100.0,0.0,0.0,0.0,0.0,0.0,0.0,0.0,0.0,1.0,0.0,1.0,1.0,0.0,0.0,0.0,0.0,0.0,0.0,0.0,0.0,0.0,0.0,0.0,0.0,1.0,0.0,1.0,1.0,1.0,0.0,1.0,1.0,population_robustness,,weak_sparse,lambda
1.0,geometric,0.0,0.0,0.0,0.0,1.0,0.0,1.0,1.0,0.8554630098888729,0.008687758409208,0.8384942801219557,0.8727291452759357,0.0,0.0,0.0,0.0,70.061,4.63495002796813,61.0,79.0,29.939,4.63495002796813,21.0,39.0,0.0,0.0,0.0,0.0,0.70061,0.0463495002796812,0.61,0.79,0.29939,0.0463495002796812,0.21,0.39,0.70061,0.0463495002796812,0.61,0.79,0.0,0.0,0.0,0.0,0.0,0.0,0.0,0.0,0.3336982402001667,0.0157640630039116,0.304860404503753,0.3665291909924936,0.0663835052958598,0.017117615909219,0.0362694300518134,0.1049723756906077,population_robustness,,weak_sparse,lambda
1.0,linear,0.64276,0.0445889063621274,0.55,0.73,0.35724,0.0445889063621274,0.27,0.4499999999999999,0.9199224463694038,0.005245021335903,0.9092635516116276,0.9303350595791268,64.276,4.458890636212746,55.0,73.0,25.119,4.112633311243874,17.0,33.0,10.605,3.021606378253975,5.0,17.0,0.64276,0.0445889063621274,0.55,0.73,0.25119,0.0411263331124387,0.17,0.33,0.10605,0.0302160637825397,0.05,0.17,0.89395,0.0302160637825397,0.83,0.95,0.64276,0.0445889063621274,0.55,0.73,0.0,0.0,0.0,0.0,-0.2436298751494857,0.0169653576945723,-0.2733266070861569,-0.2092393209909534,0.0227101192968711,0.0106603796246329,0.0050251256281407,0.0416666666666666,population_robustness,,weak_sparse,lambda
1.0,min,0.0,0.0,0.0,0.0,1.0,0.0,1.0,1.0,0.5925062861314438,0.0168659858473531,0.5608215013023353,0.6248452430719053,0.0,0.0,0.0,0.0,0.0,0.0,0.0,0.0,100.0,0.0,100.0,100.0,0.0,0.0,0.0,0.0,0.0,0.0,0.0,0.0,1.0,0.0,1.0,1.0,0.0,0.0,0.0,0.0,0.0,0.0,0.0,0.0,0.0,0.0,0.0,0.0,1.0,0.0,1.0,1.0,1.0,0.0,1.0,1.0,population_robustness,,weak_sparse,lambda
,geometric,0.0,0.0,0.0,0.0,1.0,0.0,1.0,1.0,0.8175793524340013,0.0100344937138553,0.798411641664163,0.8366176664561961,0.0,0.0,0.0,0.0,0.011,0.1135424673498506,0.0,0.0,99.989,0.1135424673498506,100.0,100.0,0.0,0.0,0.0,0.0,0.00011,0.0011354246734985,0.0,0.0,0.99989,0.0011354246734985,1.0,1.0,0.00011,0.0011354246734985,0.0,0.0,0.0,0.0,0.0,0.0,0.0,0.0,0.0,0.0,1.0,0.0,1.0,1.0,1.0,0.0,1.0,1.0,population_robustness,0.0,baseline,sigma_q
,linear,0.07748,0.0359519421191977,0.02,0.15,0.92252,0.0359519421191976,0.85,0.98,0.8502395437426117,0.0079681032393844,0.8353422132994193,0.866130931328862,7.748,3.5951942119197704,2.0,15.0,2.851,1.6660055745928866,0.0,6.0,89.401,3.943063117266416,81.0,96.02499999999998,0.07748,0.0359519421191977,0.02,0.15,0.02851,0.0166600557459288,0.0,0.06,0.89401,0.0394306311726641,0.81,0.9602499999999996,0.10599,0.0394306311726641,0.03975,0.19,0.07748,0.0359519421191977,0.02,0.15,0.0,0.0,0.0,0.0,1.0,0.0,1.0,1.0,1.0,0.0,1.0,1.0,population_robustness,0.0,baseline,sigma_q
,min,0.0,0.0,0.0,0.0,1.0,0.0,1.0,1.0,0.7443433747467484,0.0115333865579227,0.7214921839953684,0.7660139027139257,0.0,0.0,0.0,0.0,0.0,0.0,0.0,0.0,100.0,0.0,100.0,100.0,0.0,0.0,0.0,0.0,0.0,0.0,0.0,0.0,1.0,0.0,1.0,1.0,0.0,0.0,0.0,0.0,0.0,0.0,0.0,0.0,0.0,0.0,0.0,0.0,1.0,0.0,1.0,1.0,1.0,0.0,1.0,1.0,population_robustness,0.0,baseline,sigma_q
,geometric,0.0,0.0,0.0,0.0,1.0,0.0,1.0,1.0,0.8168910225289404,0.0100631281868876,0.7972689763220253,0.8372262744289893,0.0,0.0,0.0,0.0,0.181,0.4363822056746005,0.0,1.0,99.819,0.4363822056746005,99.0,100.0,0.0,0.0,0.0,0.0,0.00181,0.004363822056746,0.0,0.01,0.99819,0.004363822056746,0.99,1.0,0.00181,0.004363822056746,0.0,0.01,0.0,0.0,0.0,0.0,0.0,0.0,0.0,0.0,0.8515734894051815,0.0101679097013173,0.8317494019333654,0.8703201477035405,0.8819923553633005,0.030305739033279,0.8181818181818182,0.941747572815534,population_robustness,0.05,baseline,sigma_q
,linear,0.09575,0.0366821902710713,0.03,0.1702499999999998,0.90425,0.0366821902710713,0.82975,0.97,0.8526903395166726,0.007913839537813,0.8383736105297734,0.8681676252259338,9.575,3.668219027107137,3.0,17.024999999999977,2.761,1.6675310071059128,0.0,6.024999999999977,87.664,3.9948796055780034,79.0,95.0,0.09575,0.0366821902710713,0.03,0.1702499999999998,0.02761,0.0166753100710591,0.0,0.0602499999999997,0.8766400000000001,0.03994879605578,0.79,0.95,0.12336,0.03994879605578,0.05,0.21,0.03285,0.020933602549865,0.0,0.08,0.063,0.0273852140752989,0.02,0.12,0.957817933933934,0.0014676723069246,0.9548260260260262,0.9605770770770772,0.8752276360235993,0.0315513068359299,0.8181818181818182,0.941747572815534,population_robustness,0.05,baseline,sigma_q
,min,0.0,0.0,0.0,0.0,1.0,0.0,1.0,1.0,0.7443739854110113,0.0116848221704637,0.7217792246796864,0.7667735470459934,0.0,0.0,0.0,0.0,0.0,0.0,0.0,0.0,100.0,0.0,100.0,100.0,0.0,0.0,0.0,0.0,0.0,0.0,0.0,0.0,1.0,0.0,1.0,1.0,0.0,0.0,0.0,0.0,0.0,0.0,0.0,0.0,0.0,0.0,0.0,0.0,0.9118009877003422,0.0037366105823913,0.9042462434446954,0.9185740957993136,0.8390137388905098,0.0343551336661311,0.7699115044247787,0.9047619047619048,population_robustness,0.05,baseline,sigma_q
,geometric,0.00128,0.003602023677681,0.0,0.01,0.99872,0.003602023677681,0.99,1.0,0.8155144582061989,0.0101351007692362,0.7956094691206606,0.8351274085821989,0.128,0.3602023677681002,0.0,1.0,0.701,0.8719858710778284,0.0,3.0,99.171,0.9521899315082396,97.0,100.0,0.00128,0.003602023677681,0.0,0.01,0.00701,0.0087198587107782,0.0,0.03,0.9917100000000002,0.0095218993150824,0.97,1.0,0.0082899999999999,0.0095218993150823,0.0,0.03,0.0,0.0,0.0,0.0,0.00128,0.003602023677681,0.0,0.01,0.7719280682521037,0.0134131013630523,0.7449212433784046,0.7986663126262378,0.7833428984972766,0.0383930323731514,0.7094017094017094,0.8518518518518519,population_robustness,0.1,baseline,sigma_q
,linear,0.11568,0.0389725089833392,0.04,0.2,0.8843199999999999,0.0389725089833392,0.8,0.96,0.8534075563992176,0.0080632761005067,0.8379310262761286,0.8689845853903456,11.568,3.8972508983339225,4.0,20.0,2.781,1.6588522510431092,0.0,6.0,85.651,4.2286026155315275,77.0,93.0,0.11568,0.0389725089833392,0.04,0.2,0.02781,0.016588522510431,0.0,0.06,0.85651,0.0422860261553152,0.77,0.93,0.14349,0.0422860261553152,0.07,0.23,0.02599,0.018930881603303,0.0,0.07,0.0899,0.0313044720442618,0.03,0.16,0.9172450410410412,0.0027403917979498,0.9116328328328328,0.9223824824824826,0.7675903488588395,0.0388380348438798,0.6949152542372882,0.8348623853211009,population_robustness,0.1,baseline,sigma_q
,min,0.0,0.0,0.0,0.0,1.0,0.0,1.0,1.0,0.7460756586334832,0.0113336246718839,0.7249887212822212,0.768927086666456,0.0,0.0,0.0,0.0,0.004,0.0631505185092568,0.0,0.0,99.996,0.0631505185092568,100.0,100.0,0.0,0.0,0.0,0.0,4e-05,0.0006315051850925,0.0,0.0,0.99996,0.0006315051850925,1.0,1.0,4e-05,0.0006315051850925,0.0,0.0,0.0,0.0,0.0,0.0,0.0,0.0,0.0,0.0,0.8328116103053221,0.0073885732897719,0.8186061229228863,0.8475920948078616,0.7141745442132724,0.0413123221628835,0.639344262295082,0.8018018018018018,population_robustness,0.1,baseline,sigma_q
,geometric,0.01579,0.0127490563744317,0.0,0.04,0.98421,0.0127490563744317,0.96,1.0,0.8153463056184341,0.0097864740480527,0.7968967301670274,0.8351352876787523,1.579,1.2749056374431735,0.0,4.0,1.417,1.1825859417012827,0.0,4.0,97.004,1.714328709122881,93.0,100.0,0.01579,0.0127490563744317,0.0,0.04,0.01417,0.0118258594170128,0.0,0.04,0.9700400000000002,0.0171432870912288,0.93,1.0,0.02996,0.0171432870912288,0.0,0.07,0.0,0.0,0.0,0.0,0.01579,0.0127490563744317,0.0,0.04,0.7035600603411739,0.016441416383918,0.6695261767193762,0.7347793722260451,0.6955236255181244,0.0405246971858151,0.6260162601626016,0.7699115044247787,population_robustness,0.15,baseline,sigma_q
,linear,0.13595,0.0388588150553707,0.07,0.22,0.86405,0.0388588150553707,0.78,0.93,0.8526522219690365,0.0082224442938847,0.8375350470325195,0.869380128148228,13.595,3.885881505537074,7.0,22.0,2.939,1.7361720229554711,0.0,7.0,83.466,4.189319084814906,75.0,91.0,0.13595,0.0388588150553707,0.07,0.22,0.02939,0.0173617202295547,0.0,0.07,0.83466,0.041893190848149,0.75,0.91,0.16534,0.041893190848149,0.09,0.25,0.01886,0.0169052118054222,0.0,0.06,0.11747,0.0326460543537019,0.06,0.18,0.8790057097097098,0.0041854745536232,0.8702365365365365,0.886958958958959,0.6796422071098435,0.0404311085764294,0.6,0.7543859649122807,population_robustness,0.15,baseline,sigma_q
,min,5e-05,0.0007056897321046,0.0,0.0,0.99995,0.0007056897321046,1.0,1.0,0.747106382742638,0.0114016750095489,0.7253953233889195,0.7693503162980678,0.005,0.0705689732104696,0.0,0.0,0.122,0.3423933895875228,0.0,1.0,99.873,0.3478390317258717,99.0,100.0,5e-05,0.0007056897321046,0.0,0.0,0.00122,0.0034239338958752,0.0,0.01,0.99873,0.0034783903172587,0.99,1.0,0.00127,0.0034783903172587,0.0,0.01,0.0,0.0,0.0,0.0,5e-05,0.0007056897321046,0.0,0.0,0.7530712368269994,0.0109903022231563,0.7302298210030899,0.7734097673212205,0.6179844633667503,0.0433406644240305,0.5384615384615384,0.7094017094017094,population_robustness,0.15,baseline,sigma_q
,geometric,0.04632,0.020695069120104,0.01,0.09,0.95368,0.020695069120104,0.91,0.99,0.8174785755260309,0.0099595005646371,0.7982533454811624,0.8364471164517109,4.632,2.069506912010409,1.0,9.0,2.226,1.4666543816029307,0.0,5.0,93.142,2.527097588583041,88.0,98.0,0.04632,0.020695069120104,0.01,0.09,0.02226,0.0146665438160293,0.0,0.05,0.93142,0.0252709758858303,0.88,0.98,0.06858,0.0252709758858304,0.02,0.12,0.0,0.0,0.0,0.0,0.04632,0.020695069120104,0.01,0.09,0.6427519526719189,0.0182047038808911,0.6082928713282216,0.6773039697212901,0.6144333656695455,0.0431667710293863,0.5384615384615384,0.6949152542372882,population_robustness,0.2,baseline,sigma_q
,linear,0.15625,0.0391787247428048,0.08,0.24,0.84375,0.0391787247428048,0.76,0.92,0.8514771218318266,0.0085677310564902,0.8344348424859295,0.8682104453810232,15.625,3.9178724742804896,8.0,24.0,3.214,1.7576385559304544,0.0,7.0,81.161,4.25266553636236,73.0,90.0,0.15625,0.0391787247428048,0.08,0.24,0.03214,0.0175763855593045,0.0,0.07,0.81161,0.0425266553636236,0.73,0.9,0.18839,0.0425266553636236,0.1,0.27,0.01196,0.0136067462511631,0.0,0.05,0.14474,0.0355358297383808,0.08,0.21,0.8441918758758759,0.0052628308634962,0.8333604604604605,0.8544066066066066,0.6040523630969654,0.0413528199473287,0.5267175572519084,0.680672268907563,population_robustness,0.2,baseline,sigma_q
,min,0.00219,0.0046610755867745,0.0,0.01,0.9978100000000002,0.0046610755867745,0.99,1.0,0.7495379586760405,0.0118912277944288,0.7265833901922559,0.7731207098651106,0.219,0.466107558677454,0.0,1.0,0.674,0.8260789347310622,0.0,3.0,99.107,0.9625370005758104,97.0,100.0,0.00219,0.0046610755867745,0.0,0.01,0.00674,0.0082607893473106,0.0,0.03,0.99107,0.0096253700057581,0.97,1.0,0.00893,0.0096253700057581,0.0,0.03,0.0,0.0,0.0,0.0,0.00219,0.0046610755867745,0.0,0.01,0.6781072743163439,0.0144748483889661,0.6506094908013238,0.7060754506314793,0.5389249390273338,0.0429741727361171,0.4598540145985401,0.6260162601626016,population_robustness,0.2,baseline,sigma_q
,geometric,0.0,0.0,0.0,0.0,1.0,0.0,1.0,1.0,0.8175793524340013,0.0100344937138553,0.798411641664163,0.8366176664561961,0.0,0.0,0.0,0.0,0.011,0.1135424673498506,0.0,0.0,99.989,0.1135424673498506,100.0,100.0,0.0,0.0,0.0,0.0,0.00011,0.0011354246734985,0.0,0.0,0.99989,0.0011354246734985,1.0,1.0,0.00011,0.0011354246734985,0.0,0.0,0.0,0.0,0.0,0.0,0.0,0.0,0.0,0.0,1.0,0.0,1.0,1.0,1.0,0.0,1.0,1.0,population_robustness,0.0,high_r_overlap,sigma_q
,linear,0.0021,0.0049410944551196,0.0,0.02,0.9979,0.0049410944551196,0.98,1.0,0.8347973955766689,0.009462823349496,0.816049728457834,0.8530036740324592,0.21,0.4941094455119677,0.0,2.0,3.495,1.9161541291468824,0.0,8.0,96.295,1.9803779681911475,92.0,100.0,0.0021,0.0049410944551196,0.0,0.02,0.03495,0.0191615412914688,0.0,0.08,0.96295,0.0198037796819114,0.92,1.0,0.03705,0.0198037796819114,0.0,0.08,0.0021,0.0049410944551196,0.0,0.02,0.0,0.0,0.0,0.0,1.0,0.0,1.0,1.0,1.0,0.0,1.0,1.0,population_robustness,0.0,high_r_overlap,sigma_q
,min,0.0,0.0,0.0,0.0,1.0,0.0,1.0,1.0,0.7443433747467484,0.0115333865579227,0.7214921839953684,0.7660139027139257,0.0,0.0,0.0,0.0,0.0,0.0,0.0,0.0,100.0,0.0,100.0,100.0,0.0,0.0,0.0,0.0,0.0,0.0,0.0,0.0,1.0,0.0,1.0,1.0,0.0,0.0,0.0,0.0,0.0,0.0,0.0,0.0,0.0,0.0,0.0,0.0,1.0,0.0,1.0,1.0,1.0,0.0,1.0,1.0,population_robustness,0.0,high_r_overlap,sigma_q
,geometric,0.0,0.0,0.0,0.0,1.0,0.0,1.0,1.0,0.8169006032701563,0.0101504716990542,0.797030833562562,0.8364847689742599,0.0,0.0,0.0,0.0,0.159,0.3948099224625375,0.0,1.0,99.841,0.3948099224625375,99.0,100.0,0.0,0.0,0.0,0.0,0.00159,0.0039480992246253,0.0,0.01,0.99841,0.0039480992246253,0.99,1.0,0.00159,0.0039480992246253,0.0,0.01,0.0,0.0,0.0,0.0,0.0,0.0,0.0,0.0,0.8996732503601472,0.0063915634824812,0.8861613073122124,0.9116218839825942,0.8820418103312173,0.0302078413921031,0.8181818181818182,0.941747572815534,population_robustness,0.05,high_r_overlap,sigma_q
,linear,0.00303,0.0057403877963123,0.0,0.02,0.99697,0.0057403877963123,0.98,1.0,0.8340210179386698,0.0095868402745001,0.8154439858287691,0.8526005423131323,0.303,0.5740387796312375,0.0,2.0,3.528,1.9138649061203037,0.0,8.0,96.169,2.0006102672538297,92.0,99.0,0.00303,0.0057403877963123,0.0,0.02,0.03528,0.019138649061203,0.0,0.08,0.96169,0.0200061026725382,0.92,0.99,0.03831,0.0200061026725383,0.01,0.08,0.00123,0.0036055651568235,0.0,0.01,0.00193,0.0044491454117498,0.0,0.01,0.9600954874874876,0.0013837748437542,0.9572646646646646,0.9626432432432434,0.8991877130656841,0.0291110627040187,0.8518518518518519,0.9607843137254902,population_robustness,0.05,high_r_overlap,sigma_q
,min,0.0,0.0,0.0,0.0,1.0,0.0,1.0,1.0,0.7444593495865347,0.0116406103511218,0.7218284330532332,0.7663950674615488,0.0,0.0,0.0,0.0,0.0,0.0,0.0,0.0,100.0,0.0,100.0,100.0,0.0,0.0,0.0,0.0,0.0,0.0,0.0,0.0,1.0,0.0,1.0,1.0,0.0,0.0,0.0,0.0,0.0,0.0,0.0,0.0,0.0,0.0,0.0,0.0,0.9119473529769556,0.0037576962694076,0.9040746179853104,0.9188309977848468,0.8399397857679517,0.0360323206772093,0.7699115044247787,0.9047619047619048,population_robustness,0.05,high_r_overlap,sigma_q
,geometric,2.9999999999999997e-05,0.0005471740119919,0.0,0.0,0.99997,0.0005471740119919,1.0,1.0,0.8151479380939011,0.0101184786676172,0.7947895289861008,0.835484338939651,0.003,0.054717401199198,0.0,0.0,0.71,0.8721586212729084,0.0,3.0,99.287,0.8748693596168495,97.0,100.0,2.9999999999999997e-05,0.0005471740119919,0.0,0.0,0.0070999999999999,0.008721586212729,0.0,0.03,0.99287,0.0087486935961685,0.97,1.0,0.00713,0.0087486935961684,0.0,0.03,0.0,0.0,0.0,0.0,2.9999999999999997e-05,0.0005471740119919,0.0,0.0,0.8360360206497564,0.0095592836277577,0.8169962718228561,0.8540832436541606,0.7840642632199726,0.0392316585321353,0.7090395480225989,0.8518518518518519,population_robustness,0.1,high_r_overlap,sigma_q
,linear,0.0048499999999999,0.0071293988756646,0.0,0.02,0.99515,0.0071293988756646,0.98,1.0,0.8321973150471338,0.0094994373730066,0.8139006306615414,0.8505055012439092,0.485,0.7129398875664646,0.0,2.0,3.751,1.9237202758456595,0.0,8.0,95.764,2.065083186839835,91.0,99.0,0.0048499999999999,0.0071293988756646,0.0,0.02,0.03751,0.0192372027584565,0.0,0.08,0.95764,0.0206508318683983,0.91,0.99,0.04236,0.0206508318683983,0.01,0.09,0.00151,0.0040044894725714,0.0,0.01,0.0039299999999999,0.0062844724993108,0.0,0.02,0.9211726286286288,0.0025994460978269,0.9158671671671672,0.9261790790790791,0.8131710838610493,0.036243130384241,0.7391304347826086,0.8867924528301887,population_robustness,0.1,high_r_overlap,sigma_q
,min,0.0,0.0,0.0,0.0,1.0,0.0,1.0,1.0,0.7457718736072267,0.0113008946888614,0.724135353274701,0.7674604598392559,0.0,0.0,0.0,0.0,0.003,0.054717401199198,0.0,0.0,99.997,0.054717401199198,100.0,100.0,0.0,0.0,0.0,0.0,2.9999999999999997e-05,0.0005471740119919,0.0,0.0,0.99997,0.0005471740119919,1.0,1.0,2.9999999999999997e-05,0.0005471740119919,0.0,0.0,0.0,0.0,0.0,0.0,0.0,0.0,0.0,0.0,0.8329032504800292,0.0072483948963808,0.8181146661609461,0.8461026390624784,0.7126981265829775,0.040743265209358,0.639344262295082,0.7857142857142857,population_robustness,0.1,high_r_overlap,sigma_q
,geometric,0.00095,0.0030670681288336,0.0,0.01,0.99905,0.0030670681288336,0.99,1.0,0.8127829242927707,0.0101454814547443,0.7929660294379607,0.8321719993728157,0.095,0.306706812883361,0.0,1.0,1.493,1.244789339808347,0.0,4.0,98.412,1.286044287693822,95.0,100.0,0.00095,0.0030670681288336,0.0,0.01,0.01493,0.0124478933980834,0.0,0.04,0.98412,0.0128604428769382,0.95,1.0,0.01588,0.0128604428769382,0.0,0.05,0.0,0.0,0.0,0.0,0.00095,0.0030670681288336,0.0,0.01,0.7760460363682016,0.0124389616659614,0.7511671110602187,0.7983995545399764,0.7020535160106295,0.0383816569504655,0.6260162601626016,0.7703065739570161,population_robustness,0.15,high_r_overlap,sigma_q
,linear,0.0078699999999999,0.0093193320549248,0.0,0.03,0.99213,0.0093193320549248,0.97,1.0,0.8294769212138894,0.0095774315296557,0.8115831017119091,0.8483017151473701,0.787,0.9319332054924856,0.0,3.0,4.043,2.022681942926827,0.0,9.0,95.17,2.2401156483802613,90.0,99.0,0.0078699999999999,0.0093193320549248,0.0,0.03,0.04043,0.0202268194292682,0.0,0.09,0.9517,0.0224011564838025,0.9,0.99,0.0483,0.0224011564838026,0.01,0.1,0.00166,0.0041305521981281,0.0,0.01,0.0071999999999999,0.0090244912012501,0.0,0.03,0.8840859739739739,0.0039016089203717,0.8763973973973974,0.8916495495495494,0.7386758926759758,0.0386764094690791,0.6666666666666666,0.8181818181818182,population_robustness,0.15,high_r_overlap,sigma_q
,min,2e-05,0.0004469897088298,0.0,0.0,0.99998,0.0004469897088298,1.0,1.0,0.7474151194457505,0.0118086099287702,0.7245262239658405,0.7706610233473826,0.002,0.0446989708829856,0.0,0.0,0.125,0.3485634755629116,0.0,1.0,99.873,0.3507049956786957,99.0,100.0,2e-05,0.0004469897088298,0.0,0.0,0.00125,0.0034856347556291,0.0,0.01,0.99873,0.0035070499567869,0.99,1.0,0.00127,0.0035070499567869,0.0,0.01,0.0,0.0,0.0,0.0,2e-05,0.0004469897088298,0.0,0.0,0.7543166184662013,0.0108020914631679,0.7324614585692399,0.7762770438535026,0.615646306493004,0.0429167092786569,0.5267175572519084,0.6952774156163983,population_robustness,0.15,high_r_overlap,sigma_q
,geometric,0.00372,0.0058988470395829,0.0,0.02,0.99628,0.0058988470395829,0.98,1.0,0.8095929609055861,0.0100865973019413,0.7900374588849038,0.8289223773003744,0.372,0.5898847039582938,0.0,2.0,2.412,1.4630093630583492,0.0,6.0,97.216,1.5842518277893367,94.0,100.0,0.00372,0.0058988470395829,0.0,0.02,0.02412,0.0146300936305834,0.0,0.06,0.97216,0.0158425182778933,0.94,1.0,0.02784,0.0158425182778933,0.0,0.06,0.0,0.0,0.0,0.0,0.00372,0.0058988470395829,0.0,0.02,0.7197730128476237,0.0144050614614936,0.6917165171843452,0.7475034195946122,0.6359198140541232,0.0409255078722242,0.5625,0.7094017094017094,population_robustness,0.2,high_r_overlap,sigma_q
,linear,0.01071,0.0107476235238964,0.0,0.04,0.9892900000000002,0.0107476235238964,0.96,1.0,0.8258124615926677,0.0095339293161643,0.806512835037086,0.8441240494172982,1.071,1.0747623523896408,0.0,4.0,4.429,2.054551089698229,1.0,9.0,94.5,2.3184855779959848,89.975,98.0,0.01071,0.0107476235238964,0.0,0.04,0.04429,0.0205455108969822,0.01,0.09,0.945,0.0231848557799598,0.89975,0.98,0.055,0.0231848557799598,0.02,0.1002499999999997,0.00227,0.0047717784808046,0.0,0.01,0.0101,0.0101928354197393,0.0,0.03,0.8498141421421421,0.0049600542849986,0.8402932932932934,0.8591651651651652,0.675842349902485,0.0417820516915044,0.5873015873015873,0.7547741034000928,population_robustness,0.2,high_r_overlap,sigma_q
,min,0.0007199999999999,0.0026245930138763,0.0,0.01,0.99928,0.0026245930138763,0.99,1.0,0.7491787409128631,0.011851088996251,0.7264315132775438,0.7722965519073359,0.072,0.2624593013876339,0.0,1.0,0.719,0.8870320320179119,0.0,3.0,99.209,0.9274584514570878,97.0,100.0,0.0007199999999999,0.0026245930138763,0.0,0.01,0.0071899999999999,0.0088703203201791,0.0,0.03,0.99209,0.0092745845145708,0.97,1.0,0.00791,0.0092745845145708,0.0,0.03,0.0,0.0,0.0,0.0,0.0007199999999999,0.0026245930138763,0.0,0.01,0.6813502086933484,0.0140336780272665,0.6546134051457276,0.7081968229333878,0.539065604644577,0.0427252469845139,0.4598540145985401,0.6260162601626016,population_robustness,0.2,high_r_overlap,sigma_q
,geometric,0.0,0.0,0.0,0.0,1.0,0.0,1.0,1.0,0.8253674425225833,0.0098538813867579,0.8060299313372571,0.843979907363424,0.0,0.0,0.0,0.0,0.004,0.0631505185092568,0.0,0.0,99.996,0.0631505185092568,100.0,100.0,0.0,0.0,0.0,0.0,4e-05,0.0006315051850925,0.0,0.0,0.99996,0.0006315051850925,1.0,1.0,4e-05,0.0006315051850925,0.0,0.0,0.0,0.0,0.0,0.0,0.0,0.0,0.0,0.0,1.0,0.0,1.0,1.0,1.0,0.0,1.0,1.0,population_robustness,0.0,high_veto_frac,sigma_q
,linear,0.0251,0.0202533997195582,0.0,0.07,0.9749,0.0202533997195582,0.93,1.0,0.8468791820600002,0.0079196107599321,0.8309820438449858,0.8613533547073156,2.51,2.02533997195582,0.0,7.0,2.847,1.7258532873826704,0.0,7.0,94.643,2.805248727015204,89.0,99.0,0.0251,0.0202533997195582,0.0,0.07,0.02847,0.0172585328738267,0.0,0.07,0.94643,0.028052487270152,0.89,0.99,0.05357,0.028052487270152,0.01,0.11,0.0251,0.0202533997195582,0.0,0.07,0.0,0.0,0.0,0.0,1.0,0.0,1.0,1.0,1.0,0.0,1.0,1.0,population_robustness,0.0,high_veto_frac,sigma_q
,min,0.0,0.0,0.0,0.0,1.0,0.0,1.0,1.0,0.7532071746938267,0.011267296318488,0.7311697015618484,0.7761887496265735,0.0,0.0,0.0,0.0,0.0,0.0,0.0,0.0,100.0,0.0,100.0,100.0,0.0,0.0,0.0,0.0,0.0,0.0,0.0,0.0,1.0,0.0,1.0,1.0,0.0,0.0,0.0,0.0,0.0,0.0,0.0,0.0,0.0,0.0,0.0,0.0,1.0,0.0,1.0,1.0,1.0,0.0,1.0,1.0,population_robustness,0.0,high_veto_frac,sigma_q
,geometric,0.0,0.0,0.0,0.0,1.0,0.0,1.0,1.0,0.8245602820723775,0.0097503717275228,0.8055181231597573,0.843096735059368,0.0,0.0,0.0,0.0,0.11,0.3286457180734415,0.0,1.0,99.89,0.3286457180734415,99.0,100.0,0.0,0.0,0.0,0.0,0.0011,0.0032864571807344,0.0,0.01,0.9989,0.0032864571807344,0.99,1.0,0.0011,0.0032864571807344,0.0,0.01,0.0,0.0,0.0,0.0,0.0,0.0,0.0,0.0,0.8967552952213653,0.0074689931991881,0.8810354091840815,0.9114918902960908,0.8773792042903225,0.0317197020134738,0.8181818181818182,0.941747572815534,population_robustness,0.05,high_veto_frac,sigma_q
,linear,0.0355,0.0225090350005649,0.0,0.08,0.9645,0.0225090350005649,0.92,1.0,0.8479147653576743,0.0079650827094759,0.8322483273265762,0.8625087712358872,3.55,2.2509035000564923,0.0,8.0,2.806,1.7312889306413766,0.0,7.0,93.644,2.9434551003757345,87.0,99.0,0.0355,0.0225090350005649,0.0,0.08,0.02806,0.0173128893064137,0.0,0.07,0.93644,0.0294345510037573,0.87,0.99,0.06356,0.0294345510037573,0.01,0.13,0.01176,0.0126357454098308,0.0,0.04,0.02388,0.0160500219066268,0.0,0.06,0.9576513993993996,0.0014414633741795,0.9545741741741742,0.9603174174174174,0.8831533398136082,0.030626575660863,0.8181818181818182,0.941747572815534,population_robustness,0.05,high_veto_frac,sigma_q
,min,0.0,0.0,0.0,0.0,1.0,0.0,1.0,1.0,0.7534792694548634,0.0113067228149845,0.7317408549160219,0.7773116872686259,0.0,0.0,0.0,0.0,0.0,0.0,0.0,0.0,100.0,0.0,100.0,100.0,0.0,0.0,0.0,0.0,0.0,0.0,0.0,0.0,1.0,0.0,1.0,1.0,0.0,0.0,0.0,0.0,0.0,0.0,0.0,0.0,0.0,0.0,0.0,0.0,0.9104394714125984,0.0040261099019632,0.9021988372606844,0.918077081225799,0.8326029839367523,0.0344568559377742,0.7699115044247787,0.9047619047619048,population_robustness,0.05,high_veto_frac,sigma_q
,geometric,0.00023,0.001499783100768,0.0,0.0,0.99977,0.001499783100768,1.0,1.0,0.8230556941467653,0.0097289221859999,0.80379797115152,0.8414769135105404,0.023,0.1499783100768024,0.0,0.0,0.567,0.7668761954182037,0.0,2.0,99.41,0.7787852762517449,97.975,100.0,0.00023,0.001499783100768,0.0,0.0,0.00567,0.007668761954182,0.0,0.02,0.9941,0.0077878527625174,0.97975,1.0,0.0059,0.0077878527625174,0.0,0.0202499999999997,0.0,0.0,0.0,0.0,0.00023,0.001499783100768,0.0,0.0,0.8253492852437726,0.0102279918973284,0.8057172776255391,0.8450777340636004,0.7759121212428284,0.0384148371978008,0.6949152542372882,0.8518518518518519,population_robustness,0.1,high_veto_frac,sigma_q
,linear,0.04637,0.0247737126171439,0.0,0.1,0.95363,0.0247737126171439,0.9,1.0,0.8473500406920541,0.0083017654785379,0.8304631190622758,0.8636731287346368,4.637,2.477371261714394,0.0,10.0,2.991,1.701121045902617,0.0,7.0,92.372,3.1281626238738616,85.0,98.0,0.04637,0.0247737126171439,0.0,0.1,0.02991,0.0170112104590261,0.0,0.07,0.92372,0.0312816262387386,0.85,0.98,0.07628,0.0312816262387386,0.02,0.15,0.00917,0.0108040653380025,0.0,0.04,0.03745,0.0204894440460769,0.0,0.08,0.9167816216216216,0.0027413732899913,0.911057757757758,0.9220656656656656,0.7860113722064132,0.0375867962955181,0.7094017094017094,0.8691588785046729,population_robustness,0.1,high_veto_frac,sigma_q
,min,0.0,0.0,0.0,0.0,1.0,0.0,1.0,1.0,0.7543198378669594,0.0113410061213705,0.732841851797814,0.7759429980639648,0.0,0.0,0.0,0.0,0.001,0.0316227766016837,0.0,0.0,99.999,0.0316227766016837,100.0,100.0,0.0,0.0,0.0,0.0,1e-05,0.0003162277660168,0.0,0.0,0.99999,0.0003162277660168,1.0,1.0,1e-05,0.0003162277660168,0.0,0.0,0.0,0.0,0.0,0.0,0.0,0.0,0.0,0.0,0.824581699562852,0.0079428190273553,0.8097260064258851,0.8399632533093695,0.7033741461513687,0.0394755464552328,0.6260162601626016,0.7857142857142857,population_robustness,0.1,high_veto_frac,sigma_q
,geometric,0.0054399999999999,0.0075672758416529,0.0,0.02,0.9945600000000002,0.0075672758416529,0.98,1.0,0.8215520400366181,0.0097879592665863,0.802659148447884,0.8404224026699699,0.544,0.7567275841652903,0.0,2.0,1.351,1.18625722598693,0.0,4.0,98.105,1.4120796609855155,95.0,100.0,0.0054399999999999,0.0075672758416529,0.0,0.02,0.01351,0.0118625722598692,0.0,0.04,0.98105,0.0141207966098551,0.95,1.0,0.01895,0.0141207966098551,0.0,0.05,0.0,0.0,0.0,0.0,0.0054399999999999,0.0075672758416529,0.0,0.02,0.7615247741891087,0.0136690821938621,0.7343026799182572,0.7878913925279927,0.6886821257399401,0.0402518663701136,0.6125806451612904,0.7699115044247787,population_robustness,0.15,high_veto_frac,sigma_q
,linear,0.05905,0.02546067056748,0.01,0.11,0.94095,0.02546067056748,0.89,0.99,0.8459532221265789,0.0084512941816116,0.8299824316538043,0.8615660924513641,5.905,2.5460670567480066,1.0,11.0,3.292,1.8072083449348064,0.0,7.0,90.803,3.2022563053955326,84.0,97.0,0.05905,0.02546067056748,0.01,0.11,0.03292,0.018072083449348,0.0,0.07,0.90803,0.0320225630539553,0.84,0.97,0.09197,0.0320225630539553,0.03,0.16,0.00703,0.0094003971973245,0.0,0.03,0.05225,0.0224084724967954,0.01,0.1,0.878479863863864,0.0039326443676107,0.8705877877877878,0.8859267267267267,0.7011314370143915,0.0403220245137972,0.6260162601626016,0.7857142857142857,population_robustness,0.15,high_veto_frac,sigma_q
,min,0.0,0.0,0.0,0.0,1.0,0.0,1.0,1.0,0.756252602724348,0.0115185614025401,0.7331793013822916,0.7777903627221573,0.0,0.0,0.0,0.0,0.107,0.3250486989001135,0.0,1.0,99.893,0.3250486989001135,99.0,100.0,0.0,0.0,0.0,0.0,0.00107,0.0032504869890011,0.0,0.01,0.99893,0.0032504869890011,0.99,1.0,0.00107,0.0032504869890011,0.0,0.01,0.0,0.0,0.0,0.0,0.0,0.0,0.0,0.0,0.7431344528690572,0.0117504638944999,0.7204510424354942,0.7641450260509217,0.6032853756562415,0.0416240580320711,0.5267175572519084,0.680672268907563,population_robustness,0.15,high_veto_frac,sigma_q
,geometric,0.01871,0.0131760961407204,0.0,0.05,0.98129,0.0131760961407205,0.95,1.0,0.8207883173164792,0.0099046300329799,0.8019471531996063,0.8400544856007223,1.871,1.3176096140720497,0.0,5.0,2.161,1.4467799321846335,0.0,5.0,95.968,1.8639877817331452,92.0,99.0,0.01871,0.0131760961407204,0.0,0.05,0.02161,0.0144677993218463,0.0,0.05,0.95968,0.0186398778173314,0.92,0.99,0.04032,0.0186398778173314,0.01,0.08,0.0,0.0,0.0,0.0,0.01871,0.0131760961407204,0.0,0.05,0.7018854632667083,0.0156245577777564,0.6712105637576522,0.7303883223675982,0.6160018136603582,0.043102065157995,0.5384615384615384,0.6949152542372882,population_robustness,0.2,high_veto_frac,sigma_q
,linear,0.07134,0.0267267416405127,0.02,0.12,0.9286599999999998,0.0267267416405127,0.88,0.98,0.8434770776708789,0.0086358954585487,0.8268644910445319,0.8608638585170767,7.134,2.672674164051275,2.0,12.0,3.55,1.8721658593738444,0.0,7.0,89.316,3.1799773987021123,83.0,95.0,0.07134,0.0267267416405127,0.02,0.12,0.0355,0.0187216585937384,0.0,0.07,0.8931600000000001,0.0317997739870211,0.83,0.95,0.10684,0.0317997739870211,0.05,0.17,0.00522,0.0084393615174859,0.0,0.03,0.06656,0.0246733697571931,0.02,0.12,0.8432739739739741,0.0048168346818808,0.8335316316316317,0.8530394394394394,0.6315019525425244,0.0405463801658606,0.5503875968992248,0.7094017094017094,population_robustness,0.2,high_veto_frac,sigma_q
,min,0.00086,0.0029781318421569,0.0,0.01,0.99914,0.0029781318421569,0.99,1.0,0.7591337042498693,0.0113845440518665,0.737288207439142,0.7816777025425484,0.086,0.297813184215697,0.0,1.0,0.615,0.7754846074400035,0.0,2.0,99.299,0.8272141701417374,97.0,100.0,0.00086,0.0029781318421569,0.0,0.01,0.00615,0.0077548460744,0.0,0.02,0.99299,0.0082721417014173,0.97,1.0,0.00701,0.0082721417014173,0.0,0.03,0.0,0.0,0.0,0.0,0.00086,0.0029781318421569,0.0,0.01,0.6685575573945961,0.0135670747634398,0.6410545050361018,0.6935619694936144,0.526967357802793,0.0426496267005432,0.4388489208633093,0.6129032258064516,population_robustness,0.2,high_veto_frac,sigma_q
,geometric,0.0,0.0,0.0,0.0,1.0,0.0,1.0,1.0,0.8175793524340013,0.0100344937138553,0.798411641664163,0.8366176664561961,0.0,0.0,0.0,0.0,0.011,0.1135424673498506,0.0,0.0,99.989,0.1135424673498506,100.0,100.0,0.0,0.0,0.0,0.0,0.00011,0.0011354246734985,0.0,0.0,0.99989,0.0011354246734985,1.0,1.0,0.00011,0.0011354246734985,0.0,0.0,0.0,0.0,0.0,0.0,0.0,0.0,0.0,0.0,1.0,0.0,1.0,1.0,1.0,0.0,1.0,1.0,population_robustness,0.0,low_r_separation,sigma_q
,linear,0.03218,0.0212107872908456,0.0,0.08,0.96782,0.0212107872908456,0.92,1.0,0.840910909791104,0.0084422296922939,0.8251820265660874,0.8575405694257121,3.218,2.121078729084561,0.0,8.0,3.24,1.806007104543518,0.0,7.0,93.542,2.8266988212800856,87.0,98.0,0.03218,0.0212107872908456,0.0,0.08,0.0324,0.0180600710454351,0.0,0.07,0.93542,0.0282669882128008,0.87,0.98,0.06458,0.0282669882128008,0.02,0.13,0.03218,0.0212107872908456,0.0,0.08,0.0,0.0,0.0,0.0,1.0,0.0,1.0,1.0,1.0,0.0,1.0,1.0,population_robustness,0.0,low_r_separation,sigma_q
,min,0.0,0.0,0.0,0.0,1.0,0.0,1.0,1.0,0.7443433747467484,0.0115333865579227,0.7214921839953684,0.7660139027139257,0.0,0.0,0.0,0.0,0.0,0.0,0.0,0.0,100.0,0.0,100.0,100.0,0.0,0.0,0.0,0.0,0.0,0.0,0.0,0.0,1.0,0.0,1.0,1.0,0.0,0.0,0.0,0.0,0.0,0.0,0.0,0.0,0.0,0.0,0.0,0.0,1.0,0.0,1.0,1.0,1.0,0.0,1.0,1.0,population_robustness,0.0,low_r_separation,sigma_q
,geometric,0.0,0.0,0.0,0.0,1.0,0.0,1.0,1.0,0.8169906491040647,0.0101405244965533,0.7964710727483129,0.8367138875781647,0.0,0.0,0.0,0.0,0.175,0.4272675479808378,0.0,1.0,99.825,0.4272675479808377,99.0,100.0,0.0,0.0,0.0,0.0,0.00175,0.0042726754798083,0.0,0.01,0.99825,0.0042726754798083,0.99,1.0,0.00175,0.0042726754798083,0.0,0.01,0.0,0.0,0.0,0.0,0.0,0.0,0.0,0.0,0.8739791660253329,0.0084702429428059,0.8566964452815626,0.8893811767856836,0.8824113108595811,0.0301471071085903,0.8181818181818182,0.941747572815534,population_robustness,0.05,low_r_separation,sigma_q
,linear,0.04163,0.0230906101321787,0.0,0.09,0.95837,0.0230906101321787,0.91,1.0,0.8417006643197312,0.008516946690213,0.8259547416378777,0.858079138823293,4.163,2.309061013217876,0.0,9.0,3.183,1.826704094222118,0.0,7.0,92.654,2.933067828552024,86.0,97.0,0.04163,0.0230906101321787,0.0,0.09,0.03183,0.0182670409422211,0.0,0.07,0.92654,0.0293306782855202,0.86,0.97,0.07346,0.0293306782855202,0.03,0.14,0.0152699999999999,0.0134873647911298,0.0,0.05,0.0265,0.0175686840332068,0.0,0.07,0.9583467547547548,0.001450987995136,0.9552866866866868,0.9610812812812812,0.8905377455230052,0.0301588958105714,0.8348623853211009,0.941747572815534,population_robustness,0.05,low_r_separation,sigma_q
,min,0.0,0.0,0.0,0.0,1.0,0.0,1.0,1.0,0.7444213725404393,0.0115527738676709,0.7224945975448853,0.7661639143105804,0.0,0.0,0.0,0.0,0.0,0.0,0.0,0.0,100.0,0.0,100.0,100.0,0.0,0.0,0.0,0.0,0.0,0.0,0.0,0.0,1.0,0.0,1.0,1.0,0.0,0.0,0.0,0.0,0.0,0.0,0.0,0.0,0.0,0.0,0.0,0.0,0.9117335479305902,0.0037570833781125,0.904246495116436,0.9185730691761216,0.8381845162412501,0.033884336745901,0.7699115044247787,0.9047619047619048,population_robustness,0.05,low_r_separation,sigma_q
,geometric,0.00051,0.0022902281862611,0.0,0.01,0.99949,0.0022902281862611,0.99,1.0,0.8153952340704509,0.0100696821547506,0.7972266933199892,0.8359871267392315,0.051,0.2290228186261173,0.0,1.0,0.743,0.8965237056290005,0.0,3.0,99.206,0.927590655636647,97.0,100.0,0.00051,0.0022902281862611,0.0,0.01,0.00743,0.00896523705629,0.0,0.03,0.99206,0.0092759065563664,0.97,1.0,0.00794,0.0092759065563664,0.0,0.03,0.0,0.0,0.0,0.0,0.00051,0.0022902281862611,0.0,0.01,0.8007809165736844,0.0114195158042982,0.7772632480216634,0.8217381246992587,0.7835671943611856,0.0384494841237129,0.7094017094017094,0.8518518518518519,population_robustness,0.1,low_r_separation,sigma_q
,linear,0.0512,0.0246691825679037,0.01,0.11,0.9488,0.0246691825679037,0.89,0.99,0.8410143302144933,0.0084869811378443,0.8246282224436938,0.8575310313839111,5.12,2.46691825679038,1.0,11.0,3.285,1.786887788297846,0.0,7.0,91.595,3.040101514294747,85.0,97.0,0.0512,0.0246691825679037,0.01,0.11,0.03285,0.0178688778829784,0.0,0.07,0.91595,0.0304010151429474,0.85,0.97,0.08405,0.0304010151429474,0.03,0.15,0.01363,0.0131642089164672,0.0,0.0402499999999997,0.03804,0.0201037947304125,0.01,0.08,0.9180296816816818,0.0027192109230617,0.9123882882882884,0.923191891891892,0.7970240843562438,0.036472143417374,0.7241379310344828,0.8691588785046729,population_robustness,0.1,low_r_separation,sigma_q
,min,0.0,0.0,0.0,0.0,1.0,0.0,1.0,1.0,0.7460105391484542,0.0115245380875454,0.7240213433659162,0.7684941654632628,0.0,0.0,0.0,0.0,0.004,0.0631505185092568,0.0,0.0,99.996,0.0631505185092568,100.0,100.0,0.0,0.0,0.0,0.0,4e-05,0.0006315051850925,0.0,0.0,0.99996,0.0006315051850925,1.0,1.0,4e-05,0.0006315051850925,0.0,0.0,0.0,0.0,0.0,0.0,0.0,0.0,0.0,0.0,0.8326665899785671,0.0075098408215847,0.8179710553735269,0.8471924043077403,0.7142736566899606,0.0415783000741203,0.639344262295082,0.8018018018018018,population_robustness,0.1,low_r_separation,sigma_q
,geometric,0.00623,0.0076776328413154,0.0,0.02,0.99377,0.0076776328413154,0.98,1.0,0.8137458663600369,0.0099372941523702,0.7949273271589712,0.8337499456037849,0.623,0.7677632841315482,0.0,2.0,1.485,1.2121238568084716,0.0,4.0,97.892,1.4086590504165015,95.0,100.0,0.00623,0.0076776328413154,0.0,0.02,0.01485,0.0121212385680847,0.0,0.04,0.97892,0.014086590504165,0.95,1.0,0.02108,0.014086590504165,0.0,0.05,0.0,0.0,0.0,0.0,0.00623,0.0076776328413154,0.0,0.02,0.7360376604266575,0.014451639516663,0.7070229181003186,0.764460410331999,0.7011944381061184,0.041038254151328,0.6260162601626016,0.7857142857142857,population_robustness,0.15,low_r_separation,sigma_q
,linear,0.06298,0.0260153108072226,0.02,0.12,0.93702,0.0260153108072226,0.88,0.98,0.839488537666274,0.0086837532896087,0.8223178137459722,0.8559358496009059,6.298,2.6015310807222667,2.0,12.0,3.565,1.8924471872040067,0.0,8.0,90.137,3.2212742211130685,83.0,96.0,0.06298,0.0260153108072226,0.02,0.12,0.03565,0.01892447187204,0.0,0.08,0.90137,0.0322127422111306,0.83,0.96,0.09863,0.0322127422111306,0.04,0.17,0.01164,0.0122499167532053,0.0,0.04,0.05202,0.0219408523307778,0.01,0.1,0.8798217017017016,0.0040750159708187,0.8717555555555556,0.8875208208208208,0.7179000111603167,0.0389256554346065,0.639344262295082,0.7857142857142857,population_robustness,0.15,low_r_separation,sigma_q
,min,2e-05,0.0004469897088298,0.0,0.0,0.99998,0.0004469897088298,1.0,1.0,0.7474487945417013,0.0114397120809692,0.7261299608545283,0.7701840050083473,0.002,0.0446989708829856,0.0,0.0,0.122,0.3510544676246682,0.0,1.0,99.876,0.3531978889358609,99.0,100.0,2e-05,0.0004469897088298,0.0,0.0,0.00122,0.0035105446762466,0.0,0.01,0.99876,0.0035319788893586,0.99,1.0,0.00124,0.0035319788893586,0.0,0.01,0.0,0.0,0.0,0.0,2e-05,0.0004469897088298,0.0,0.0,0.7530383885137626,0.0109013353912854,0.7312560365508455,0.7744298137942587,0.6175816101111241,0.0421575064284764,0.5384615384615384,0.7094017094017094,population_robustness,0.15,low_r_separation,sigma_q
,geometric,0.0216,0.0145826147399104,0.0,0.05,0.9784,0.0145826147399104,0.95,1.0,0.8128838322217792,0.0101521519362155,0.794063505314452,0.8330050565156141,2.16,1.458261473991042,0.0,5.0,2.313,1.5130500058888736,0.0,6.0,95.527,2.0682235248030008,91.0,99.0,0.0216,0.0145826147399104,0.0,0.05,0.02313,0.0151305000588887,0.0,0.06,0.95527,0.0206822352480299,0.91,0.99,0.04473,0.02068223524803,0.01,0.09,0.0,0.0,0.0,0.0,0.0216,0.0145826147399104,0.0,0.05,0.6769774206050838,0.016630536006953,0.6445738357828045,0.7083467453973068,0.6270434237676943,0.0424241864683947,0.5384615384615384,0.7094017094017094,population_robustness,0.2,low_r_separation,sigma_q
,linear,0.07691,0.0287955045290246,0.02,0.14,0.92309,0.0287955045290246,0.86,0.98,0.8374539657559094,0.0089145992084653,0.8194366469948889,0.8539613699721857,7.691,2.8795504529024685,2.0,14.0,3.857,1.945336817966322,1.0,8.0,88.452,3.4294981349254963,81.0,95.0,0.07691,0.0287955045290246,0.02,0.14,0.03857,0.0194533681796632,0.01,0.08,0.8845200000000001,0.0342949813492549,0.81,0.95,0.11548,0.0342949813492549,0.05,0.19,0.00951,0.011044540818064,0.0,0.04,0.06854,0.0259642550931572,0.02,0.12,0.8447403763763763,0.0050349306550714,0.8343699699699699,0.8544504504504505,0.6482197141595234,0.0414553780129538,0.5625,0.7241379310344828,population_robustness,0.2,low_r_separation,sigma_q
,min,0.00164,0.0041385417150884,0.0,0.01,0.99836,0.0041385417150884,0.99,1.0,0.7496399580694544,0.0117558768034856,0.7273371903526487,0.7730485565965938,0.164,0.4138541715088483,0.0,1.0,0.699,0.8252757600221153,0.0,3.0,99.137,0.9181906523560748,97.0,100.0,0.00164,0.0041385417150884,0.0,0.01,0.00699,0.0082527576002211,0.0,0.03,0.99137,0.0091819065235607,0.97,1.0,0.0086299999999999,0.0091819065235607,0.0,0.03,0.0,0.0,0.0,0.0,0.00164,0.0041385417150884,0.0,0.01,0.6787110535635572,0.0140893054805884,0.6520309914517707,0.7065404789769064,0.5415836014545591,0.0416015814603624,0.4598540145985401,0.6260162601626016,population_robustness,0.2,low_r_separation,sigma_q
,geometric,0.0,0.0,0.0,0.0,1.0,0.0,1.0,1.0,0.8287936843736188,0.0092601501202752,0.8106043652058271,0.8461970301312958,0.0,0.0,0.0,0.0,0.001,0.0316227766016837,0.0,0.0,99.999,0.0316227766016837,100.0,100.0,0.0,0.0,0.0,0.0,1e-05,0.0003162277660168,0.0,0.0,0.99999,0.0003162277660168,1.0,1.0,1e-05,0.0003162277660168,0.0,0.0,0.0,0.0,0.0,0.0,0.0,0.0,0.0,0.0,1.0,0.0,1.0,1.0,1.0,0.0,1.0,1.0,population_robustness,0.0,low_veto_frac,sigma_q
,linear,0.00971,0.0114694135616188,0.0,0.04,0.99029,0.0114694135616189,0.96,1.0,0.8471523540249992,0.0083993209321548,0.830519636945308,0.8638581422161016,0.971,1.1469413561618895,0.0,4.0,2.658,1.6203893549581414,0.0,6.0,96.371,2.031621639598891,92.0,100.0,0.00971,0.0114694135616188,0.0,0.04,0.02658,0.0162038935495814,0.0,0.06,0.96371,0.0203162163959889,0.92,1.0,0.0362899999999999,0.0203162163959889,0.0,0.08,0.00971,0.0114694135616188,0.0,0.04,0.0,0.0,0.0,0.0,1.0,0.0,1.0,1.0,1.0,0.0,1.0,1.0,population_robustness,0.0,low_veto_frac,sigma_q
,min,0.0,0.0,0.0,0.0,1.0,0.0,1.0,1.0,0.7565308182384056,0.0112551029065603,0.7348666349037349,0.7783214774163179,0.0,0.0,0.0,0.0,0.0,0.0,0.0,0.0,100.0,0.0,100.0,100.0,0.0,0.0,0.0,0.0,0.0,0.0,0.0,0.0,1.0,0.0,1.0,1.0,0.0,0.0,0.0,0.0,0.0,0.0,0.0,0.0,0.0,0.0,0.0,0.0,1.0,0.0,1.0,1.0,1.0,0.0,1.0,1.0,population_robustness,0.0,low_veto_frac,sigma_q
,geometric,0.0,0.0,0.0,0.0,1.0,0.0,1.0,1.0,0.8280830867074676,0.0092709262589991,0.809934910595819,0.8458122804491522,0.0,0.0,0.0,0.0,0.088,0.3005766896257033,0.0,1.0,99.912,0.3005766896257033,99.0,100.0,0.0,0.0,0.0,0.0,0.00088,0.003005766896257,0.0,0.01,0.99912,0.003005766896257,0.99,1.0,0.00088,0.003005766896257,0.0,0.01,0.0,0.0,0.0,0.0,0.0,0.0,0.0,0.0,0.9189941392668244,0.0055294052842328,0.9071301151987512,0.929152672403346,0.8750136412077597,0.0314972537971515,0.8181818181818182,0.941747572815534,population_robustness,0.05,low_veto_frac,sigma_q
,linear,0.01499,0.013790942320599,0.0,0.05,0.9850100000000002,0.013790942320599,0.95,1.0,0.8470752682184188,0.0082602100384344,0.8303733547284342,0.8632210708632679,1.499,1.3790942320599056,0.0,5.0,2.64,1.5927764868106689,0.0,6.0,95.861,2.1919132016308227,91.0,99.0,0.01499,0.013790942320599,0.0,0.05,0.0264,0.0159277648681066,0.0,0.06,0.95861,0.0219191320163082,0.91,0.99,0.04139,0.0219191320163082,0.01,0.09,0.0045,0.0071274680497916,0.0,0.02,0.01054,0.0111639165633317,0.0,0.04,0.9574068468468468,0.0014035815665247,0.954658058058058,0.9600810810810811,0.8882261835200488,0.0303829231048872,0.8348623853211009,0.941747572815534,population_robustness,0.05,low_veto_frac,sigma_q
,min,0.0,0.0,0.0,0.0,1.0,0.0,1.0,1.0,0.7568174359011889,0.0112878602621928,0.734559706831131,0.7784494597498115,0.0,0.0,0.0,0.0,0.0,0.0,0.0,0.0,100.0,0.0,100.0,100.0,0.0,0.0,0.0,0.0,0.0,0.0,0.0,0.0,1.0,0.0,1.0,1.0,0.0,0.0,0.0,0.0,0.0,0.0,0.0,0.0,0.0,0.0,0.0,0.0,0.9058215804700548,0.0044775861423163,0.8967827284997162,0.9143301601087246,0.8284337982329807,0.0365415960938327,0.7543859649122807,0.9047619047619048,population_robustness,0.05,low_veto_frac,sigma_q
,geometric,5.9999999999999995e-05,0.0007726558075864,0.0,0.0,0.99994,0.0007726558075864,1.0,1.0,0.8266349641952039,0.0092710229262042,0.8078651821494152,0.8445293700904173,0.006,0.0772655807586403,0.0,0.0,0.527,0.7223522636448181,0.0,2.0,99.467,0.726249570353359,98.0,100.0,5.9999999999999995e-05,0.0007726558075864,0.0,0.0,0.0052699999999999,0.0072235226364481,0.0,0.02,0.99467,0.0072624957035335,0.98,1.0,0.00533,0.0072624957035335,0.0,0.02,0.0,0.0,0.0,0.0,5.9999999999999995e-05,0.0007726558075864,0.0,0.0,0.8533328729810467,0.0088656971377381,0.8348825731287588,0.8696548790048512,0.7716007265323328,0.0396705333068004,0.6949152542372882,0.8518518518518519,population_robustness,0.1,low_veto_frac,sigma_q
,linear,0.02129,0.0155588552913759,0.0,0.06,0.97871,0.0155588552913759,0.94,1.0,0.8458603699733358,0.0083778426050321,0.8294681822321137,0.8623894553786255,2.129,1.5558855291375968,0.0,6.0,2.825,1.6772561486511797,0.0,6.0,95.046,2.3416591057127354,90.0,99.0,0.02129,0.0155588552913759,0.0,0.06,0.02825,0.0167725614865117,0.0,0.06,0.95046,0.0234165910571273,0.9,0.99,0.04954,0.0234165910571273,0.01,0.1,0.0039299999999999,0.0065036449316823,0.0,0.02,0.01751,0.0132769038625794,0.0,0.05,0.9162970010010012,0.0026410746592249,0.9107122122122122,0.9211375375375376,0.7917413517289331,0.0370170458704061,0.7241379310344828,0.8691588785046729,population_robustness,0.1,low_veto_frac,sigma_q
,min,0.0,0.0,0.0,0.0,1.0,0.0,1.0,1.0,0.7582265892779435,0.0112450878365573,0.7365356940243839,0.780117580557514,0.0,0.0,0.0,0.0,0.0,0.0,0.0,0.0,100.0,0.0,100.0,100.0,0.0,0.0,0.0,0.0,0.0,0.0,0.0,0.0,1.0,0.0,1.0,1.0,0.0,0.0,0.0,0.0,0.0,0.0,0.0,0.0,0.0,0.0,0.0,0.0,0.8161045722849486,0.0086486068194721,0.7985165732094802,0.8325855769607999,0.7008591577771816,0.041580566484382,0.6129032258064516,0.7857142857142857,population_robustness,0.1,low_veto_frac,sigma_q
,geometric,0.00252,0.005007461899473,0.0,0.02,0.99748,0.005007461899473,0.98,1.0,0.8241244035438523,0.0096459710441547,0.8045924500584235,0.8428458394747107,0.252,0.5007461899473092,0.0,2.0,1.177,1.075559309302759,0.0,4.0,98.571,1.1842133935069985,96.0,100.0,0.00252,0.005007461899473,0.0,0.02,0.01177,0.0107555930930275,0.0,0.04,0.9857100000000002,0.0118421339350699,0.96,1.0,0.01429,0.0118421339350699,0.0,0.04,0.0,0.0,0.0,0.0,0.00252,0.005007461899473,0.0,0.02,0.7915990765056617,0.0113519785894519,0.7685374991527102,0.8127449797090638,0.6856808989804568,0.0411145251419927,0.6129032258064516,0.7699115044247787,population_robustness,0.15,low_veto_frac,sigma_q
,linear,0.02757,0.0169906969775752,0.0,0.06,0.97243,0.0169906969775752,0.94,1.0,0.8432047720182994,0.0087819591115978,0.826007694035406,0.8598739067749205,2.757,1.699069697757522,0.0,6.0,3.125,1.799614851465061,0.0,7.0,94.118,2.551585112549959,89.0,99.0,0.02757,0.0169906969775752,0.0,0.06,0.03125,0.0179961485146506,0.0,0.07,0.94118,0.0255158511254995,0.89,0.99,0.05882,0.0255158511254995,0.01,0.11,0.00289,0.0057254415271383,0.0,0.02,0.02496,0.0154802467046891,0.0,0.06,0.8777801001001001,0.0037801529556785,0.8698808808808809,0.8846690690690692,0.7106293964105244,0.0403230282159435,0.639344262295082,0.7857142857142857,population_robustness,0.15,low_veto_frac,sigma_q
,min,0.0,0.0,0.0,0.0,1.0,0.0,1.0,1.0,0.7602186152102014,0.0114456738714474,0.7360827308683742,0.7817232962521892,0.0,0.0,0.0,0.0,0.093,0.3137665524708608,0.0,1.0,99.907,0.3137665524708608,99.0,100.0,0.0,0.0,0.0,0.0,0.00093,0.0031376655247086,0.0,0.01,0.99907,0.0031376655247086,0.99,1.0,0.00093,0.0031376655247086,0.0,0.01,0.0,0.0,0.0,0.0,0.0,0.0,0.0,0.0,0.7335765397739353,0.012168037038569,0.7097600722755996,0.7568160252220292,0.5977322681316207,0.0436462314251688,0.5148667122351333,0.680672268907563,population_robustness,0.15,low_veto_frac,sigma_q
,geometric,0.0086399999999999,0.0090017460212689,0.0,0.03,0.99136,0.0090017460212689,0.97,1.0,0.8221183617236688,0.0095584501805798,0.8034006335399753,0.8397962805597983,0.864,0.9001746021268954,0.0,3.0,2.057,1.4477039914453669,0.0,5.0,97.079,1.6821381003320115,93.0,100.0,0.0086399999999999,0.0090017460212689,0.0,0.03,0.02057,0.0144770399144536,0.0,0.05,0.9707900000000002,0.0168213810033201,0.93,1.0,0.02921,0.0168213810033201,0.0,0.07,0.0,0.0,0.0,0.0,0.0086399999999999,0.0090017460212689,0.0,0.03,0.7333920716355071,0.0138865722866027,0.7054000609278333,0.759259484493149,0.6157247383707855,0.0429607608347846,0.5384615384615384,0.6949152542372882,population_robustness,0.2,low_veto_frac,sigma_q
,linear,0.03436,0.0186959872683937,0.0,0.07,0.96564,0.0186959872683937,0.93,1.0,0.8404822052812337,0.0086073962559806,0.8233104448487828,0.8566579253346488,3.436,1.8695987268393712,0.0,7.0,3.546,1.8845252546557807,1.0,8.0,93.018,2.6890345678155403,87.0,98.0,0.03436,0.0186959872683937,0.0,0.07,0.03546,0.0188452525465578,0.01,0.08,0.93018,0.0268903456781553,0.87,0.98,0.06982,0.0268903456781554,0.02,0.13,0.00224,0.0050406158163271,0.0,0.02,0.0324,0.0178930198725693,0.0,0.07,0.842502898898899,0.0050628798599203,0.8321281281281282,0.8523287287287287,0.6429356082954423,0.0422285031812236,0.5625,0.7241379310344828,population_robustness,0.2,low_veto_frac,sigma_q
,min,0.00027,0.0017407268970548,0.0,0.0002499999999997,0.99973,0.0017407268970548,0.99975,1.0,0.7628783217363148,0.0113025848751329,0.7414009261633842,0.7854364473285819,0.027,0.1740726897054828,0.0,0.0249999999999772,0.606,0.7741856129917188,0.0,2.0,99.367,0.791794125980951,98.0,100.0,0.00027,0.0017407268970548,0.0,0.0002499999999997,0.0060599999999999,0.0077418561299171,0.0,0.02,0.99367,0.0079179412598095,0.98,1.0,0.00633,0.0079179412598095,0.0,0.02,0.0,0.0,0.0,0.0,0.00027,0.0017407268970548,0.0,0.0002499999999997,0.6599398610075647,0.0145963350015644,0.6312506528838762,0.6879476860301608,0.5163985241721268,0.0450602966836687,0.4285714285714285,0.6129032258064516,population_robustness,0.2,low_veto_frac,sigma_q
,geometric,0.0,0.0,0.0,0.0,1.0,0.0,1.0,1.0,0.7791057388139022,0.0117747464426484,0.756670837904598,0.8019518405435796,0.0,0.0,0.0,0.0,4.825,2.449974974847167,1.0,10.0,95.175,2.449974974847167,90.0,99.0,0.0,0.0,0.0,0.0,0.04825,0.0244997497484716,0.01,0.1,0.95175,0.0244997497484716,0.9,0.99,0.04825,0.0244997497484716,0.01,0.1,0.0,0.0,0.0,0.0,0.0,0.0,0.0,0.0,1.0,0.0,1.0,1.0,1.0,0.0,1.0,1.0,population_robustness,0.0,weak_heavy,sigma_q
,linear,0.29145,0.0467030906758715,0.2,0.39,0.7085499999999999,0.0467030906758715,0.61,0.8,0.8783317783448412,0.0081088068330895,0.8627825372794335,0.894227690495439,29.145,4.670309067587153,20.0,39.0,15.066,3.5693675048087137,8.0,23.0,55.789,5.264236999907127,46.0,66.0,0.29145,0.0467030906758715,0.2,0.39,0.15066,0.0356936750480871,0.08,0.23,0.5578900000000001,0.0526423699990712,0.46,0.66,0.44211,0.0526423699990712,0.34,0.54,0.29145,0.0467030906758715,0.2,0.39,0.0,0.0,0.0,0.0,1.0,0.0,1.0,1.0,1.0,0.0,1.0,1.0,population_robustness,0.0,weak_heavy,sigma_q
,min,0.0,0.0,0.0,0.0,1.0,0.0,1.0,1.0,0.6676493660234318,0.015350215794238,0.6376615467242359,0.6978578168909569,0.0,0.0,0.0,0.0,0.0,0.0,0.0,0.0,100.0,0.0,100.0,100.0,0.0,0.0,0.0,0.0,0.0,0.0,0.0,0.0,1.0,0.0,1.0,1.0,0.0,0.0,0.0,0.0,0.0,0.0,0.0,0.0,0.0,0.0,0.0,0.0,1.0,0.0,1.0,1.0,1.0,0.0,1.0,1.0,population_robustness,0.0,weak_heavy,sigma_q
,geometric,0.0003,0.0017644016303305,0.0,0.01,0.9997,0.0017644016303305,0.99,1.0,0.779430900945049,0.0117050970607008,0.7558860198190039,0.8025987610390616,0.03,0.1764401630330553,0.0,1.0,6.275,2.633307674638364,2.0,12.0,93.695,2.651604421101686,88.0,98.0,0.0003,0.0017644016303305,0.0,0.01,0.06275,0.0263330767463836,0.02,0.12,0.93695,0.0265160442110168,0.88,0.98,0.06305,0.0265160442110168,0.02,0.12,0.0,0.0,0.0,0.0,0.0003,0.0017644016303305,0.0,0.01,0.7283915618568033,0.0157041659711849,0.6966471311438921,0.758556094621971,0.8657137693410566,0.0329004875695769,0.8018018018018018,0.9230769230769232,population_robustness,0.05,weak_heavy,sigma_q
,linear,0.3104399999999999,0.0469873835642528,0.22,0.41,0.68956,0.0469873835642528,0.5900000000000001,0.78,0.8798644397036371,0.0080724760692602,0.8643317256969097,0.8952916580753052,31.044,4.69873835642528,22.0,41.0,14.58,3.477023107442585,8.0,22.0,54.376,5.279820120089368,44.0,64.0,0.3104399999999999,0.0469873835642528,0.22,0.41,0.1458,0.0347702310744258,0.08,0.22,0.54376,0.0527982012008936,0.44,0.64,0.45624,0.0527982012008936,0.36,0.56,0.14139,0.0360064489274402,0.07,0.21,0.1769599999999999,0.0373061677226454,0.11,0.25,0.960968012012012,0.0013579568713182,0.9581417417417418,0.963555955955956,0.8755213181894071,0.0314288684113956,0.8181818181818182,0.941747572815534,population_robustness,0.05,weak_heavy,sigma_q
,min,0.0,0.0,0.0,0.0,1.0,0.0,1.0,1.0,0.6684611069357597,0.0153660244431909,0.6375915678446678,0.6987639171503928,0.0,0.0,0.0,0.0,0.001,0.0316227766016838,0.0,0.0,99.999,0.0316227766016837,100.0,100.0,0.0,0.0,0.0,0.0,1e-05,0.0003162277660168,0.0,0.0,0.99999,0.0003162277660168,1.0,1.0,1e-05,0.0003162277660168,0.0,0.0,0.0,0.0,0.0,0.0,0.0,0.0,0.0,0.0,0.8257799892782446,0.0079368272738816,0.8098355132855151,0.840521731713447,0.8437337833929356,0.0346811252313387,0.7699115044247787,0.9047619047619048,population_robustness,0.05,weak_heavy,sigma_q
,geometric,0.0248,0.0156398402998433,0.0,0.06,0.9752000000000002,0.0156398402998433,0.94,1.0,0.7854357207458839,0.0114747170778681,0.7624681926403171,0.8076776628391887,2.48,1.5639840299843366,0.0,6.0,9.269,3.0508928114483056,4.0,16.0,88.251,3.5800580743635733,81.0,95.0,0.0248,0.0156398402998433,0.0,0.06,0.09269,0.030508928114483,0.04,0.16,0.88251,0.0358005807436357,0.81,0.95,0.11749,0.0358005807436357,0.05,0.19,0.0,0.0,0.0,0.0,0.0248,0.0156398402998433,0.0,0.06,0.6154955451079053,0.0194559136764284,0.5777410765411791,0.6535591630361082,0.7365373450205748,0.0400239222257739,0.6528925619834711,0.8022113022113019,population_robustness,0.1,weak_heavy,sigma_q
,linear,0.3248499999999999,0.0477855727281881,0.23,0.42,0.67515,0.0477855727281881,0.5800000000000001,0.77,0.8794450212438621,0.0080458425616722,0.8624298464720452,0.8945246498455584,32.485,4.7785572728188175,23.0,42.0,14.667,3.509762018916586,8.0,22.0,52.848,5.194408327988653,42.975,62.02499999999998,0.3248499999999999,0.0477855727281881,0.23,0.42,0.14667,0.0350976201891658,0.08,0.22,0.5284800000000001,0.0519440832798865,0.42975,0.6202499999999997,0.47152,0.0519440832798865,0.37975,0.5702499999999997,0.13051,0.0344764924046592,0.07,0.2,0.20613,0.0395738447612711,0.13,0.28,0.9248505505505504,0.0025361305421721,0.919736236236236,0.9295576576576576,0.7696851161797611,0.0385054650777622,0.6949152542372882,0.8348623853211009,population_robustness,0.1,weak_heavy,sigma_q
,min,1e-05,0.0003162277660168,0.0,0.0,0.99999,0.0003162277660168,1.0,1.0,0.6712529801959652,0.0151841232965541,0.6417564972364291,0.7003085606725526,0.001,0.0316227766016838,0.0,0.0,0.353,0.5785548597373682,0.0,2.0,99.646,0.5805351160963659,98.0,100.0,1e-05,0.0003162277660168,0.0,0.0,0.00353,0.0057855485973736,0.0,0.02,0.99646,0.0058053511609636,0.98,1.0,0.00354,0.0058053511609636,0.0,0.02,0.0,0.0,0.0,0.0,1e-05,0.0003162277660168,0.0,0.0,0.7039283230100518,0.0123521169475683,0.6783136761598298,0.7265497003592258,0.7144160073683118,0.0401704862021123,0.639344262295082,0.7857142857142857,population_robustness,0.1,weak_heavy,sigma_q
,geometric,0.07887,0.0265165274164289,0.03,0.13,0.92113,0.0265165274164288,0.87,0.97,0.7950032326452435,0.0110270516215907,0.7730828510909216,0.8157636681199852,7.887,2.651652741642891,3.0,13.0,11.794,3.3296622427283293,6.0,18.0,80.319,4.242550911684884,72.0,88.0,0.07887,0.0265165274164289,0.03,0.13,0.11794,0.0332966224272833,0.06,0.18,0.8031900000000001,0.0424255091168488,0.72,0.88,0.19681,0.0424255091168488,0.12,0.28,0.0,0.0,0.0,0.0,0.07887,0.0265165274164289,0.03,0.13,0.5350762082082189,0.0213855041502276,0.4944645779676251,0.5758946623772985,0.6158173212377274,0.0434994740843075,0.5384615384615384,0.6949152542372882,population_robustness,0.15,weak_heavy,sigma_q
,linear,0.33469,0.046560409918425,0.25,0.43,0.66531,0.046560409918425,0.5700000000000001,0.75,0.8768030749881269,0.0080855750441857,0.8613799894679393,0.8928193558759083,33.469,4.656040991842502,25.0,43.0,14.975,3.5000893739482746,8.0,22.0,51.556,5.1576608521175045,42.0,61.0,0.33469,0.046560409918425,0.25,0.43,0.14975,0.0350008937394827,0.08,0.22,0.5155599999999999,0.051576608521175,0.42,0.61,0.48444,0.051576608521175,0.39,0.58,0.11508,0.0351087770539821,0.05,0.19,0.23248,0.0407346156101774,0.16,0.31,0.8914180220220221,0.0037592244838756,0.8839055055055056,0.8986268268268268,0.6819576774501397,0.0419296792608572,0.6,0.7699115044247787,population_robustness,0.15,weak_heavy,sigma_q
,min,0.00138,0.0037295454829656,0.0,0.01,0.99862,0.0037295454829656,0.99,1.0,0.676482642953552,0.0150163239769025,0.6449903389478095,0.7062748400744151,0.138,0.3729545482965653,0.0,1.0,2.86,1.7301425933700938,0.0,6.0,97.002,1.7700647245592824,93.0,100.0,0.00138,0.0037295454829656,0.0,0.01,0.0286,0.0173014259337009,0.0,0.06,0.97002,0.0177006472455928,0.93,1.0,0.02998,0.0177006472455928,0.0,0.07,0.0,0.0,0.0,0.0,0.00138,0.0037295454829656,0.0,0.01,0.6041731627674217,0.0152708853070211,0.5735303151412463,0.6326013023825668,0.6027953049000787,0.0446783004518879,0.5151515151515151,0.6949152542372882,population_robustness,0.15,weak_heavy,sigma_q
,geometric,0.13385,0.0341561728556368,0.07,0.2002499999999998,0.8661500000000001,0.0341561728556368,0.7997500000000001,0.93,0.8034767061378175,0.0112361582310246,0.7818687478092055,0.8252817371381846,13.385,3.4156172855636857,7.0,20.024999999999977,14.238,3.4999436574901615,8.0,22.0,72.377,4.592162775747279,63.0,81.0,0.13385,0.0341561728556368,0.07,0.2002499999999998,0.14238,0.0349994365749016,0.08,0.22,0.72377,0.0459216277574728,0.63,0.81,0.27623,0.0459216277574728,0.19,0.37,0.0,0.0,0.0,0.0,0.13385,0.0341561728556368,0.07,0.2002499999999998,0.4731590557035341,0.0217001665202095,0.4273993627117138,0.5148433365717295,0.517427348243739,0.0428214689387986,0.4388489208633093,0.6,population_robustness,0.2,weak_heavy,sigma_q
,linear,0.3423899999999999,0.0477563458460608,0.25,0.43,0.6576099999999999,0.0477563458460607,0.5700000000000001,0.75,0.8731448158271264,0.0083248016609157,0.8557978262755175,0.8883645418300086,34.239,4.775634584606079,25.0,43.0,15.603,3.4781444030529394,9.0,22.0,50.158,5.145630526331396,40.0,60.0,0.3423899999999999,0.0477563458460608,0.25,0.43,0.15603,0.0347814440305293,0.09,0.22,0.50158,0.0514563052633139,0.4,0.6,0.49842,0.0514563052633139,0.4,0.6,0.09917,0.0334534038661274,0.04,0.1602499999999997,0.25577,0.0420282461384421,0.17,0.34,0.8608236156156156,0.0047005899956403,0.8512969969969971,0.8699140140140141,0.6047148583373672,0.0417508374320122,0.5267175572519084,0.6949152542372882,population_robustness,0.2,weak_heavy,sigma_q
,min,0.01326,0.0117605574149659,0.0,0.04,0.98674,0.0117605574149659,0.96,1.0,0.685509594019506,0.0152364111149278,0.6564047193064612,0.7143914527863793,1.326,1.1760557414965955,0.0,4.0,7.238,2.72116900628402,3.0,13.0,91.436,2.99112869179025,85.0,97.0,0.01326,0.0117605574149659,0.0,0.04,0.07238,0.0272116900628402,0.03,0.13,0.91436,0.0299112869179024,0.85,0.97,0.08564,0.0299112869179025,0.03,0.15,0.0,0.0,0.0,0.0,0.01326,0.0117605574149659,0.0,0.04,0.5229116014456484,0.0171545613011373,0.4865752849830004,0.5548212149703792,0.5032047539938701,0.0434688556271204,0.4184397163120567,0.5873015873015873,population_robustness,0.2,weak_heavy,sigma_q
,geometric,0.0,0.0,0.0,0.0,1.0,0.0,1.0,1.0,0.7993096040552572,0.0104099617756242,0.780683146065889,0.8200633260898444,0.0,0.0,0.0,0.0,32.758,5.076534960699789,23.0,43.0,67.242,5.076534960699789,57.0,77.0,0.0,0.0,0.0,0.0,0.32758,0.0507653496069978,0.23,0.43,0.6724199999999999,0.0507653496069978,0.57,0.77,0.32758,0.0507653496069978,0.23,0.43,0.0,0.0,0.0,0.0,0.0,0.0,0.0,0.0,1.0,0.0,1.0,1.0,1.0,0.0,1.0,1.0,population_robustness,0.0,weak_sparse,sigma_q
,linear,0.41661,0.0477649389132802,0.32,0.5002499999999998,0.58339,0.0477649389132801,0.49975,0.6799999999999999,0.9062095719960326,0.0060099440357111,0.8939308755700133,0.9177043256099714,41.661,4.77649389132802,32.0,50.02499999999998,30.575,4.558854917428077,22.0,40.0,27.764,4.410187496439777,19.0,37.0,0.41661,0.0477649389132802,0.32,0.5002499999999998,0.30575,0.0455885491742807,0.22,0.4,0.27764,0.0441018749643977,0.19,0.37,0.72236,0.0441018749643977,0.63,0.81,0.41661,0.0477649389132802,0.32,0.5002499999999998,0.0,0.0,0.0,0.0,1.0,0.0,1.0,1.0,1.0,0.0,1.0,1.0,population_robustness,0.0,weak_sparse,sigma_q
,min,0.0,0.0,0.0,0.0,1.0,0.0,1.0,1.0,0.5925062861314438,0.0168659858473531,0.5608215013023353,0.6248452430719053,0.0,0.0,0.0,0.0,0.0,0.0,0.0,0.0,100.0,0.0,100.0,100.0,0.0,0.0,0.0,0.0,0.0,0.0,0.0,0.0,1.0,0.0,1.0,1.0,0.0,0.0,0.0,0.0,0.0,0.0,0.0,0.0,0.0,0.0,0.0,0.0,1.0,0.0,1.0,1.0,1.0,0.0,1.0,1.0,population_robustness,0.0,weak_sparse,sigma_q
,geometric,0.00613,0.0080739264480355,0.0,0.03,0.99387,0.0080739264480355,0.97,1.0,0.799219373759692,0.0104852323216805,0.7795005022067412,0.820123352066257,0.613,0.807392644803557,0.0,3.0,34.614,5.05475563747196,25.0,45.0,64.773,5.12598739237103,55.0,75.0,0.00613,0.0080739264480355,0.0,0.03,0.34614,0.0505475563747195,0.25,0.45,0.64773,0.0512598739237102,0.55,0.75,0.3522699999999999,0.0512598739237102,0.25,0.45,0.0,0.0,0.0,0.0,0.00613,0.0080739264480355,0.0,0.03,0.7173459269161286,0.0159228734458396,0.6851656321883307,0.7478275331428474,0.7581237249035798,0.0394139834494367,0.680672268907563,0.8348623853211009,population_robustness,0.05,weak_sparse,sigma_q
,linear,0.43637,0.0477011372872649,0.34,0.53,0.5636299999999999,0.0477011372872649,0.47,0.6599999999999999,0.9066045388942712,0.006016302184533,0.8943009761434044,0.9178491172049368,43.637,4.770113728726495,34.0,53.0,29.508,4.5102414878006565,21.975,38.0,26.855,4.25535933654058,18.0,35.0,0.43637,0.0477011372872649,0.34,0.53,0.29508,0.0451024148780065,0.21975,0.38,0.26855,0.0425535933654058,0.18,0.35,0.73145,0.0425535933654058,0.65,0.82,0.2005,0.0399943689730135,0.12,0.28,0.2418799999999999,0.0427842973074946,0.16,0.33,0.9596461821821822,0.0012898511103537,0.9570329329329328,0.9620508508508508,0.8736523280094707,0.0316879466216137,0.8018018018018018,0.9230769230769232,population_robustness,0.05,weak_sparse,sigma_q
,min,0.0,0.0,0.0,0.0,1.0,0.0,1.0,1.0,0.5955145778341134,0.0170217776577356,0.5619712067920505,0.628779924757113,0.0,0.0,0.0,0.0,2.345,1.6645557202285977,0.0,6.0,97.655,1.664555720228598,94.0,100.0,0.0,0.0,0.0,0.0,0.02345,0.0166455572022859,0.0,0.06,0.97655,0.0166455572022859,0.94,1.0,0.02345,0.0166455572022859,0.0,0.06,0.0,0.0,0.0,0.0,0.0,0.0,0.0,0.0,0.7746321029880167,0.0078840012868033,0.7592806562591596,0.790063589444009,0.679360814115357,0.0415715420780788,0.6,0.7543859649122807,population_robustness,0.05,weak_sparse,sigma_q
,geometric,0.07884,0.0274847195694227,0.03,0.14,0.92116,0.0274847195694227,0.86,0.97,0.807115061894224,0.0105152636021203,0.7865485254271718,0.8273739417815275,7.884,2.748471956942275,3.0,14.0,35.749,4.826519894737231,27.0,45.0,56.367,5.142057151739151,47.0,66.0,0.07884,0.0274847195694227,0.03,0.14,0.35749,0.0482651989473723,0.27,0.45,0.5636700000000001,0.0514205715173915,0.47,0.66,0.43633,0.0514205715173915,0.34,0.53,0.0,0.0,0.0,0.0,0.07884,0.0274847195694227,0.03,0.14,0.5698582553803014,0.0204677544291251,0.5313452228042715,0.6099182221656686,0.5662163522857745,0.0431264281117132,0.4814814814814814,0.6528925619834711,population_robustness,0.1,weak_sparse,sigma_q
,linear,0.44846,0.0471365065554316,0.35,0.54,0.55154,0.0471365065554316,0.4599999999999999,0.65,0.9044690788760058,0.0060999915806622,0.8924092175042979,0.9158700767499396,44.846,4.713650655543164,35.0,54.0,28.924,4.436880650852569,20.0,38.0,26.23,4.291563528309643,18.0,35.0,0.44846,0.0471365065554316,0.35,0.54,0.28924,0.0443688065085256,0.2,0.38,0.2623,0.0429156352830964,0.18,0.35,0.7377,0.0429156352830964,0.65,0.82,0.19316,0.039516780941468,0.12,0.27,0.27018,0.043608133063332,0.19,0.36,0.9230756276276276,0.0024200150475202,0.9182556556556556,0.927868968968969,0.7696322944329245,0.0401526343310166,0.6949152542372882,0.8518518518518519,population_robustness,0.1,weak_sparse,sigma_q
,min,0.00062,0.0026500231362428,0.0,0.01,0.9993800000000002,0.0026500231362428,0.99,1.0,0.6052613853731527,0.0170915676550435,0.571049731572984,0.6385251002287888,0.062,0.2650023136242893,0.0,1.0,15.203,3.9518866897228224,8.0,24.0,84.735,3.9679364308818657,76.0,92.0,0.00062,0.0026500231362428,0.0,0.01,0.15203,0.0395188668972282,0.08,0.24,0.8473499999999999,0.0396793643088186,0.76,0.92,0.1526499999999999,0.0396793643088186,0.08,0.24,0.0,0.0,0.0,0.0,0.00062,0.0026500231362428,0.0,0.01,0.5950724287026466,0.0139765910164508,0.5688850959805384,0.6223394843718799,0.4707361869832488,0.0407775329290691,0.3888888888888889,0.5503875968992248,population_robustness,0.1,weak_sparse,sigma_q
,geometric,0.15921,0.0349241405849248,0.09,0.23,0.8407899999999999,0.0349241405849248,0.77,0.91,0.8129774172471079,0.0103880109159135,0.7931480868255918,0.8329020234584908,15.921,3.4924140584924857,9.0,23.0,36.019,4.745013609480393,27.0,45.0,48.06,5.0061423732712065,38.975,58.0,0.15921,0.0349241405849248,0.09,0.23,0.3601899999999999,0.0474501360948039,0.27,0.45,0.4806,0.050061423732712,0.38975,0.58,0.5194,0.050061423732712,0.42,0.6102499999999997,0.0,0.0,0.0,0.0,0.15921,0.0349241405849248,0.09,0.23,0.4651576259956106,0.0234460816616894,0.4191136159146207,0.5128494061725833,0.4408949700789951,0.0397135251087828,0.3605442176870748,0.5151515151515151,population_robustness,0.15,weak_sparse,sigma_q
,linear,0.45557,0.046911360839095,0.36,0.54,0.5444300000000001,0.046911360839095,0.4599999999999999,0.64,0.9006117672582994,0.0064217483866774,0.8873854483457428,0.9123327095885816,45.557,4.6911360839095,36.0,54.0,29.014,4.394896940670979,21.0,37.02499999999998,25.429,4.192437898828739,17.0,33.02499999999998,0.45557,0.046911360839095,0.36,0.54,0.29014,0.0439489694067097,0.21,0.3702499999999997,0.25429,0.0419243789882873,0.17,0.3302499999999997,0.74571,0.0419243789882874,0.6697500000000001,0.83,0.18109,0.0396873655838604,0.11,0.26,0.2969,0.0439946079142151,0.21,0.38,0.890725913913914,0.0034240395864398,0.8831908908908909,0.8970005005005005,0.6780904823698015,0.0426003928295499,0.6,0.7543859649122807,population_robustness,0.15,weak_sparse,sigma_q
,min,0.01332,0.0112385009633804,0.0,0.04,0.9866800000000002,0.0112385009633804,0.96,1.0,0.6220567810314644,0.0157526438523708,0.5918789487623756,0.651593754368985,1.332,1.1238500963380478,0.0,4.0,27.364,4.522605218008527,19.0,37.0,71.304,4.655884584186046,62.0,80.0,0.01332,0.0112385009633804,0.0,0.04,0.27364,0.0452260521800852,0.19,0.37,0.71304,0.0465588458418604,0.62,0.8,0.28696,0.0465588458418604,0.2,0.38,0.0,0.0,0.0,0.0,0.01332,0.0112385009633804,0.0,0.04,0.4676753946200198,0.0174919607734882,0.4338959165246242,0.5041643665257108,0.3439620150963048,0.0367941175856956,0.2738853503184713,0.4184397163120567,population_robustness,0.15,weak_sparse,sigma_q
,geometric,0.21573,0.0399657899254395,0.14,0.3,0.78427,0.0399657899254395,0.7,0.86,0.8148656802317461,0.0106413682032451,0.794360061730416,0.8353492767402994,21.573,3.9965789925439537,14.0,30.0,36.633,5.051913779235829,27.0,46.0,41.794,4.949147205131209,32.0,52.0,0.21573,0.0399657899254395,0.14,0.3,0.36633,0.0505191377923582,0.27,0.46,0.41794,0.049491472051312,0.32,0.52,0.5820599999999999,0.049491472051312,0.48,0.68,0.0,0.0,0.0,0.0,0.21573,0.0399657899254395,0.14,0.3,0.3890599468680489,0.0245170683805264,0.340570435925876,0.4354926241255503,0.3652898371059936,0.0381703677692209,0.2987012987012987,0.4388489208633093,population_robustness,0.2,weak_sparse,sigma_q
,linear,0.4558899999999999,0.0456803523913136,0.36,0.55,0.5441100000000001,0.0456803523913136,0.4499999999999999,0.64,0.8948280459743826,0.007009009213508,0.8813506669668264,0.9080622520862476,45.589,4.568035239131365,36.0,55.0,29.366,4.5390138407639435,21.0,38.0,25.045,4.118973287233232,17.0,33.0,0.4558899999999999,0.0456803523913136,0.36,0.55,0.29366,0.0453901384076394,0.21,0.38,0.25045,0.0411897328723323,0.17,0.33,0.74955,0.0411897328723323,0.67,0.83,0.16417,0.0395053385224297,0.09,0.24,0.31676,0.044030001601647,0.24,0.4002499999999998,0.8617282042042042,0.0043837895273004,0.8529242242242243,0.870088988988989,0.6020799437746532,0.0440920879020624,0.5151515151515151,0.6949152542372882,population_robustness,0.2,weak_sparse,sigma_q
,min,0.04222,0.019633060307987,0.01,0.08,0.95778,0.019633060307987,0.92,0.99,0.6424508260610846,0.015684854082916,0.6101886537547334,0.6707310202311816,4.222,1.9633060307987065,1.0,8.0,35.476,4.740875436024438,26.0,45.0,60.302,4.845851656652139,51.0,70.0,0.04222,0.019633060307987,0.01,0.08,0.3547599999999999,0.0474087543602443,0.26,0.45,0.60302,0.0484585165665213,0.51,0.7,0.39698,0.0484585165665213,0.3,0.49,0.0,0.0,0.0,0.0,0.04222,0.019633060307987,0.01,0.08,0.3780358930688379,0.0196803096438083,0.3389081070653879,0.4148372463717229,0.2646490400609651,0.0327404392138586,0.2048192771084337,0.3333333333333333,population_robustness,0.2,weak_sparse,sigma_q
