scenario,lambda,operator,policy_violation_rate_mean,policy_violation_rate_std,policy_violation_rate_ci_low,policy_violation_rate_ci_high,veto_preservation_rate_mean,veto_preservation_rate_std,veto_preservation_rate_ci_low,veto_preservation_rate_ci_high,predictive_utility_mean,predictive_utility_std,predictive_utility_ci_low,predictive_utility_ci_high,n_veto_topk_mean,n_veto_topk_std,n_veto_topk_ci_low,n_veto_topk_ci_high,n_weak_nv_topk_mean,n_weak_nv_topk_std,n_weak_nv_topk_ci_low,n_weak_nv_topk_ci_high,n_normal_topk_mean,n_normal_topk_std,n_normal_topk_ci_low,n_normal_topk_ci_high,frac_veto_topk_mean,frac_veto_topk_std,frac_veto_topk_ci_low,frac_veto_topk_ci_high,frac_weak_nv_topk_mean,frac_weak_nv_topk_std,frac_weak_nv_topk_ci_low,frac_weak_nv_topk_ci_high,frac_normal_topk_mean,frac_normal_topk_std,frac_normal_topk_ci_low,frac_normal_topk_ci_high,e_weak_context_mean,e_weak_context_std,e_weak_context_ci_low,e_weak_context_ci_high,observed_veto_rate_mean,observed_veto_rate_std,observed_veto_rate_ci_low,observed_veto_rate_ci_high,false_negative_veto_rate_mean,false_negative_veto_rate_std,false_negative_veto_rate_ci_low,false_negative_veto_rate_ci_high,kendall_tau_mean,kendall_tau_std,kendall_tau_ci_low,kendall_tau_ci_high,jaccard_top_k_mean,jaccard_top_k_std,jaccard_top_k_ci_low,jaccard_top_k_ci_high,sweep,sigma_q
baseline,0.0,geometric,0.0,0.0,0.0,0.0,1.0,0.0,1.0,1.0,0.4993410575699376,0.022614879251469162,0.4552133500391438,0.5415050752889479,0.0,0.0,0.0,0.0,0.0,0.0,0.0,0.0,100.0,0.0,100.0,100.0,0.0,0.0,0.0,0.0,0.0,0.0,0.0,0.0,1.0,0.0,1.0,1.0,0.0,0.0,0.0,0.0,0.0,0.0,0.0,0.0,0.0,0.0,0.0,0.0,0.9999999999999999,0.0,0.9999999999999999,0.9999999999999999,1.0,0.0,1.0,1.0,lambda,
baseline,0.0,linear,0.0,0.0,0.0,0.0,1.0,0.0,1.0,1.0,0.4993410575699376,0.022614879251469162,0.4552133500391438,0.5415050752889479,0.0,0.0,0.0,0.0,0.0,0.0,0.0,0.0,100.0,0.0,100.0,100.0,0.0,0.0,0.0,0.0,0.0,0.0,0.0,0.0,1.0,0.0,1.0,1.0,0.0,0.0,0.0,0.0,0.0,0.0,0.0,0.0,0.0,0.0,0.0,0.0,0.9999999999999999,0.0,0.9999999999999999,0.9999999999999999,1.0,0.0,1.0,1.0,lambda,
baseline,0.0,min,0.0,0.0,0.0,0.0,1.0,0.0,1.0,1.0,0.7443433747467484,0.011533386557922742,0.7214921839953684,0.7660139027139257,0.0,0.0,0.0,0.0,0.0,0.0,0.0,0.0,100.0,0.0,100.0,100.0,0.0,0.0,0.0,0.0,0.0,0.0,0.0,0.0,1.0,0.0,1.0,1.0,0.0,0.0,0.0,0.0,0.0,0.0,0.0,0.0,0.0,0.0,0.0,0.0,0.9999999999999999,0.0,0.9999999999999999,0.9999999999999999,1.0,0.0,1.0,1.0,lambda,
baseline,0.1,geometric,0.0,0.0,0.0,0.0,1.0,0.0,1.0,1.0,0.5797733637581468,0.019912644677051564,0.5416351385241394,0.6176649380866766,0.0,0.0,0.0,0.0,0.0,0.0,0.0,0.0,100.0,0.0,100.0,100.0,0.0,0.0,0.0,0.0,0.0,0.0,0.0,0.0,1.0,0.0,1.0,1.0,0.0,0.0,0.0,0.0,0.0,0.0,0.0,0.0,0.0,0.0,0.0,0.0,0.944684395329441,0.0027082753714488023,0.9389726855713093,0.949546080066722,0.7382732422495001,0.04040465702283933,0.6528925619834711,0.8181818181818182,lambda,
baseline,0.1,linear,0.0,0.0,0.0,0.0,1.0,0.0,1.0,1.0,0.5450708184914822,0.022194042523254014,0.5013600901770314,0.5872497823848517,0.0,0.0,0.0,0.0,0.0,0.0,0.0,0.0,100.0,0.0,100.0,100.0,0.0,0.0,0.0,0.0,0.0,0.0,0.0,0.0,1.0,0.0,1.0,1.0,0.0,0.0,0.0,0.0,0.0,0.0,0.0,0.0,0.0,0.0,0.0,0.0,0.9317056192621658,0.0018217847540269224,0.9279658701316105,0.9350806071079769,0.8407266270434723,0.034037259664863415,0.7699115044247787,0.9047619047619048,lambda,
baseline,0.1,min,0.0,0.0,0.0,0.0,1.0,0.0,1.0,1.0,0.7443433747467484,0.011533386557922742,0.7214921839953684,0.7660139027139257,0.0,0.0,0.0,0.0,0.0,0.0,0.0,0.0,100.0,0.0,100.0,100.0,0.0,0.0,0.0,0.0,0.0,0.0,0.0,0.0,1.0,0.0,1.0,1.0,0.0,0.0,0.0,0.0,0.0,0.0,0.0,0.0,0.0,0.0,0.0,0.0,0.9999999999999999,0.0,0.9999999999999999,0.9999999999999999,1.0,0.0,1.0,1.0,lambda,
baseline,0.2,geometric,0.0,0.0,0.0,0.0,1.0,0.0,1.0,1.0,0.6442943897512325,0.017562300588000134,0.6104631008310669,0.678637858833916,0.0,0.0,0.0,0.0,0.0,0.0,0.0,0.0,100.0,0.0,100.0,100.0,0.0,0.0,0.0,0.0,0.0,0.0,0.0,0.0,1.0,0.0,1.0,1.0,0.0,0.0,0.0,0.0,0.0,0.0,0.0,0.0,0.0,0.0,0.0,0.0,0.8815861342785654,0.0055295393487805366,0.8702041284403668,0.8917944120100083,0.5599546130269915,0.0424522314322076,0.48148148148148145,0.639344262295082,lambda,
baseline,0.2,linear,0.0,0.0,0.0,0.0,1.0,0.0,1.0,1.0,0.5991460142457615,0.021146605149044973,0.556966108318964,0.6369180011329232,0.0,0.0,0.0,0.0,0.0,0.0,0.0,0.0,100.0,0.0,100.0,100.0,0.0,0.0,0.0,0.0,0.0,0.0,0.0,0.0,1.0,0.0,1.0,1.0,0.0,0.0,0.0,0.0,0.0,0.0,0.0,0.0,0.0,0.0,0.0,0.0,0.8637972476555583,0.0036779113132843853,0.8566977523119756,0.8710505282135713,0.6821978642381153,0.04074783887267942,0.6,0.7543859649122807,lambda,
baseline,0.2,min,0.0,0.0,0.0,0.0,1.0,0.0,1.0,1.0,0.7443433747467484,0.011533386557922742,0.7214921839953684,0.7660139027139257,0.0,0.0,0.0,0.0,0.0,0.0,0.0,0.0,100.0,0.0,100.0,100.0,0.0,0.0,0.0,0.0,0.0,0.0,0.0,0.0,1.0,0.0,1.0,1.0,0.0,0.0,0.0,0.0,0.0,0.0,0.0,0.0,0.0,0.0,0.0,0.0,0.9999999999999999,0.0,0.9999999999999999,0.9999999999999999,1.0,0.0,1.0,1.0,lambda,
baseline,0.3,geometric,0.0,0.0,0.0,0.0,1.0,0.0,1.0,1.0,0.6910392302081381,0.015999501202047493,0.659726392784237,0.7202356602471286,0.0,0.0,0.0,0.0,0.0,0.0,0.0,0.0,100.0,0.0,100.0,100.0,0.0,0.0,0.0,0.0,0.0,0.0,0.0,0.0,1.0,0.0,1.0,1.0,0.0,0.0,0.0,0.0,0.0,0.0,0.0,0.0,0.0,0.0,0.0,0.0,0.8128342201834861,0.008194041198539897,0.7963831317764802,0.8277265429524602,0.4405815555647439,0.03947596733156233,0.36054421768707484,0.5151515151515151,lambda,
baseline,0.3,linear,0.0,0.0,0.0,0.0,1.0,0.0,1.0,1.0,0.6600623014683813,0.019255658051618992,0.6246770801219331,0.6970290936195729,0.0,0.0,0.0,0.0,0.0,0.0,0.0,0.0,100.0,0.0,100.0,100.0,0.0,0.0,0.0,0.0,0.0,0.0,0.0,0.0,1.0,0.0,1.0,1.0,0.0,0.0,0.0,0.0,0.0,0.0,0.0,0.0,0.0,0.0,0.0,0.0,0.7690801107127843,0.005936534180586297,0.7576667756337256,0.7809281428795622,0.5289304265778247,0.040211124338593696,0.4492753623188406,0.6129032258064516,lambda,
baseline,0.3,min,0.0,0.0,0.0,0.0,1.0,0.0,1.0,1.0,0.7443433747467484,0.011533386557922742,0.7214921839953684,0.7660139027139257,0.0,0.0,0.0,0.0,0.0,0.0,0.0,0.0,100.0,0.0,100.0,100.0,0.0,0.0,0.0,0.0,0.0,0.0,0.0,0.0,1.0,0.0,1.0,1.0,0.0,0.0,0.0,0.0,0.0,0.0,0.0,0.0,0.0,0.0,0.0,0.0,0.9999999999999999,0.0,0.9999999999999999,0.9999999999999999,1.0,0.0,1.0,1.0,lambda,
baseline,0.4,geometric,0.0,0.0,0.0,0.0,1.0,0.0,1.0,1.0,0.7275207082997729,0.013833028665257551,0.701187632478961,0.7556095047363692,0.0,0.0,0.0,0.0,0.0,0.0,0.0,0.0,100.0,0.0,100.0,100.0,0.0,0.0,0.0,0.0,0.0,0.0,0.0,0.0,1.0,0.0,1.0,1.0,0.0,0.0,0.0,0.0,0.0,0.0,0.0,0.0,0.0,0.0,0.0,0.0,0.7404266472060048,0.010509522650529776,0.7193699958298582,0.75882964970809,0.353147983592776,0.038181865336012706,0.28205128205128205,0.42857142857142855,lambda,
baseline,0.4,linear,0.0,0.0,0.0,0.0,1.0,0.0,1.0,1.0,0.7147775529756542,0.01573887638704976,0.6857841187639349,0.7455231933572146,0.0,0.0,0.0,0.0,0.0,0.0,0.0,0.0,100.0,0.0,100.0,100.0,0.0,0.0,0.0,0.0,0.0,0.0,0.0,0.0,1.0,0.0,1.0,1.0,0.0,0.0,0.0,0.0,0.0,0.0,0.0,0.0,0.0,0.0,0.0,0.0,0.6385312517227505,0.00895595251558446,0.6213189289407609,0.6564369993305251,0.4021701481544787,0.03844293135867096,0.3333333333333333,0.48148148148148145,lambda,
baseline,0.4,min,0.0,0.0,0.0,0.0,1.0,0.0,1.0,1.0,0.7443433747467484,0.011533386557922742,0.7214921839953684,0.7660139027139257,0.0,0.0,0.0,0.0,0.0,0.0,0.0,0.0,100.0,0.0,100.0,100.0,0.0,0.0,0.0,0.0,0.0,0.0,0.0,0.0,1.0,0.0,1.0,1.0,0.0,0.0,0.0,0.0,0.0,0.0,0.0,0.0,0.0,0.0,0.0,0.0,0.9999999999999999,0.0,0.9999999999999999,0.9999999999999999,1.0,0.0,1.0,1.0,lambda,
baseline,0.5,geometric,0.0,0.0,0.0,0.0,1.0,0.0,1.0,1.0,0.7576187547853785,0.01253323727042121,0.7338721417814541,0.7814609099690546,0.0,0.0,0.0,0.0,0.0,0.0,0.0,0.0,100.0,0.0,100.0,100.0,0.0,0.0,0.0,0.0,0.0,0.0,0.0,0.0,1.0,0.0,1.0,1.0,0.0,0.0,0.0,0.0,0.0,0.0,0.0,0.0,0.0,0.0,0.0,0.0,0.6662923269391158,0.012377318331799838,0.6417152835696412,0.6883917848206837,0.28562455096610556,0.03463461189358531,0.21951219512195122,0.35158117300974423,lambda,
baseline,0.5,linear,0.0,0.0,0.0,0.0,1.0,0.0,1.0,1.0,0.7584454237932592,0.013322335252258852,0.7341740348055262,0.785468662328159,0.0,0.0,0.0,0.0,0.0,0.0,0.0,0.0,100.0,0.0,100.0,100.0,0.0,0.0,0.0,0.0,0.0,0.0,0.0,0.0,1.0,0.0,1.0,1.0,0.0,0.0,0.0,0.0,0.0,0.0,0.0,0.0,0.0,0.0,0.0,0.0,0.4655374161175129,0.01333511390503248,0.44011093202930973,0.49107784877724814,0.3051367940447815,0.0349227662125508,0.2422360248447205,0.3793103448275862,lambda,
baseline,0.5,min,0.0,0.0,0.0,0.0,1.0,0.0,1.0,1.0,0.7443433747467484,0.011533386557922742,0.7214921839953684,0.7660139027139257,0.0,0.0,0.0,0.0,0.0,0.0,0.0,0.0,100.0,0.0,100.0,100.0,0.0,0.0,0.0,0.0,0.0,0.0,0.0,0.0,1.0,0.0,1.0,1.0,0.0,0.0,0.0,0.0,0.0,0.0,0.0,0.0,0.0,0.0,0.0,0.0,0.9999999999999999,0.0,0.9999999999999999,0.9999999999999999,1.0,0.0,1.0,1.0,lambda,
baseline,0.6,geometric,0.0,0.0,0.0,0.0,1.0,0.0,1.0,1.0,0.783361527586362,0.011356216144536439,0.7611134625045411,0.8053920846155302,0.0,0.0,0.0,0.0,0.0,0.0,0.0,0.0,100.0,0.0,100.0,100.0,0.0,0.0,0.0,0.0,0.0,0.0,0.0,0.0,1.0,0.0,1.0,1.0,0.0,0.0,0.0,0.0,0.0,0.0,0.0,0.0,0.0,0.0,0.0,0.0,0.59220771059216,0.013801582398645634,0.5645820475396162,0.6181792118432026,0.23031340889758428,0.0312670124838038,0.1695906432748538,0.2903225806451613,lambda,
baseline,0.6,linear,0.0,0.0,0.0,0.0,1.0,0.0,1.0,1.0,0.7940241288845541,0.011388661013089907,0.7718281641461973,0.8157645093252257,0.0,0.0,0.0,0.0,0.013,0.11333068359382573,0.0,0.0,99.987,0.11333068359382573,100.0,100.0,0.0,0.0,0.0,0.0,0.00013000000000000002,0.0011333068359382576,0.0,0.0,0.9998700000000001,0.0011333068359382584,1.0,1.0,0.00013000000000000002,0.0011333068359382576,0.0,0.0,0.0,0.0,0.0,0.0,0.0,0.0,0.0,0.0,0.26649452271647533,0.01743899173813092,0.23199379157543504,0.2999566612132597,0.2301214183079695,0.031051506046609747,0.1695906432748538,0.2903225806451613,lambda,
baseline,0.6,min,0.0,0.0,0.0,0.0,1.0,0.0,1.0,1.0,0.7443433747467484,0.011533386557922742,0.7214921839953684,0.7660139027139257,0.0,0.0,0.0,0.0,0.0,0.0,0.0,0.0,100.0,0.0,100.0,100.0,0.0,0.0,0.0,0.0,0.0,0.0,0.0,0.0,1.0,0.0,1.0,1.0,0.0,0.0,0.0,0.0,0.0,0.0,0.0,0.0,0.0,0.0,0.0,0.0,0.9999999999999999,0.0,0.9999999999999999,0.9999999999999999,1.0,0.0,1.0,1.0,lambda,
baseline,0.7,geometric,0.0,0.0,0.0,0.0,1.0,0.0,1.0,1.0,0.8067056146037958,0.010353946119637362,0.7859185144721424,0.8274118425811605,0.0,0.0,0.0,0.0,0.0,0.0,0.0,0.0,100.0,0.0,100.0,100.0,0.0,0.0,0.0,0.0,0.0,0.0,0.0,0.0,1.0,0.0,1.0,1.0,0.0,0.0,0.0,0.0,0.0,0.0,0.0,0.0,0.0,0.0,0.0,0.0,0.5199655671392825,0.014794234496225307,0.4917559424520433,0.5483051501251042,0.18267337639339332,0.02802443121635827,0.12994350282485875,0.2422360248447205,lambda,
baseline,0.7,linear,0.00099,0.004351877622226852,0.0,0.02,0.99901,0.004351877622226856,0.98,1.0,0.8230936526911077,0.009873277778847984,0.8043329498613846,0.84179985943751,0.099,0.4351877622226851,0.0,2.0,1.49,1.2463761284032415,0.0,4.0,98.411,1.3520010750391092,95.0,100.0,0.00099,0.004351877622226852,0.0,0.02,0.014899999999999998,0.012463761284032414,0.0,0.04,0.9841100000000002,0.013520010750391102,0.95,1.0,0.01589,0.013520010750391092,0.0,0.05,0.00099,0.004351877622226852,0.0,0.02,0.0,0.0,0.0,0.0,0.08631893189913657,0.019068057538220107,0.04855634832432008,0.1243648790844192,0.17112457859188282,0.027538508003056537,0.11731843575418995,0.22699386503067484,lambda,
baseline,0.7,min,0.0,0.0,0.0,0.0,1.0,0.0,1.0,1.0,0.7443433747467484,0.011533386557922742,0.7214921839953684,0.7660139027139257,0.0,0.0,0.0,0.0,0.0,0.0,0.0,0.0,100.0,0.0,100.0,100.0,0.0,0.0,0.0,0.0,0.0,0.0,0.0,0.0,1.0,0.0,1.0,1.0,0.0,0.0,0.0,0.0,0.0,0.0,0.0,0.0,0.0,0.0,0.0,0.0,0.9999999999999999,0.0,0.9999999999999999,0.9999999999999999,1.0,0.0,1.0,1.0,lambda,
baseline,0.8,geometric,0.0,0.0,0.0,0.0,1.0,0.0,1.0,1.0,0.828043955361105,0.009572102250997621,0.8099993886882034,0.8462831417092261,0.0,0.0,0.0,0.0,0.444,0.6981055445642524,0.0,2.0,99.556,0.6981055445642523,98.0,100.0,0.0,0.0,0.0,0.0,0.0044399999999999995,0.006981055445642524,0.0,0.02,0.9955600000000002,0.006981055445642531,0.98,1.0,0.0044399999999999995,0.006981055445642524,0.0,0.02,0.0,0.0,0.0,0.0,0.0,0.0,0.0,0.0,0.4514028065054211,0.015445067076002846,0.42179680984153456,0.4805863219349457,0.14045622304788777,0.024673324000790347,0.0989010989010989,0.19047619047619047,lambda,
baseline,0.8,linear,0.21383000000000002,0.0441336479217261,0.13,0.3,0.78617,0.04413364792172611,0.7,0.87,0.8804373330396674,0.00711016758025291,0.8666505614889914,0.8933250085399845,21.383,4.413364792172611,13.0,30.0,3.741,1.9213564506906602,1.0,8.0,74.876,4.641353915202564,65.975,83.0,0.21383000000000002,0.0441336479217261,0.13,0.3,0.03741000000000001,0.0192135645069066,0.01,0.08,0.74876,0.046413539152025646,0.6597500000000001,0.83,0.25124,0.04641353915202564,0.17,0.3402499999999998,0.21383000000000002,0.0441336479217261,0.13,0.3,0.0,0.0,0.0,0.0,-0.05634869642167954,0.018978805634687557,-0.09228205931984249,-0.018816061276698534,0.10319469124424833,0.02225841436378928,0.06382978723404255,0.1495913892764599,lambda,
baseline,0.8,min,0.0,0.0,0.0,0.0,1.0,0.0,1.0,1.0,0.7443433747467484,0.011533386557922742,0.7214921839953684,0.7660139027139257,0.0,0.0,0.0,0.0,0.0,0.0,0.0,0.0,100.0,0.0,100.0,100.0,0.0,0.0,0.0,0.0,0.0,0.0,0.0,0.0,1.0,0.0,1.0,1.0,0.0,0.0,0.0,0.0,0.0,0.0,0.0,0.0,0.0,0.0,0.0,0.0,0.9999999999999999,0.0,0.9999999999999999,0.9999999999999999,1.0,0.0,1.0,1.0,lambda,
baseline,0.9,geometric,0.0,0.0,0.0,0.0,1.0,0.0,1.0,1.0,0.8466790864767397,0.008894141260208597,0.8295108344497604,0.8634981672956441,0.0,0.0,0.0,0.0,5.386,2.370785655563283,1.0,10.0,94.614,2.370785655563283,90.0,99.0,0.0,0.0,0.0,0.0,0.053860000000000005,0.023707856555632824,0.01,0.1,0.9461399999999999,0.02370785655563281,0.9,0.99,0.053860000000000005,0.023707856555632824,0.01,0.1,0.0,0.0,0.0,0.0,0.0,0.0,0.0,0.0,0.3884359132610508,0.01586869601834565,0.3588388240200166,0.4183737489574645,0.10094697991002688,0.021566974699430683,0.06382978723404255,0.14942528735632185,lambda,
baseline,0.9,linear,0.46188,0.04728743703883413,0.37,0.55,0.5381200000000002,0.047287437038834146,0.44999999999999996,0.63,0.9127894076398806,0.005452317596798976,0.9015882637575885,0.9234924341529026,46.188,4.728743703883413,37.0,55.0,4.841,2.196940041408856,1.0,10.0,48.971,4.814076685547742,40.0,58.0,0.46188,0.04728743703883413,0.37,0.55,0.04841000000000001,0.02196940041408856,0.01,0.1,0.48971000000000003,0.04814076685547742,0.4,0.58,0.51029,0.048140766855477427,0.42,0.6,0.46188,0.04728743703883413,0.37,0.55,0.0,0.0,0.0,0.0,-0.16418754299470886,0.018268334683636568,-0.1986461818946478,-0.12734997125319278,0.05299476192717597,0.016361786222195977,0.02564102564102564,0.08695652173913043,lambda,
baseline,0.9,min,0.0,0.0,0.0,0.0,1.0,0.0,1.0,1.0,0.7443433747467484,0.011533386557922742,0.7214921839953684,0.7660139027139257,0.0,0.0,0.0,0.0,0.0,0.0,0.0,0.0,100.0,0.0,100.0,100.0,0.0,0.0,0.0,0.0,0.0,0.0,0.0,0.0,1.0,0.0,1.0,1.0,0.0,0.0,0.0,0.0,0.0,0.0,0.0,0.0,0.0,0.0,0.0,0.0,0.9999999999999999,0.0,0.9999999999999999,0.9999999999999999,1.0,0.0,1.0,1.0,lambda,
baseline,1.0,geometric,0.0,0.0,0.0,0.0,1.0,0.0,1.0,1.0,0.8554630098888729,0.008687758409208095,0.8384942801219557,0.8727291452759357,0.0,0.0,0.0,0.0,15.568,3.6535906619002527,9.0,23.0,84.432,3.653590661900252,77.0,91.0,0.0,0.0,0.0,0.0,0.15568,0.03653590661900252,0.09,0.23,0.84432,0.03653590661900252,0.77,0.91,0.15568,0.03653590661900252,0.09,0.23,0.0,0.0,0.0,0.0,0.0,0.0,0.0,0.0,0.33325213511259383,0.01612888652818723,0.3022091326105087,0.36374311926605496,0.06678193779736441,0.018382637712279215,0.03626943005181347,0.10497237569060773,lambda,
baseline,1.0,linear,0.6438899999999999,0.04457976284431373,0.55,0.73,0.35611000000000004,0.04457976284431373,0.27,0.44999999999999996,0.9200090562230662,0.005122269299436151,0.9096728296948694,0.9302224427064931,64.389,4.457976284431373,55.0,73.0,5.517,2.2823058340020776,2.0,10.0,30.094,4.288304274833299,22.0,39.0,0.6438899999999999,0.04457976284431373,0.55,0.73,0.055170000000000004,0.02282305834002078,0.02,0.1,0.30094,0.042883042748332996,0.22,0.39,0.6990599999999999,0.042883042748332996,0.61,0.78,0.6438899999999999,0.04457976284431373,0.55,0.73,0.0,0.0,0.0,0.0,-0.244323802581392,0.017381096070532225,-0.27644623833252124,-0.20903429446952265,0.02250960886514131,0.010321633802287846,0.005025125628140704,0.04712041884816754,lambda,
baseline,1.0,min,0.0,0.0,0.0,0.0,1.0,0.0,1.0,1.0,0.7443433747467484,0.011533386557922742,0.7214921839953684,0.7660139027139257,0.0,0.0,0.0,0.0,0.0,0.0,0.0,0.0,100.0,0.0,100.0,100.0,0.0,0.0,0.0,0.0,0.0,0.0,0.0,0.0,1.0,0.0,1.0,1.0,0.0,0.0,0.0,0.0,0.0,0.0,0.0,0.0,0.0,0.0,0.0,0.0,0.9999999999999999,0.0,0.9999999999999999,0.9999999999999999,1.0,0.0,1.0,1.0,lambda,
high_r_overlap,0.0,geometric,0.0,0.0,0.0,0.0,1.0,0.0,1.0,1.0,0.4993410575699376,0.022614879251469162,0.4552133500391438,0.5415050752889479,0.0,0.0,0.0,0.0,0.0,0.0,0.0,0.0,100.0,0.0,100.0,100.0,0.0,0.0,0.0,0.0,0.0,0.0,0.0,0.0,1.0,0.0,1.0,1.0,0.0,0.0,0.0,0.0,0.0,0.0,0.0,0.0,0.0,0.0,0.0,0.0,0.9999999999999999,0.0,0.9999999999999999,0.9999999999999999,1.0,0.0,1.0,1.0,lambda,
high_r_overlap,0.0,linear,0.0,0.0,0.0,0.0,1.0,0.0,1.0,1.0,0.4993410575699376,0.022614879251469162,0.4552133500391438,0.5415050752889479,0.0,0.0,0.0,0.0,0.0,0.0,0.0,0.0,100.0,0.0,100.0,100.0,0.0,0.0,0.0,0.0,0.0,0.0,0.0,0.0,1.0,0.0,1.0,1.0,0.0,0.0,0.0,0.0,0.0,0.0,0.0,0.0,0.0,0.0,0.0,0.0,0.9999999999999999,0.0,0.9999999999999999,0.9999999999999999,1.0,0.0,1.0,1.0,lambda,
high_r_overlap,0.0,min,0.0,0.0,0.0,0.0,1.0,0.0,1.0,1.0,0.7443433747467484,0.011533386557922742,0.7214921839953684,0.7660139027139257,0.0,0.0,0.0,0.0,0.0,0.0,0.0,0.0,100.0,0.0,100.0,100.0,0.0,0.0,0.0,0.0,0.0,0.0,0.0,0.0,1.0,0.0,1.0,1.0,0.0,0.0,0.0,0.0,0.0,0.0,0.0,0.0,0.0,0.0,0.0,0.0,0.9999999999999999,0.0,0.9999999999999999,0.9999999999999999,1.0,0.0,1.0,1.0,lambda,
high_r_overlap,0.1,geometric,0.0,0.0,0.0,0.0,1.0,0.0,1.0,1.0,0.5797733637581468,0.019912644677051564,0.5416351385241394,0.6176649380866766,0.0,0.0,0.0,0.0,0.0,0.0,0.0,0.0,100.0,0.0,100.0,100.0,0.0,0.0,0.0,0.0,0.0,0.0,0.0,0.0,1.0,0.0,1.0,1.0,0.0,0.0,0.0,0.0,0.0,0.0,0.0,0.0,0.0,0.0,0.0,0.0,0.944684395329441,0.0027082753714488023,0.9389726855713093,0.949546080066722,0.7382732422495001,0.04040465702283933,0.6528925619834711,0.8181818181818182,lambda,
high_r_overlap,0.1,linear,0.0,0.0,0.0,0.0,1.0,0.0,1.0,1.0,0.5450708184914822,0.022194042523254014,0.5013600901770314,0.5872497823848517,0.0,0.0,0.0,0.0,0.0,0.0,0.0,0.0,100.0,0.0,100.0,100.0,0.0,0.0,0.0,0.0,0.0,0.0,0.0,0.0,1.0,0.0,1.0,1.0,0.0,0.0,0.0,0.0,0.0,0.0,0.0,0.0,0.0,0.0,0.0,0.0,0.9342562390857945,0.001355496334939127,0.931642352184312,0.9368543367998565,0.8407266270434723,0.034037259664863415,0.7699115044247787,0.9047619047619048,lambda,
high_r_overlap,0.1,min,0.0,0.0,0.0,0.0,1.0,0.0,1.0,1.0,0.7443433747467484,0.011533386557922742,0.7214921839953684,0.7660139027139257,0.0,0.0,0.0,0.0,0.0,0.0,0.0,0.0,100.0,0.0,100.0,100.0,0.0,0.0,0.0,0.0,0.0,0.0,0.0,0.0,1.0,0.0,1.0,1.0,0.0,0.0,0.0,0.0,0.0,0.0,0.0,0.0,0.0,0.0,0.0,0.0,0.9999999999999999,0.0,0.9999999999999999,0.9999999999999999,1.0,0.0,1.0,1.0,lambda,
high_r_overlap,0.2,geometric,0.0,0.0,0.0,0.0,1.0,0.0,1.0,1.0,0.6442943897512325,0.017562300588000134,0.6104631008310669,0.678637858833916,0.0,0.0,0.0,0.0,0.0,0.0,0.0,0.0,100.0,0.0,100.0,100.0,0.0,0.0,0.0,0.0,0.0,0.0,0.0,0.0,1.0,0.0,1.0,1.0,0.0,0.0,0.0,0.0,0.0,0.0,0.0,0.0,0.0,0.0,0.0,0.0,0.8815861342785654,0.0055295393487805366,0.8702041284403668,0.8917944120100083,0.5599546130269915,0.0424522314322076,0.48148148148148145,0.639344262295082,lambda,
high_r_overlap,0.2,linear,0.0,0.0,0.0,0.0,1.0,0.0,1.0,1.0,0.5991460142457615,0.021146605149044973,0.556966108318964,0.6369180011329232,0.0,0.0,0.0,0.0,0.0,0.0,0.0,0.0,100.0,0.0,100.0,100.0,0.0,0.0,0.0,0.0,0.0,0.0,0.0,0.0,1.0,0.0,1.0,1.0,0.0,0.0,0.0,0.0,0.0,0.0,0.0,0.0,0.0,0.0,0.0,0.0,0.8759114077204478,0.0029071374204180625,0.8702426808137332,0.881653474258585,0.6821978642381153,0.04074783887267942,0.6,0.7543859649122807,lambda,
high_r_overlap,0.2,min,0.0,0.0,0.0,0.0,1.0,0.0,1.0,1.0,0.7443433747467484,0.011533386557922742,0.7214921839953684,0.7660139027139257,0.0,0.0,0.0,0.0,0.0,0.0,0.0,0.0,100.0,0.0,100.0,100.0,0.0,0.0,0.0,0.0,0.0,0.0,0.0,0.0,1.0,0.0,1.0,1.0,0.0,0.0,0.0,0.0,0.0,0.0,0.0,0.0,0.0,0.0,0.0,0.0,0.9999999999999999,0.0,0.9999999999999999,0.9999999999999999,1.0,0.0,1.0,1.0,lambda,
high_r_overlap,0.3,geometric,0.0,0.0,0.0,0.0,1.0,0.0,1.0,1.0,0.6910392302081381,0.015999501202047493,0.659726392784237,0.7202356602471286,0.0,0.0,0.0,0.0,0.0,0.0,0.0,0.0,100.0,0.0,100.0,100.0,0.0,0.0,0.0,0.0,0.0,0.0,0.0,0.0,1.0,0.0,1.0,1.0,0.0,0.0,0.0,0.0,0.0,0.0,0.0,0.0,0.0,0.0,0.0,0.0,0.8128342201834861,0.008194041198539897,0.7963831317764802,0.8277265429524602,0.4405815555647439,0.03947596733156233,0.36054421768707484,0.5151515151515151,lambda,
high_r_overlap,0.3,linear,0.0,0.0,0.0,0.0,1.0,0.0,1.0,1.0,0.6600623014683813,0.019255658051618992,0.6246770801219331,0.6970290936195729,0.0,0.0,0.0,0.0,0.0,0.0,0.0,0.0,100.0,0.0,100.0,100.0,0.0,0.0,0.0,0.0,0.0,0.0,0.0,0.0,1.0,0.0,1.0,1.0,0.0,0.0,0.0,0.0,0.0,0.0,0.0,0.0,0.0,0.0,0.0,0.0,0.801628257934879,0.004844504255983761,0.7923775511849525,0.8113499107066879,0.5289304265778247,0.040211124338593696,0.4492753623188406,0.6129032258064516,lambda,
high_r_overlap,0.3,min,0.0,0.0,0.0,0.0,1.0,0.0,1.0,1.0,0.7443433747467484,0.011533386557922742,0.7214921839953684,0.7660139027139257,0.0,0.0,0.0,0.0,0.0,0.0,0.0,0.0,100.0,0.0,100.0,100.0,0.0,0.0,0.0,0.0,0.0,0.0,0.0,0.0,1.0,0.0,1.0,1.0,0.0,0.0,0.0,0.0,0.0,0.0,0.0,0.0,0.0,0.0,0.0,0.0,0.9999999999999999,0.0,0.9999999999999999,0.9999999999999999,1.0,0.0,1.0,1.0,lambda,
high_r_overlap,0.4,geometric,0.0,0.0,0.0,0.0,1.0,0.0,1.0,1.0,0.7275207082997729,0.013833028665257551,0.701187632478961,0.7556095047363692,0.0,0.0,0.0,0.0,0.0,0.0,0.0,0.0,100.0,0.0,100.0,100.0,0.0,0.0,0.0,0.0,0.0,0.0,0.0,0.0,1.0,0.0,1.0,1.0,0.0,0.0,0.0,0.0,0.0,0.0,0.0,0.0,0.0,0.0,0.0,0.0,0.7404266472060048,0.010509522650529776,0.7193699958298582,0.75882964970809,0.353147983592776,0.038181865336012706,0.28205128205128205,0.42857142857142855,lambda,
high_r_overlap,0.4,linear,0.0,0.0,0.0,0.0,1.0,0.0,1.0,1.0,0.7147775529756542,0.01573887638704976,0.6857841187639349,0.7455231933572146,0.0,0.0,0.0,0.0,0.0,0.0,0.0,0.0,100.0,0.0,100.0,100.0,0.0,0.0,0.0,0.0,0.0,0.0,0.0,0.0,1.0,0.0,1.0,1.0,0.0,0.0,0.0,0.0,0.0,0.0,0.0,0.0,0.0,0.0,0.0,0.0,0.7081400583383299,0.007391912055072865,0.693752030542357,0.7230478380709225,0.4021701481544787,0.03844293135867096,0.3333333333333333,0.48148148148148145,lambda,
high_r_overlap,0.4,min,0.0,0.0,0.0,0.0,1.0,0.0,1.0,1.0,0.7443433747467484,0.011533386557922742,0.7214921839953684,0.7660139027139257,0.0,0.0,0.0,0.0,0.0,0.0,0.0,0.0,100.0,0.0,100.0,100.0,0.0,0.0,0.0,0.0,0.0,0.0,0.0,0.0,1.0,0.0,1.0,1.0,0.0,0.0,0.0,0.0,0.0,0.0,0.0,0.0,0.0,0.0,0.0,0.0,0.9999999999999999,0.0,0.9999999999999999,0.9999999999999999,1.0,0.0,1.0,1.0,lambda,
high_r_overlap,0.5,geometric,0.0,0.0,0.0,0.0,1.0,0.0,1.0,1.0,0.7576187547853785,0.01253323727042121,0.7338721417814541,0.7814609099690546,0.0,0.0,0.0,0.0,0.0,0.0,0.0,0.0,100.0,0.0,100.0,100.0,0.0,0.0,0.0,0.0,0.0,0.0,0.0,0.0,1.0,0.0,1.0,1.0,0.0,0.0,0.0,0.0,0.0,0.0,0.0,0.0,0.0,0.0,0.0,0.0,0.6662923269391158,0.012377318331799838,0.6417152835696412,0.6883917848206837,0.28562455096610556,0.03463461189358531,0.21951219512195122,0.35158117300974423,lambda,
high_r_overlap,0.5,linear,0.0,0.0,0.0,0.0,1.0,0.0,1.0,1.0,0.7584454237932592,0.013322335252258852,0.7341740348055262,0.785468662328159,0.0,0.0,0.0,0.0,0.0,0.0,0.0,0.0,100.0,0.0,100.0,100.0,0.0,0.0,0.0,0.0,0.0,0.0,0.0,0.0,1.0,0.0,1.0,1.0,0.0,0.0,0.0,0.0,0.0,0.0,0.0,0.0,0.0,0.0,0.0,0.0,0.5938583897072189,0.010740041870886372,0.5724052399228859,0.6153598795762262,0.3051367940447815,0.0349227662125508,0.2422360248447205,0.3793103448275862,lambda,
high_r_overlap,0.5,min,0.0,0.0,0.0,0.0,1.0,0.0,1.0,1.0,0.7443433747467484,0.011533386557922742,0.7214921839953684,0.7660139027139257,0.0,0.0,0.0,0.0,0.0,0.0,0.0,0.0,100.0,0.0,100.0,100.0,0.0,0.0,0.0,0.0,0.0,0.0,0.0,0.0,1.0,0.0,1.0,1.0,0.0,0.0,0.0,0.0,0.0,0.0,0.0,0.0,0.0,0.0,0.0,0.0,0.9999999999999999,0.0,0.9999999999999999,0.9999999999999999,1.0,0.0,1.0,1.0,lambda,
high_r_overlap,0.6,geometric,0.0,0.0,0.0,0.0,1.0,0.0,1.0,1.0,0.783361527586362,0.011356216144536439,0.7611134625045411,0.8053920846155302,0.0,0.0,0.0,0.0,0.0,0.0,0.0,0.0,100.0,0.0,100.0,100.0,0.0,0.0,0.0,0.0,0.0,0.0,0.0,0.0,1.0,0.0,1.0,1.0,0.0,0.0,0.0,0.0,0.0,0.0,0.0,0.0,0.0,0.0,0.0,0.0,0.59220771059216,0.013801582398645634,0.5645820475396162,0.6181792118432026,0.23031340889758428,0.0312670124838038,0.1695906432748538,0.2903225806451613,lambda,
high_r_overlap,0.6,linear,0.0,0.0,0.0,0.0,1.0,0.0,1.0,1.0,0.7940241288845541,0.011388661013089907,0.7718281641461973,0.8157645093252257,0.0,0.0,0.0,0.0,0.013,0.11333068359382573,0.0,0.0,99.987,0.11333068359382573,100.0,100.0,0.0,0.0,0.0,0.0,0.00013000000000000002,0.0011333068359382576,0.0,0.0,0.9998700000000001,0.0011333068359382584,1.0,1.0,0.00013000000000000002,0.0011333068359382576,0.0,0.0,0.0,0.0,0.0,0.0,0.0,0.0,0.0,0.0,0.4623085313763108,0.014732125233372449,0.43265172597956775,0.4906840384931845,0.2301214183079695,0.031051506046609747,0.1695906432748538,0.2903225806451613,lambda,
high_r_overlap,0.6,min,0.0,0.0,0.0,0.0,1.0,0.0,1.0,1.0,0.7443433747467484,0.011533386557922742,0.7214921839953684,0.7660139027139257,0.0,0.0,0.0,0.0,0.0,0.0,0.0,0.0,100.0,0.0,100.0,100.0,0.0,0.0,0.0,0.0,0.0,0.0,0.0,0.0,1.0,0.0,1.0,1.0,0.0,0.0,0.0,0.0,0.0,0.0,0.0,0.0,0.0,0.0,0.0,0.0,0.9999999999999999,0.0,0.9999999999999999,0.9999999999999999,1.0,0.0,1.0,1.0,lambda,
high_r_overlap,0.7,geometric,0.0,0.0,0.0,0.0,1.0,0.0,1.0,1.0,0.8067056146037958,0.010353946119637362,0.7859185144721424,0.8274118425811605,0.0,0.0,0.0,0.0,0.0,0.0,0.0,0.0,100.0,0.0,100.0,100.0,0.0,0.0,0.0,0.0,0.0,0.0,0.0,0.0,1.0,0.0,1.0,1.0,0.0,0.0,0.0,0.0,0.0,0.0,0.0,0.0,0.0,0.0,0.0,0.0,0.5199655671392825,0.014794234496225307,0.4917559424520433,0.5483051501251042,0.18267337639339332,0.02802443121635827,0.12994350282485875,0.2422360248447205,lambda,
high_r_overlap,0.7,linear,0.0,0.0,0.0,0.0,1.0,0.0,1.0,1.0,0.8228420133919194,0.010104523475513185,0.8031658936583043,0.84179985943751,0.0,0.0,0.0,0.0,1.495,1.2528146489184042,0.0,4.0,98.505,1.2528146489184044,96.0,100.0,0.0,0.0,0.0,0.0,0.01495,0.012528146489184043,0.0,0.04,0.9850500000000001,0.012528146489184053,0.96,1.0,0.01495,0.012528146489184043,0.0,0.04,0.0,0.0,0.0,0.0,0.0,0.0,0.0,0.0,0.3260711517880866,0.01827148521061811,0.2893677105012982,0.3605567597969731,0.171233714787161,0.02753137405276745,0.11731843575418995,0.22699386503067484,lambda,
high_r_overlap,0.7,min,0.0,0.0,0.0,0.0,1.0,0.0,1.0,1.0,0.7443433747467484,0.011533386557922742,0.7214921839953684,0.7660139027139257,0.0,0.0,0.0,0.0,0.0,0.0,0.0,0.0,100.0,0.0,100.0,100.0,0.0,0.0,0.0,0.0,0.0,0.0,0.0,0.0,1.0,0.0,1.0,1.0,0.0,0.0,0.0,0.0,0.0,0.0,0.0,0.0,0.0,0.0,0.0,0.0,0.9999999999999999,0.0,0.9999999999999999,0.9999999999999999,1.0,0.0,1.0,1.0,lambda,
high_r_overlap,0.8,geometric,0.0,0.0,0.0,0.0,1.0,0.0,1.0,1.0,0.828043955361105,0.009572102250997621,0.8099993886882034,0.8462831417092261,0.0,0.0,0.0,0.0,0.444,0.6981055445642524,0.0,2.0,99.556,0.6981055445642523,98.0,100.0,0.0,0.0,0.0,0.0,0.0044399999999999995,0.006981055445642524,0.0,0.02,0.9955600000000002,0.006981055445642531,0.98,1.0,0.0044399999999999995,0.006981055445642524,0.0,0.02,0.0,0.0,0.0,0.0,0.0,0.0,0.0,0.0,0.4514028065054211,0.015445067076002846,0.42179680984153456,0.4805863219349457,0.14045622304788777,0.024673324000790347,0.0989010989010989,0.19047619047619047,lambda,
high_r_overlap,0.8,linear,0.01332,0.011537361514259261,0.0,0.04,0.9866800000000001,0.011537361514259268,0.96,1.0,0.8452784518100794,0.008852719890288335,0.827603526982433,0.8622736086936714,1.332,1.153736151425926,0.0,4.0,5.77,2.384698468734944,2.0,11.0,92.898,2.6526651942212065,87.0,98.0,0.01332,0.011537361514259261,0.0,0.04,0.05770000000000001,0.023846984687349443,0.02,0.11,0.9289799999999999,0.026526651942212046,0.87,0.98,0.07102000000000001,0.026526651942212067,0.02,0.13,0.01332,0.011537361514259261,0.0,0.04,0.0,0.0,0.0,0.0,0.19963788506539262,0.020423938296754623,0.158526056885124,0.23929894680588573,0.12326380835701344,0.023338520529659575,0.08108108108108109,0.16976264189886464,lambda,
high_r_overlap,0.8,min,0.0,0.0,0.0,0.0,1.0,0.0,1.0,1.0,0.7443433747467484,0.011533386557922742,0.7214921839953684,0.7660139027139257,0.0,0.0,0.0,0.0,0.0,0.0,0.0,0.0,100.0,0.0,100.0,100.0,0.0,0.0,0.0,0.0,0.0,0.0,0.0,0.0,1.0,0.0,1.0,1.0,0.0,0.0,0.0,0.0,0.0,0.0,0.0,0.0,0.0,0.0,0.0,0.0,0.9999999999999999,0.0,0.9999999999999999,0.9999999999999999,1.0,0.0,1.0,1.0,lambda,
high_r_overlap,0.9,geometric,0.0,0.0,0.0,0.0,1.0,0.0,1.0,1.0,0.8466790864767397,0.008894141260208597,0.8295108344497604,0.8634981672956441,0.0,0.0,0.0,0.0,5.386,2.370785655563283,1.0,10.0,94.614,2.370785655563283,90.0,99.0,0.0,0.0,0.0,0.0,0.053860000000000005,0.023707856555632824,0.01,0.1,0.9461399999999999,0.02370785655563281,0.9,0.99,0.053860000000000005,0.023707856555632824,0.01,0.1,0.0,0.0,0.0,0.0,0.0,0.0,0.0,0.0,0.3884359132610508,0.01586869601834565,0.3588388240200166,0.4183737489574645,0.10094697991002688,0.021566974699430683,0.06382978723404255,0.14942528735632185,lambda,
high_r_overlap,0.9,linear,0.060700000000000004,0.024055949132983482,0.02,0.11,0.9392999999999999,0.024055949132983465,0.89,0.98,0.8592461280905646,0.008073088969458126,0.8429157194954365,0.8744353141036525,6.07,2.4055949132983483,2.0,11.0,10.127,3.0528988177126326,4.0,17.0,83.803,3.675282125048185,76.0,90.0,0.060700000000000004,0.024055949132983482,0.02,0.11,0.10127000000000001,0.030528988177126327,0.04,0.17,0.8380299999999999,0.03675282125048184,0.76,0.9,0.16196999999999998,0.03675282125048184,0.1,0.24,0.060700000000000004,0.024055949132983482,0.02,0.11,0.0,0.0,0.0,0.0,0.09043743356125979,0.021409896736609507,0.04866126224435466,0.1323057493337357,0.0861370729212902,0.020033958740430083,0.04712041884816754,0.12994350282485875,lambda,
high_r_overlap,0.9,min,0.0,0.0,0.0,0.0,1.0,0.0,1.0,1.0,0.7443433747467484,0.011533386557922742,0.7214921839953684,0.7660139027139257,0.0,0.0,0.0,0.0,0.0,0.0,0.0,0.0,100.0,0.0,100.0,100.0,0.0,0.0,0.0,0.0,0.0,0.0,0.0,0.0,1.0,0.0,1.0,1.0,0.0,0.0,0.0,0.0,0.0,0.0,0.0,0.0,0.0,0.0,0.0,0.0,0.9999999999999999,0.0,0.9999999999999999,0.9999999999999999,1.0,0.0,1.0,1.0,lambda,
high_r_overlap,1.0,geometric,0.0,0.0,0.0,0.0,1.0,0.0,1.0,1.0,0.8554630098888729,0.008687758409208095,0.8384942801219557,0.8727291452759357,0.0,0.0,0.0,0.0,15.568,3.6535906619002527,9.0,23.0,84.432,3.653590661900252,77.0,91.0,0.0,0.0,0.0,0.0,0.15568,0.03653590661900252,0.09,0.23,0.84432,0.03653590661900252,0.77,0.91,0.15568,0.03653590661900252,0.09,0.23,0.0,0.0,0.0,0.0,0.0,0.0,0.0,0.0,0.33325213511259383,0.01612888652818723,0.3022091326105087,0.36374311926605496,0.06678193779736441,0.018382637712279215,0.03626943005181347,0.10497237569060773,lambda,
high_r_overlap,1.0,linear,0.12398,0.03291569599815631,0.06,0.19,0.87602,0.03291569599815631,0.81,0.94,0.863351270830832,0.00787926976406652,0.8474428202830873,0.8781915581354498,12.398,3.2915695998156305,6.0,19.0,13.596,3.4363632800669652,7.0,21.0,74.006,4.320026229854007,66.0,82.0,0.12398,0.03291569599815631,0.06,0.19,0.13596,0.034363632800669654,0.07,0.21,0.7400599999999999,0.04320026229854008,0.66,0.82,0.25994,0.04320026229854007,0.18,0.34,0.12398,0.03291569599815631,0.06,0.19,0.0,0.0,0.0,0.0,-0.00043377768627812785,0.021568669354078803,-0.042415768252967945,0.04269291670969025,0.05804053479261016,0.017149005404778005,0.030927835051546393,0.09289617486338798,lambda,
high_r_overlap,1.0,min,0.0,0.0,0.0,0.0,1.0,0.0,1.0,1.0,0.7443433747467484,0.011533386557922742,0.7214921839953684,0.7660139027139257,0.0,0.0,0.0,0.0,0.0,0.0,0.0,0.0,100.0,0.0,100.0,100.0,0.0,0.0,0.0,0.0,0.0,0.0,0.0,0.0,1.0,0.0,1.0,1.0,0.0,0.0,0.0,0.0,0.0,0.0,0.0,0.0,0.0,0.0,0.0,0.0,0.9999999999999999,0.0,0.9999999999999999,0.9999999999999999,1.0,0.0,1.0,1.0,lambda,
high_veto_frac,0.0,geometric,0.0,0.0,0.0,0.0,1.0,0.0,1.0,1.0,0.5001505343744705,0.02274104573172944,0.45782864774565185,0.5469347440696177,0.0,0.0,0.0,0.0,0.0,0.0,0.0,0.0,100.0,0.0,100.0,100.0,0.0,0.0,0.0,0.0,0.0,0.0,0.0,0.0,1.0,0.0,1.0,1.0,0.0,0.0,0.0,0.0,0.0,0.0,0.0,0.0,0.0,0.0,0.0,0.0,1.0,0.0,1.0,1.0,1.0,0.0,1.0,1.0,lambda,
high_veto_frac,0.0,linear,0.0,0.0,0.0,0.0,1.0,0.0,1.0,1.0,0.5001505343744705,0.02274104573172944,0.45782864774565185,0.5469347440696177,0.0,0.0,0.0,0.0,0.0,0.0,0.0,0.0,100.0,0.0,100.0,100.0,0.0,0.0,0.0,0.0,0.0,0.0,0.0,0.0,1.0,0.0,1.0,1.0,0.0,0.0,0.0,0.0,0.0,0.0,0.0,0.0,0.0,0.0,0.0,0.0,1.0,0.0,1.0,1.0,1.0,0.0,1.0,1.0,lambda,
high_veto_frac,0.0,min,0.0,0.0,0.0,0.0,1.0,0.0,1.0,1.0,0.7532071746938267,0.011267296318488015,0.7311697015618484,0.7761887496265735,0.0,0.0,0.0,0.0,0.0,0.0,0.0,0.0,100.0,0.0,100.0,100.0,0.0,0.0,0.0,0.0,0.0,0.0,0.0,0.0,1.0,0.0,1.0,1.0,0.0,0.0,0.0,0.0,0.0,0.0,0.0,0.0,0.0,0.0,0.0,0.0,1.0,0.0,1.0,1.0,1.0,0.0,1.0,1.0,lambda,
high_veto_frac,0.1,geometric,0.0,0.0,0.0,0.0,1.0,0.0,1.0,1.0,0.5864550009801729,0.02030617096264407,0.5463342452383071,0.6255726679291348,0.0,0.0,0.0,0.0,0.0,0.0,0.0,0.0,100.0,0.0,100.0,100.0,0.0,0.0,0.0,0.0,0.0,0.0,0.0,0.0,1.0,0.0,1.0,1.0,0.0,0.0,0.0,0.0,0.0,0.0,0.0,0.0,0.0,0.0,0.0,0.0,0.9321664664846832,0.0030767527016567864,0.9256399757355172,0.9380258821150541,0.7218919629167508,0.04283535230353304,0.639344262295082,0.8018018018018018,lambda,
high_veto_frac,0.1,linear,0.0,0.0,0.0,0.0,1.0,0.0,1.0,1.0,0.5489319947858364,0.022251753878847036,0.5059712701962035,0.5931119811878269,0.0,0.0,0.0,0.0,0.0,0.0,0.0,0.0,100.0,0.0,100.0,100.0,0.0,0.0,0.0,0.0,0.0,0.0,0.0,0.0,1.0,0.0,1.0,1.0,0.0,0.0,0.0,0.0,0.0,0.0,0.0,0.0,0.0,0.0,0.0,0.0,0.937465187804949,0.0015567286093841105,0.9342982897304711,0.9405401054623176,0.8314477209845127,0.036632149256068995,0.7543859649122807,0.9047619047619048,lambda,
high_veto_frac,0.1,min,0.0,0.0,0.0,0.0,1.0,0.0,1.0,1.0,0.7532071746938267,0.011267296318488015,0.7311697015618484,0.7761887496265735,0.0,0.0,0.0,0.0,0.0,0.0,0.0,0.0,100.0,0.0,100.0,100.0,0.0,0.0,0.0,0.0,0.0,0.0,0.0,0.0,1.0,0.0,1.0,1.0,0.0,0.0,0.0,0.0,0.0,0.0,0.0,0.0,0.0,0.0,0.0,0.0,1.0,0.0,1.0,1.0,1.0,0.0,1.0,1.0,lambda,
high_veto_frac,0.2,geometric,0.0,0.0,0.0,0.0,1.0,0.0,1.0,1.0,0.6526873025713791,0.017292700322535035,0.6189498071442386,0.6868123748730245,0.0,0.0,0.0,0.0,0.0,0.0,0.0,0.0,100.0,0.0,100.0,100.0,0.0,0.0,0.0,0.0,0.0,0.0,0.0,0.0,1.0,0.0,1.0,1.0,0.0,0.0,0.0,0.0,0.0,0.0,0.0,0.0,0.0,0.0,0.0,0.0,0.8547832130219393,0.006342067077651719,0.8412968355070267,0.8669674451521586,0.5400407339836265,0.0423028238081596,0.45985401459854014,0.6260162601626016,lambda,
high_veto_frac,0.2,linear,0.0,0.0,0.0,0.0,1.0,0.0,1.0,1.0,0.6069436738243154,0.020807535455112925,0.5667378851267162,0.6483625455261984,0.0,0.0,0.0,0.0,0.0,0.0,0.0,0.0,100.0,0.0,100.0,100.0,0.0,0.0,0.0,0.0,0.0,0.0,0.0,0.0,1.0,0.0,1.0,1.0,0.0,0.0,0.0,0.0,0.0,0.0,0.0,0.0,0.0,0.0,0.0,0.0,0.8622204623228481,0.0032384921959689467,0.8558788274367971,0.8685513853412665,0.6641959092840507,0.0410297610095208,0.5873015873015873,0.7543859649122807,lambda,
high_veto_frac,0.2,min,0.0,0.0,0.0,0.0,1.0,0.0,1.0,1.0,0.7532071746938267,0.011267296318488015,0.7311697015618484,0.7761887496265735,0.0,0.0,0.0,0.0,0.0,0.0,0.0,0.0,100.0,0.0,100.0,100.0,0.0,0.0,0.0,0.0,0.0,0.0,0.0,0.0,1.0,0.0,1.0,1.0,0.0,0.0,0.0,0.0,0.0,0.0,0.0,0.0,0.0,0.0,0.0,0.0,1.0,0.0,1.0,1.0,1.0,0.0,1.0,1.0,lambda,
high_veto_frac,0.3,geometric,0.0,0.0,0.0,0.0,1.0,0.0,1.0,1.0,0.7001376378122095,0.01567790656173596,0.6698147559663835,0.730865921312875,0.0,0.0,0.0,0.0,0.0,0.0,0.0,0.0,100.0,0.0,100.0,100.0,0.0,0.0,0.0,0.0,0.0,0.0,0.0,0.0,1.0,0.0,1.0,1.0,0.0,0.0,0.0,0.0,0.0,0.0,0.0,0.0,0.0,0.0,0.0,0.0,0.7705506460418562,0.00938234404792503,0.751075219896876,0.7888311596400769,0.4205639161761659,0.04038122791115335,0.35135135135135137,0.5037593984962406,lambda,
high_veto_frac,0.3,linear,0.0,0.0,0.0,0.0,1.0,0.0,1.0,1.0,0.6701274385488873,0.01836157955628372,0.6345048358291414,0.7061317860812895,0.0,0.0,0.0,0.0,0.0,0.0,0.0,0.0,100.0,0.0,100.0,100.0,0.0,0.0,0.0,0.0,0.0,0.0,0.0,0.0,1.0,0.0,1.0,1.0,0.0,0.0,0.0,0.0,0.0,0.0,0.0,0.0,0.0,0.0,0.0,0.0,0.7643782191035406,0.005346837350903793,0.7541136705324957,0.7749294811534301,0.5073224380198748,0.041185403454944564,0.42857142857142855,0.5876190476190474,lambda,
high_veto_frac,0.3,min,0.0,0.0,0.0,0.0,1.0,0.0,1.0,1.0,0.7532071746938267,0.011267296318488015,0.7311697015618484,0.7761887496265735,0.0,0.0,0.0,0.0,0.0,0.0,0.0,0.0,100.0,0.0,100.0,100.0,0.0,0.0,0.0,0.0,0.0,0.0,0.0,0.0,1.0,0.0,1.0,1.0,0.0,0.0,0.0,0.0,0.0,0.0,0.0,0.0,0.0,0.0,0.0,0.0,1.0,0.0,1.0,1.0,1.0,0.0,1.0,1.0,lambda,
high_veto_frac,0.4,geometric,0.0,0.0,0.0,0.0,1.0,0.0,1.0,1.0,0.7363444061712093,0.013984421433313405,0.7095116515341944,0.7639633718269224,0.0,0.0,0.0,0.0,0.0,0.0,0.0,0.0,100.0,0.0,100.0,100.0,0.0,0.0,0.0,0.0,0.0,0.0,0.0,0.0,1.0,0.0,1.0,1.0,0.0,0.0,0.0,0.0,0.0,0.0,0.0,0.0,0.0,0.0,0.0,0.0,0.6818772662015974,0.01202097104571055,0.6570845212819735,0.7044845819431808,0.3360482560983834,0.037821562796557275,0.26582278481012656,0.41843971631205673,lambda,
high_veto_frac,0.4,linear,0.0,0.0,0.0,0.0,1.0,0.0,1.0,1.0,0.7239754430740128,0.015512149017276926,0.694339248412098,0.7539092435407755,0.0,0.0,0.0,0.0,0.0,0.0,0.0,0.0,100.0,0.0,100.0,100.0,0.0,0.0,0.0,0.0,0.0,0.0,0.0,0.0,1.0,0.0,1.0,1.0,0.0,0.0,0.0,0.0,0.0,0.0,0.0,0.0,0.0,0.0,0.0,0.0,0.6389485104588852,0.008267361993328282,0.6224381784995379,0.6548364474976508,0.38334283206435166,0.03842475671228637,0.30718954248366015,0.45985401459854014,lambda,
high_veto_frac,0.4,min,0.0,0.0,0.0,0.0,1.0,0.0,1.0,1.0,0.7532071746938267,0.011267296318488015,0.7311697015618484,0.7761887496265735,0.0,0.0,0.0,0.0,0.0,0.0,0.0,0.0,100.0,0.0,100.0,100.0,0.0,0.0,0.0,0.0,0.0,0.0,0.0,0.0,1.0,0.0,1.0,1.0,0.0,0.0,0.0,0.0,0.0,0.0,0.0,0.0,0.0,0.0,0.0,0.0,1.0,0.0,1.0,1.0,1.0,0.0,1.0,1.0,lambda,
high_veto_frac,0.5,geometric,0.0,0.0,0.0,0.0,1.0,0.0,1.0,1.0,0.765903553677887,0.012336805544189137,0.7415257984134352,0.7889100567698383,0.0,0.0,0.0,0.0,0.0,0.0,0.0,0.0,100.0,0.0,100.0,100.0,0.0,0.0,0.0,0.0,0.0,0.0,0.0,0.0,1.0,0.0,1.0,1.0,0.0,0.0,0.0,0.0,0.0,0.0,0.0,0.0,0.0,0.0,0.0,0.0,0.5909791608533009,0.014105744516309998,0.5627359215448389,0.6178803963198868,0.27047350143924676,0.034114272144475356,0.20481927710843373,0.3425086159985487,lambda,
high_veto_frac,0.5,linear,0.0,0.0,0.0,0.0,1.0,0.0,1.0,1.0,0.7667113025835623,0.013018263287676822,0.7402361666733407,0.7908187132168636,0.0,0.0,0.0,0.0,0.0,0.0,0.0,0.0,100.0,0.0,100.0,100.0,0.0,0.0,0.0,0.0,0.0,0.0,0.0,0.0,1.0,0.0,1.0,1.0,0.0,0.0,0.0,0.0,0.0,0.0,0.0,0.0,0.0,0.0,0.0,0.0,0.48439182934809194,0.012148706838275024,0.460648737325074,0.5075955494606686,0.28941760554086865,0.03423276319260575,0.22699386503067484,0.36054421768707484,lambda,
high_veto_frac,0.5,min,0.0,0.0,0.0,0.0,1.0,0.0,1.0,1.0,0.7532071746938267,0.011267296318488015,0.7311697015618484,0.7761887496265735,0.0,0.0,0.0,0.0,0.0,0.0,0.0,0.0,100.0,0.0,100.0,100.0,0.0,0.0,0.0,0.0,0.0,0.0,0.0,0.0,1.0,0.0,1.0,1.0,0.0,0.0,0.0,0.0,0.0,0.0,0.0,0.0,0.0,0.0,0.0,0.0,1.0,0.0,1.0,1.0,1.0,0.0,1.0,1.0,lambda,
high_veto_frac,0.6,geometric,0.0,0.0,0.0,0.0,1.0,0.0,1.0,1.0,0.7915387883957342,0.011270935723151432,0.7704018937736484,0.8133135291702038,0.0,0.0,0.0,0.0,0.0,0.0,0.0,0.0,100.0,0.0,100.0,100.0,0.0,0.0,0.0,0.0,0.0,0.0,0.0,0.0,1.0,0.0,1.0,1.0,0.0,0.0,0.0,0.0,0.0,0.0,0.0,0.0,0.0,0.0,0.0,0.0,0.5000940734000606,0.015635343425209138,0.4696570619755333,0.5296653523405116,0.21691616420587895,0.03074730578378449,0.16279069767441862,0.28205128205128205,lambda,
high_veto_frac,0.6,linear,0.0,0.0,0.0,0.0,1.0,0.0,1.0,1.0,0.8013031373948745,0.01118485458245639,0.7799079810868655,0.8228536388141467,0.0,0.0,0.0,0.0,0.002,0.04469897088298564,0.0,0.0,99.998,0.04469897088298565,100.0,100.0,0.0,0.0,0.0,0.0,2e-05,0.0004469897088298565,0.0,0.0,0.99998,0.0004469897088298568,1.0,1.0,2e-05,0.0004469897088298565,0.0,0.0,0.0,0.0,0.0,0.0,0.0,0.0,0.0,0.0,0.3154025443673708,0.015913099404764392,0.2841461717260625,0.3482099407155714,0.21774158632524604,0.030862441724110706,0.16279069767441862,0.28205128205128205,lambda,
high_veto_frac,0.6,min,0.0,0.0,0.0,0.0,1.0,0.0,1.0,1.0,0.7532071746938267,0.011267296318488015,0.7311697015618484,0.7761887496265735,0.0,0.0,0.0,0.0,0.0,0.0,0.0,0.0,100.0,0.0,100.0,100.0,0.0,0.0,0.0,0.0,0.0,0.0,0.0,0.0,1.0,0.0,1.0,1.0,0.0,0.0,0.0,0.0,0.0,0.0,0.0,0.0,0.0,0.0,0.0,0.0,1.0,0.0,1.0,1.0,1.0,0.0,1.0,1.0,lambda,
high_veto_frac,0.7,geometric,0.0,0.0,0.0,0.0,1.0,0.0,1.0,1.0,0.8145904148253521,0.010076767163866055,0.7949356402067874,0.8332599828024486,0.0,0.0,0.0,0.0,0.0,0.0,0.0,0.0,100.0,0.0,100.0,100.0,0.0,0.0,0.0,0.0,0.0,0.0,0.0,0.0,1.0,0.0,1.0,1.0,0.0,0.0,0.0,0.0,0.0,0.0,0.0,0.0,0.0,0.0,0.0,0.0,0.41143201698513804,0.016660853520088205,0.37874451521585284,0.44274825599029427,0.17161773344775266,0.027576290661943784,0.12359550561797752,0.22699386503067484,lambda,
high_veto_frac,0.7,linear,1e-05,0.0003162277660168379,0.0,0.0,0.99999,0.00031622776601683816,1.0,1.0,0.8301473642228555,0.009673097620111676,0.8112375115563926,0.847958333200247,0.001,0.03162277660168379,0.0,0.0,1.128,1.090323257022799,0.0,4.0,98.871,1.0915816737883384,96.0,100.0,1e-05,0.0003162277660168379,0.0,0.0,0.011280000000000002,0.01090323257022799,0.0,0.04,0.9887100000000001,0.010915816737883395,0.96,1.0,0.01129,0.010915816737883385,0.0,0.04,1e-05,0.0003162277660168379,0.0,0.0,0.0,0.0,0.0,0.0,0.16226647339543743,0.01815754355234309,0.12684971920865523,0.20011354190523362,0.1609209355096375,0.02678493383242818,0.1111111111111111,0.21951219512195122,lambda,
high_veto_frac,0.7,min,0.0,0.0,0.0,0.0,1.0,0.0,1.0,1.0,0.7532071746938267,0.011267296318488015,0.7311697015618484,0.7761887496265735,0.0,0.0,0.0,0.0,0.0,0.0,0.0,0.0,100.0,0.0,100.0,100.0,0.0,0.0,0.0,0.0,0.0,0.0,0.0,0.0,1.0,0.0,1.0,1.0,0.0,0.0,0.0,0.0,0.0,0.0,0.0,0.0,0.0,0.0,0.0,0.0,1.0,0.0,1.0,1.0,1.0,0.0,1.0,1.0,lambda,
high_veto_frac,0.8,geometric,0.0,0.0,0.0,0.0,1.0,0.0,1.0,1.0,0.8356749021479638,0.009296473197006756,0.8175879844246683,0.8533154997813943,0.0,0.0,0.0,0.0,0.247,0.5237034134558083,0.0,2.0,99.753,0.5237034134558083,98.0,100.0,0.0,0.0,0.0,0.0,0.0024699999999999995,0.005237034134558082,0.0,0.02,0.99753,0.0052370341345580875,0.98,1.0,0.0024699999999999995,0.005237034134558082,0.0,0.02,0.0,0.0,0.0,0.0,0.0,0.0,0.0,0.0,0.32722177332928926,0.01727375025023345,0.29458093216055004,0.3613547669598625,0.13111786181857218,0.024872933933248256,0.08695652173913043,0.1834319526627219,lambda,
high_veto_frac,0.8,linear,0.10696000000000001,0.03237601900491484,0.05,0.17,0.89304,0.03237601900491483,0.83,0.95,0.8690198309528857,0.007438982314894912,0.8544646630914184,0.8834109852363362,10.696,3.2376019004914833,5.0,17.0,4.441,2.1168372634664196,1.0,9.0,84.863,3.878307913545838,77.0,92.0,0.10696000000000001,0.03237601900491484,0.05,0.17,0.044410000000000005,0.021168372634664197,0.01,0.09,0.8486299999999999,0.038783079135458386,0.77,0.92,0.15137,0.038783079135458386,0.08,0.23,0.10696000000000001,0.03237601900491484,0.05,0.17,0.0,0.0,0.0,0.0,0.037784777108236696,0.019004148388977404,0.002698489269107637,0.07691358375694311,0.10680240596976631,0.022517404416983935,0.06951871657754011,0.15606936416184972,lambda,
high_veto_frac,0.8,min,0.0,0.0,0.0,0.0,1.0,0.0,1.0,1.0,0.7532071746938267,0.011267296318488015,0.7311697015618484,0.7761887496265735,0.0,0.0,0.0,0.0,0.0,0.0,0.0,0.0,100.0,0.0,100.0,100.0,0.0,0.0,0.0,0.0,0.0,0.0,0.0,0.0,1.0,0.0,1.0,1.0,0.0,0.0,0.0,0.0,0.0,0.0,0.0,0.0,0.0,0.0,0.0,0.0,1.0,0.0,1.0,1.0,1.0,0.0,1.0,1.0,lambda,
high_veto_frac,0.9,geometric,0.0,0.0,0.0,0.0,1.0,0.0,1.0,1.0,0.854798839193827,0.008433765519581393,0.8379748662701765,0.869985034876939,0.0,0.0,0.0,0.0,4.929,2.2380723777322236,1.0,10.0,95.071,2.2380723777322236,90.0,99.0,0.0,0.0,0.0,0.0,0.04929000000000001,0.022380723777322233,0.01,0.1,0.95071,0.02238072377732222,0.9,0.99,0.04929000000000001,0.022380723777322233,0.01,0.1,0.0,0.0,0.0,0.0,0.0,0.0,0.0,0.0,0.24990331816803157,0.017632652729976335,0.21551329491456883,0.2849904964108786,0.09304976255630912,0.020788043476705372,0.0582010582010582,0.13636363636363635,lambda,
high_veto_frac,0.9,linear,0.28098,0.04138057457252076,0.2,0.36,0.71902,0.041380574572520784,0.64,0.8,0.8954144180233786,0.006595435476780577,0.8822907269902553,0.9079323429677748,28.098,4.138057457252076,20.0,36.0,7.049,2.6148492186809618,2.0,13.0,64.853,4.621985910163915,56.0,73.0,0.28098,0.04138057457252076,0.2,0.36,0.07049000000000001,0.02614849218680962,0.02,0.13,0.6485299999999999,0.04621985910163915,0.56,0.73,0.35146999999999995,0.046219859101639144,0.27,0.44,0.28098,0.04138057457252076,0.2,0.36,0.0,0.0,0.0,0.0,-0.05962109230878942,0.0190100871286208,-0.09551338179139149,-0.020460693296152514,0.06244737230279132,0.01761070074965295,0.030927835051546393,0.0989010989010989,lambda,
high_veto_frac,0.9,min,0.0,0.0,0.0,0.0,1.0,0.0,1.0,1.0,0.7532071746938267,0.011267296318488015,0.7311697015618484,0.7761887496265735,0.0,0.0,0.0,0.0,0.0,0.0,0.0,0.0,100.0,0.0,100.0,100.0,0.0,0.0,0.0,0.0,0.0,0.0,0.0,0.0,1.0,0.0,1.0,1.0,0.0,0.0,0.0,0.0,0.0,0.0,0.0,0.0,0.0,0.0,0.0,0.0,1.0,0.0,1.0,1.0,1.0,0.0,1.0,1.0,lambda,
high_veto_frac,1.0,geometric,0.0,0.0,0.0,0.0,1.0,0.0,1.0,1.0,0.8642590236493003,0.008206810706720954,0.8478151793021281,0.8794714069132401,0.0,0.0,0.0,0.0,15.693,3.6856933316996594,9.0,23.0,84.307,3.685693331699659,77.0,91.0,0.0,0.0,0.0,0.0,0.15693000000000001,0.0368569333169966,0.09,0.23,0.84307,0.03685693331699659,0.77,0.91,0.15693000000000001,0.0368569333169966,0.09,0.23,0.0,0.0,0.0,0.0,0.0,0.0,0.0,0.0,0.182104567788899,0.017845727361294635,0.14759255889192197,0.21769517743403094,0.05925779940257212,0.017046405533960616,0.02564102564102564,0.0989010989010989,lambda,
high_veto_frac,1.0,linear,0.4176,0.04272312330887414,0.33975000000000005,0.5,0.5824,0.04272312330887413,0.5,0.6602499999999997,0.9016941136584317,0.006355755430206317,0.8889700388330267,0.9134100970935545,41.76,4.272312330887415,33.975,50.0,9.198,2.878729421651691,4.0,15.0,49.042,4.608630542305976,40.0,58.0,0.4176,0.04272312330887414,0.33975000000000005,0.5,0.09198000000000002,0.028787294216516917,0.04,0.15,0.49042,0.04608630542305976,0.4,0.58,0.50958,0.04608630542305976,0.42,0.6,0.4176,0.04272312330887414,0.33975000000000005,0.5,0.0,0.0,0.0,0.0,-0.13495787466385392,0.018617548785536328,-0.16948753973734237,-0.095958133545743,0.033643576868971035,0.012406051709277915,0.010101010101010102,0.0582010582010582,lambda,
high_veto_frac,1.0,min,0.0,0.0,0.0,0.0,1.0,0.0,1.0,1.0,0.7532071746938267,0.011267296318488015,0.7311697015618484,0.7761887496265735,0.0,0.0,0.0,0.0,0.0,0.0,0.0,0.0,100.0,0.0,100.0,100.0,0.0,0.0,0.0,0.0,0.0,0.0,0.0,0.0,1.0,0.0,1.0,1.0,0.0,0.0,0.0,0.0,0.0,0.0,0.0,0.0,0.0,0.0,0.0,0.0,1.0,0.0,1.0,1.0,1.0,0.0,1.0,1.0,lambda,
low_r_separation,0.0,geometric,0.0,0.0,0.0,0.0,1.0,0.0,1.0,1.0,0.4993410575699376,0.022614879251469162,0.4552133500391438,0.5415050752889479,0.0,0.0,0.0,0.0,0.0,0.0,0.0,0.0,100.0,0.0,100.0,100.0,0.0,0.0,0.0,0.0,0.0,0.0,0.0,0.0,1.0,0.0,1.0,1.0,0.0,0.0,0.0,0.0,0.0,0.0,0.0,0.0,0.0,0.0,0.0,0.0,0.9999999999999999,0.0,0.9999999999999999,0.9999999999999999,1.0,0.0,1.0,1.0,lambda,
low_r_separation,0.0,linear,0.0,0.0,0.0,0.0,1.0,0.0,1.0,1.0,0.4993410575699376,0.022614879251469162,0.4552133500391438,0.5415050752889479,0.0,0.0,0.0,0.0,0.0,0.0,0.0,0.0,100.0,0.0,100.0,100.0,0.0,0.0,0.0,0.0,0.0,0.0,0.0,0.0,1.0,0.0,1.0,1.0,0.0,0.0,0.0,0.0,0.0,0.0,0.0,0.0,0.0,0.0,0.0,0.0,0.9999999999999999,0.0,0.9999999999999999,0.9999999999999999,1.0,0.0,1.0,1.0,lambda,
low_r_separation,0.0,min,0.0,0.0,0.0,0.0,1.0,0.0,1.0,1.0,0.7443433747467484,0.011533386557922742,0.7214921839953684,0.7660139027139257,0.0,0.0,0.0,0.0,0.0,0.0,0.0,0.0,100.0,0.0,100.0,100.0,0.0,0.0,0.0,0.0,0.0,0.0,0.0,0.0,1.0,0.0,1.0,1.0,0.0,0.0,0.0,0.0,0.0,0.0,0.0,0.0,0.0,0.0,0.0,0.0,0.9999999999999999,0.0,0.9999999999999999,0.9999999999999999,1.0,0.0,1.0,1.0,lambda,
low_r_separation,0.1,geometric,0.0,0.0,0.0,0.0,1.0,0.0,1.0,1.0,0.5797733637581468,0.019912644677051564,0.5416351385241394,0.6176649380866766,0.0,0.0,0.0,0.0,0.0,0.0,0.0,0.0,100.0,0.0,100.0,100.0,0.0,0.0,0.0,0.0,0.0,0.0,0.0,0.0,1.0,0.0,1.0,1.0,0.0,0.0,0.0,0.0,0.0,0.0,0.0,0.0,0.0,0.0,0.0,0.0,0.944684395329441,0.0027082753714488023,0.9389726855713093,0.949546080066722,0.7382732422495001,0.04040465702283933,0.6528925619834711,0.8181818181818182,lambda,
low_r_separation,0.1,linear,0.0,0.0,0.0,0.0,1.0,0.0,1.0,1.0,0.5450708184914822,0.022194042523254014,0.5013600901770314,0.5872497823848517,0.0,0.0,0.0,0.0,0.0,0.0,0.0,0.0,100.0,0.0,100.0,100.0,0.0,0.0,0.0,0.0,0.0,0.0,0.0,0.0,1.0,0.0,1.0,1.0,0.0,0.0,0.0,0.0,0.0,0.0,0.0,0.0,0.0,0.0,0.0,0.0,0.9330450931790178,0.001539534919965171,0.9299753752153497,0.9360406665242232,0.8407266270434723,0.034037259664863415,0.7699115044247787,0.9047619047619048,lambda,
low_r_separation,0.1,min,0.0,0.0,0.0,0.0,1.0,0.0,1.0,1.0,0.7443433747467484,0.011533386557922742,0.7214921839953684,0.7660139027139257,0.0,0.0,0.0,0.0,0.0,0.0,0.0,0.0,100.0,0.0,100.0,100.0,0.0,0.0,0.0,0.0,0.0,0.0,0.0,0.0,1.0,0.0,1.0,1.0,0.0,0.0,0.0,0.0,0.0,0.0,0.0,0.0,0.0,0.0,0.0,0.0,0.9999999999999999,0.0,0.9999999999999999,0.9999999999999999,1.0,0.0,1.0,1.0,lambda,
low_r_separation,0.2,geometric,0.0,0.0,0.0,0.0,1.0,0.0,1.0,1.0,0.6442943897512325,0.017562300588000134,0.6104631008310669,0.678637858833916,0.0,0.0,0.0,0.0,0.0,0.0,0.0,0.0,100.0,0.0,100.0,100.0,0.0,0.0,0.0,0.0,0.0,0.0,0.0,0.0,1.0,0.0,1.0,1.0,0.0,0.0,0.0,0.0,0.0,0.0,0.0,0.0,0.0,0.0,0.0,0.0,0.8815861342785654,0.0055295393487805366,0.8702041284403668,0.8917944120100083,0.5599546130269915,0.0424522314322076,0.48148148148148145,0.639344262295082,lambda,
low_r_separation,0.2,linear,0.0,0.0,0.0,0.0,1.0,0.0,1.0,1.0,0.5991460142457615,0.021146605149044973,0.556966108318964,0.6369180011329232,0.0,0.0,0.0,0.0,0.0,0.0,0.0,0.0,100.0,0.0,100.0,100.0,0.0,0.0,0.0,0.0,0.0,0.0,0.0,0.0,1.0,0.0,1.0,1.0,0.0,0.0,0.0,0.0,0.0,0.0,0.0,0.0,0.0,0.0,0.0,0.0,0.8701225130022289,0.003169615363015638,0.864085960139299,0.8761842615508817,0.6821978642381153,0.04074783887267942,0.6,0.7543859649122807,lambda,
low_r_separation,0.2,min,0.0,0.0,0.0,0.0,1.0,0.0,1.0,1.0,0.7443433747467484,0.011533386557922742,0.7214921839953684,0.7660139027139257,0.0,0.0,0.0,0.0,0.0,0.0,0.0,0.0,100.0,0.0,100.0,100.0,0.0,0.0,0.0,0.0,0.0,0.0,0.0,0.0,1.0,0.0,1.0,1.0,0.0,0.0,0.0,0.0,0.0,0.0,0.0,0.0,0.0,0.0,0.0,0.0,0.9999999999999999,0.0,0.9999999999999999,0.9999999999999999,1.0,0.0,1.0,1.0,lambda,
low_r_separation,0.3,geometric,0.0,0.0,0.0,0.0,1.0,0.0,1.0,1.0,0.6910392302081381,0.015999501202047493,0.659726392784237,0.7202356602471286,0.0,0.0,0.0,0.0,0.0,0.0,0.0,0.0,100.0,0.0,100.0,100.0,0.0,0.0,0.0,0.0,0.0,0.0,0.0,0.0,1.0,0.0,1.0,1.0,0.0,0.0,0.0,0.0,0.0,0.0,0.0,0.0,0.0,0.0,0.0,0.0,0.8128342201834861,0.008194041198539897,0.7963831317764802,0.8277265429524602,0.4405815555647439,0.03947596733156233,0.36054421768707484,0.5151515151515151,lambda,
low_r_separation,0.3,linear,0.0,0.0,0.0,0.0,1.0,0.0,1.0,1.0,0.6600623014683813,0.019255658051618992,0.6246770801219331,0.6970290936195729,0.0,0.0,0.0,0.0,0.0,0.0,0.0,0.0,100.0,0.0,100.0,100.0,0.0,0.0,0.0,0.0,0.0,0.0,0.0,0.0,1.0,0.0,1.0,1.0,0.0,0.0,0.0,0.0,0.0,0.0,0.0,0.0,0.0,0.0,0.0,0.0,0.7859851082396306,0.005224027076458586,0.7763707720902898,0.7966403048901161,0.5289304265778247,0.040211124338593696,0.4492753623188406,0.6129032258064516,lambda,
low_r_separation,0.3,min,0.0,0.0,0.0,0.0,1.0,0.0,1.0,1.0,0.7443433747467484,0.011533386557922742,0.7214921839953684,0.7660139027139257,0.0,0.0,0.0,0.0,0.0,0.0,0.0,0.0,100.0,0.0,100.0,100.0,0.0,0.0,0.0,0.0,0.0,0.0,0.0,0.0,1.0,0.0,1.0,1.0,0.0,0.0,0.0,0.0,0.0,0.0,0.0,0.0,0.0,0.0,0.0,0.0,0.9999999999999999,0.0,0.9999999999999999,0.9999999999999999,1.0,0.0,1.0,1.0,lambda,
low_r_separation,0.4,geometric,0.0,0.0,0.0,0.0,1.0,0.0,1.0,1.0,0.7275207082997729,0.013833028665257551,0.701187632478961,0.7556095047363692,0.0,0.0,0.0,0.0,0.0,0.0,0.0,0.0,100.0,0.0,100.0,100.0,0.0,0.0,0.0,0.0,0.0,0.0,0.0,0.0,1.0,0.0,1.0,1.0,0.0,0.0,0.0,0.0,0.0,0.0,0.0,0.0,0.0,0.0,0.0,0.0,0.7404266472060048,0.010509522650529776,0.7193699958298582,0.75882964970809,0.353147983592776,0.038181865336012706,0.28205128205128205,0.42857142857142855,lambda,
low_r_separation,0.4,linear,0.0,0.0,0.0,0.0,1.0,0.0,1.0,1.0,0.7147775529756542,0.01573887638704976,0.6857841187639349,0.7455231933572146,0.0,0.0,0.0,0.0,0.0,0.0,0.0,0.0,100.0,0.0,100.0,100.0,0.0,0.0,0.0,0.0,0.0,0.0,0.0,0.0,1.0,0.0,1.0,1.0,0.0,0.0,0.0,0.0,0.0,0.0,0.0,0.0,0.0,0.0,0.0,0.0,0.6744510646867816,0.008003902813422151,0.6595126014634181,0.6905298349574196,0.4021701481544787,0.03844293135867096,0.3333333333333333,0.48148148148148145,lambda,
low_r_separation,0.4,min,0.0,0.0,0.0,0.0,1.0,0.0,1.0,1.0,0.7443433747467484,0.011533386557922742,0.7214921839953684,0.7660139027139257,0.0,0.0,0.0,0.0,0.0,0.0,0.0,0.0,100.0,0.0,100.0,100.0,0.0,0.0,0.0,0.0,0.0,0.0,0.0,0.0,1.0,0.0,1.0,1.0,0.0,0.0,0.0,0.0,0.0,0.0,0.0,0.0,0.0,0.0,0.0,0.0,0.9999999999999999,0.0,0.9999999999999999,0.9999999999999999,1.0,0.0,1.0,1.0,lambda,
low_r_separation,0.5,geometric,0.0,0.0,0.0,0.0,1.0,0.0,1.0,1.0,0.7576187547853785,0.01253323727042121,0.7338721417814541,0.7814609099690546,0.0,0.0,0.0,0.0,0.0,0.0,0.0,0.0,100.0,0.0,100.0,100.0,0.0,0.0,0.0,0.0,0.0,0.0,0.0,0.0,1.0,0.0,1.0,1.0,0.0,0.0,0.0,0.0,0.0,0.0,0.0,0.0,0.0,0.0,0.0,0.0,0.6662923269391158,0.012377318331799838,0.6417152835696412,0.6883917848206837,0.28562455096610556,0.03463461189358531,0.21951219512195122,0.35158117300974423,lambda,
low_r_separation,0.5,linear,0.0,0.0,0.0,0.0,1.0,0.0,1.0,1.0,0.7584454237932592,0.013322335252258852,0.7341740348055262,0.785468662328159,0.0,0.0,0.0,0.0,0.0,0.0,0.0,0.0,100.0,0.0,100.0,100.0,0.0,0.0,0.0,0.0,0.0,0.0,0.0,0.0,1.0,0.0,1.0,1.0,0.0,0.0,0.0,0.0,0.0,0.0,0.0,0.0,0.0,0.0,0.0,0.0,0.5308647459283533,0.012161105401511838,0.5072829121161045,0.5547636629097098,0.3051367940447815,0.0349227662125508,0.2422360248447205,0.3793103448275862,lambda,
low_r_separation,0.5,min,0.0,0.0,0.0,0.0,1.0,0.0,1.0,1.0,0.7443433747467484,0.011533386557922742,0.7214921839953684,0.7660139027139257,0.0,0.0,0.0,0.0,0.0,0.0,0.0,0.0,100.0,0.0,100.0,100.0,0.0,0.0,0.0,0.0,0.0,0.0,0.0,0.0,1.0,0.0,1.0,1.0,0.0,0.0,0.0,0.0,0.0,0.0,0.0,0.0,0.0,0.0,0.0,0.0,0.9999999999999999,0.0,0.9999999999999999,0.9999999999999999,1.0,0.0,1.0,1.0,lambda,
low_r_separation,0.6,geometric,0.0,0.0,0.0,0.0,1.0,0.0,1.0,1.0,0.783361527586362,0.011356216144536439,0.7611134625045411,0.8053920846155302,0.0,0.0,0.0,0.0,0.0,0.0,0.0,0.0,100.0,0.0,100.0,100.0,0.0,0.0,0.0,0.0,0.0,0.0,0.0,0.0,1.0,0.0,1.0,1.0,0.0,0.0,0.0,0.0,0.0,0.0,0.0,0.0,0.0,0.0,0.0,0.0,0.59220771059216,0.013801582398645634,0.5645820475396162,0.6181792118432026,0.23031340889758428,0.0312670124838038,0.1695906432748538,0.2903225806451613,lambda,
low_r_separation,0.6,linear,0.0,0.0,0.0,0.0,1.0,0.0,1.0,1.0,0.7940241288845541,0.011388661013089907,0.7718281641461973,0.8157645093252257,0.0,0.0,0.0,0.0,0.013,0.11333068359382573,0.0,0.0,99.987,0.11333068359382573,100.0,100.0,0.0,0.0,0.0,0.0,0.00013000000000000002,0.0011333068359382576,0.0,0.0,0.9998700000000001,0.0011333068359382584,1.0,1.0,0.00013000000000000002,0.0011333068359382576,0.0,0.0,0.0,0.0,0.0,0.0,0.0,0.0,0.0,0.0,0.3629744464308621,0.01672656104123521,0.3305692559173324,0.3951215548304497,0.2301214183079695,0.031051506046609747,0.1695906432748538,0.2903225806451613,lambda,
low_r_separation,0.6,min,0.0,0.0,0.0,0.0,1.0,0.0,1.0,1.0,0.7443433747467484,0.011533386557922742,0.7214921839953684,0.7660139027139257,0.0,0.0,0.0,0.0,0.0,0.0,0.0,0.0,100.0,0.0,100.0,100.0,0.0,0.0,0.0,0.0,0.0,0.0,0.0,0.0,1.0,0.0,1.0,1.0,0.0,0.0,0.0,0.0,0.0,0.0,0.0,0.0,0.0,0.0,0.0,0.0,0.9999999999999999,0.0,0.9999999999999999,0.9999999999999999,1.0,0.0,1.0,1.0,lambda,
low_r_separation,0.7,geometric,0.0,0.0,0.0,0.0,1.0,0.0,1.0,1.0,0.8067056146037958,0.010353946119637362,0.7859185144721424,0.8274118425811605,0.0,0.0,0.0,0.0,0.0,0.0,0.0,0.0,100.0,0.0,100.0,100.0,0.0,0.0,0.0,0.0,0.0,0.0,0.0,0.0,1.0,0.0,1.0,1.0,0.0,0.0,0.0,0.0,0.0,0.0,0.0,0.0,0.0,0.0,0.0,0.0,0.5199655671392825,0.014794234496225307,0.4917559424520433,0.5483051501251042,0.18267337639339332,0.02802443121635827,0.12994350282485875,0.2422360248447205,lambda,
low_r_separation,0.7,linear,0.00033,0.0020965437022622485,0.0,0.01,0.9996700000000001,0.0020965437022622503,0.99,1.0,0.8229298653353545,0.010003237740029397,0.8038974918570744,0.84179985943751,0.033,0.20965437022622485,0.0,1.0,1.495,1.2528146489184042,0.0,4.0,98.472,1.28252129060724,95.975,100.0,0.00033,0.0020965437022622485,0.0,0.01,0.01495,0.012528146489184043,0.0,0.04,0.98472,0.012825212906072412,0.95975,1.0,0.015280000000000002,0.0128252129060724,0.0,0.04024999999999977,0.00033,0.0020965437022622485,0.0,0.01,0.0,0.0,0.0,0.0,0.19914130613132436,0.01954786461586235,0.15891332920338214,0.23725613895882483,0.17118479186181274,0.027509307704521226,0.11731843575418995,0.22699386503067484,lambda,
low_r_separation,0.7,min,0.0,0.0,0.0,0.0,1.0,0.0,1.0,1.0,0.7443433747467484,0.011533386557922742,0.7214921839953684,0.7660139027139257,0.0,0.0,0.0,0.0,0.0,0.0,0.0,0.0,100.0,0.0,100.0,100.0,0.0,0.0,0.0,0.0,0.0,0.0,0.0,0.0,1.0,0.0,1.0,1.0,0.0,0.0,0.0,0.0,0.0,0.0,0.0,0.0,0.0,0.0,0.0,0.0,0.9999999999999999,0.0,0.9999999999999999,0.9999999999999999,1.0,0.0,1.0,1.0,lambda,
low_r_separation,0.8,geometric,0.0,0.0,0.0,0.0,1.0,0.0,1.0,1.0,0.828043955361105,0.009572102250997621,0.8099993886882034,0.8462831417092261,0.0,0.0,0.0,0.0,0.444,0.6981055445642524,0.0,2.0,99.556,0.6981055445642523,98.0,100.0,0.0,0.0,0.0,0.0,0.0044399999999999995,0.006981055445642524,0.0,0.02,0.9955600000000002,0.006981055445642531,0.98,1.0,0.0044399999999999995,0.006981055445642524,0.0,0.02,0.0,0.0,0.0,0.0,0.0,0.0,0.0,0.0,0.4514028065054211,0.015445067076002846,0.42179680984153456,0.4805863219349457,0.14045622304788777,0.024673324000790347,0.0989010989010989,0.19047619047619047,lambda,
low_r_separation,0.8,linear,0.10474000000000001,0.0317732897563652,0.05,0.17,0.89526,0.031773289756365196,0.83,0.95,0.8609890935742068,0.007834294848744252,0.8465291608164358,0.8757505248463638,10.474,3.17732897563652,5.0,17.0,4.841,2.161108370579641,1.0,9.0,84.685,3.750445418992368,77.0,92.0,0.10474000000000001,0.0317732897563652,0.05,0.17,0.04841000000000001,0.021611083705796407,0.01,0.09,0.84685,0.03750445418992369,0.77,0.92,0.15315000000000004,0.03750445418992368,0.08,0.23,0.10474000000000001,0.0317732897563652,0.05,0.17,0.0,0.0,0.0,0.0,0.059294585312992115,0.020509233526660026,0.017937624277304803,0.09956770280859246,0.11421256767730045,0.022858256162428398,0.07526881720430108,0.16279069767441862,lambda,
low_r_separation,0.8,min,0.0,0.0,0.0,0.0,1.0,0.0,1.0,1.0,0.7443433747467484,0.011533386557922742,0.7214921839953684,0.7660139027139257,0.0,0.0,0.0,0.0,0.0,0.0,0.0,0.0,100.0,0.0,100.0,100.0,0.0,0.0,0.0,0.0,0.0,0.0,0.0,0.0,1.0,0.0,1.0,1.0,0.0,0.0,0.0,0.0,0.0,0.0,0.0,0.0,0.0,0.0,0.0,0.0,0.9999999999999999,0.0,0.9999999999999999,0.9999999999999999,1.0,0.0,1.0,1.0,lambda,
low_r_separation,0.9,geometric,0.0,0.0,0.0,0.0,1.0,0.0,1.0,1.0,0.8466790864767397,0.008894141260208597,0.8295108344497604,0.8634981672956441,0.0,0.0,0.0,0.0,5.386,2.370785655563283,1.0,10.0,94.614,2.370785655563283,90.0,99.0,0.0,0.0,0.0,0.0,0.053860000000000005,0.023707856555632824,0.01,0.1,0.9461399999999999,0.02370785655563281,0.9,0.99,0.053860000000000005,0.023707856555632824,0.01,0.1,0.0,0.0,0.0,0.0,0.0,0.0,0.0,0.0,0.3884359132610508,0.01586869601834565,0.3588388240200166,0.4183737489574645,0.10094697991002688,0.021566974699430683,0.06382978723404255,0.14942528735632185,lambda,
low_r_separation,0.9,linear,0.26168,0.04238129037409991,0.18,0.34,0.73832,0.042381290374099934,0.6599999999999999,0.8200000000000001,0.8849043031286419,0.007032634642121584,0.8710372296310492,0.8986630634292441,26.168,4.238129037409991,18.0,34.0,7.437,2.6868662509046204,3.0,13.0,66.395,4.5576031800439525,57.0,75.0,0.26168,0.04238129037409991,0.18,0.34,0.07437,0.026868662509046203,0.03,0.13,0.66395,0.045576031800439516,0.57,0.75,0.33605,0.04557603180043952,0.25,0.43,0.26168,0.04238129037409991,0.18,0.34,0.0,0.0,0.0,0.0,-0.05295107086926696,0.02041757580145596,-0.09391287316544329,-0.011994102581558036,0.06983469003733214,0.018461704629927446,0.03626943005181347,0.1111111111111111,lambda,
low_r_separation,0.9,min,0.0,0.0,0.0,0.0,1.0,0.0,1.0,1.0,0.7443433747467484,0.011533386557922742,0.7214921839953684,0.7660139027139257,0.0,0.0,0.0,0.0,0.0,0.0,0.0,0.0,100.0,0.0,100.0,100.0,0.0,0.0,0.0,0.0,0.0,0.0,0.0,0.0,1.0,0.0,1.0,1.0,0.0,0.0,0.0,0.0,0.0,0.0,0.0,0.0,0.0,0.0,0.0,0.0,0.9999999999999999,0.0,0.9999999999999999,0.9999999999999999,1.0,0.0,1.0,1.0,lambda,
low_r_separation,1.0,geometric,0.0,0.0,0.0,0.0,1.0,0.0,1.0,1.0,0.8554630098888729,0.008687758409208095,0.8384942801219557,0.8727291452759357,0.0,0.0,0.0,0.0,15.568,3.6535906619002527,9.0,23.0,84.432,3.653590661900252,77.0,91.0,0.0,0.0,0.0,0.0,0.15568,0.03653590661900252,0.09,0.23,0.84432,0.03653590661900252,0.77,0.91,0.15568,0.03653590661900252,0.09,0.23,0.0,0.0,0.0,0.0,0.0,0.0,0.0,0.0,0.33325213511259383,0.01612888652818723,0.3022091326105087,0.36374311926605496,0.06678193779736441,0.018382637712279215,0.03626943005181347,0.10497237569060773,lambda,
low_r_separation,1.0,linear,0.40007,0.046137010346615694,0.31,0.49,0.5999300000000001,0.046137010346615666,0.51,0.69,0.891042557526683,0.006745991773153342,0.8779145462815704,0.9040538928732318,40.007,4.6137010346615694,31.0,49.0,9.324,2.939330478810381,4.0,15.0,50.669,4.835992744600205,41.0,60.0,0.40007,0.046137010346615694,0.31,0.49,0.09324000000000002,0.02939330478810381,0.04,0.15,0.50669,0.04835992744600206,0.41,0.6,0.49331,0.04835992744600205,0.4,0.59,0.40007,0.046137010346615694,0.31,0.49,0.0,0.0,0.0,0.0,-0.14096943665136136,0.019825039910092938,-0.1796117116977605,-0.10083147116764585,0.038743468116524585,0.013779492697505415,0.015228426395939087,0.06951871657754011,lambda,
low_r_separation,1.0,min,0.0,0.0,0.0,0.0,1.0,0.0,1.0,1.0,0.7443433747467484,0.011533386557922742,0.7214921839953684,0.7660139027139257,0.0,0.0,0.0,0.0,0.0,0.0,0.0,0.0,100.0,0.0,100.0,100.0,0.0,0.0,0.0,0.0,0.0,0.0,0.0,0.0,1.0,0.0,1.0,1.0,0.0,0.0,0.0,0.0,0.0,0.0,0.0,0.0,0.0,0.0,0.0,0.0,0.9999999999999999,0.0,0.9999999999999999,0.9999999999999999,1.0,0.0,1.0,1.0,lambda,
low_veto_frac,0.0,geometric,0.0,0.0,0.0,0.0,1.0,0.0,1.0,1.0,0.4988707925223057,0.021981331213344047,0.45529879270685286,0.5406030396528864,0.0,0.0,0.0,0.0,0.0,0.0,0.0,0.0,100.0,0.0,100.0,100.0,0.0,0.0,0.0,0.0,0.0,0.0,0.0,0.0,1.0,0.0,1.0,1.0,0.0,0.0,0.0,0.0,0.0,0.0,0.0,0.0,0.0,0.0,0.0,0.0,0.9999999999999999,0.0,0.9999999999999999,0.9999999999999999,1.0,0.0,1.0,1.0,lambda,
low_veto_frac,0.0,linear,0.0,0.0,0.0,0.0,1.0,0.0,1.0,1.0,0.4988707925223057,0.021981331213344047,0.45529879270685286,0.5406030396528864,0.0,0.0,0.0,0.0,0.0,0.0,0.0,0.0,100.0,0.0,100.0,100.0,0.0,0.0,0.0,0.0,0.0,0.0,0.0,0.0,1.0,0.0,1.0,1.0,0.0,0.0,0.0,0.0,0.0,0.0,0.0,0.0,0.0,0.0,0.0,0.0,0.9999999999999999,0.0,0.9999999999999999,0.9999999999999999,1.0,0.0,1.0,1.0,lambda,
low_veto_frac,0.0,min,0.0,0.0,0.0,0.0,1.0,0.0,1.0,1.0,0.7565308182384056,0.011255102906560394,0.7348666349037349,0.7783214774163179,0.0,0.0,0.0,0.0,0.0,0.0,0.0,0.0,100.0,0.0,100.0,100.0,0.0,0.0,0.0,0.0,0.0,0.0,0.0,0.0,1.0,0.0,1.0,1.0,0.0,0.0,0.0,0.0,0.0,0.0,0.0,0.0,0.0,0.0,0.0,0.0,0.9999999999999999,0.0,0.9999999999999999,0.9999999999999999,1.0,0.0,1.0,1.0,lambda,
low_veto_frac,0.1,geometric,0.0,0.0,0.0,0.0,1.0,0.0,1.0,1.0,0.5885325788279531,0.019836001049563866,0.5469155892543505,0.6272725309611213,0.0,0.0,0.0,0.0,0.0,0.0,0.0,0.0,100.0,0.0,100.0,100.0,0.0,0.0,0.0,0.0,0.0,0.0,0.0,0.0,1.0,0.0,1.0,1.0,0.0,0.0,0.0,0.0,0.0,0.0,0.0,0.0,0.0,0.0,0.0,0.0,0.9249335286739249,0.003404162258745738,0.917749535898851,0.931093974211028,0.7112333827841,0.04040345854700882,0.6260162601626016,0.7857142857142857,lambda,
low_veto_frac,0.1,linear,0.0,0.0,0.0,0.0,1.0,0.0,1.0,1.0,0.5492690600269848,0.022057394393918156,0.5059497735256349,0.5913498848952201,0.0,0.0,0.0,0.0,0.0,0.0,0.0,0.0,100.0,0.0,100.0,100.0,0.0,0.0,0.0,0.0,0.0,0.0,0.0,0.0,1.0,0.0,1.0,1.0,0.0,0.0,0.0,0.0,0.0,0.0,0.0,0.0,0.0,0.0,0.0,0.0,0.9360411394250074,0.0016485217588349445,0.9326414285116905,0.9390096024875643,0.8252823066713936,0.034846653060584695,0.7695233659369664,0.8867924528301887,lambda,
low_veto_frac,0.1,min,0.0,0.0,0.0,0.0,1.0,0.0,1.0,1.0,0.7565308182384056,0.011255102906560394,0.7348666349037349,0.7783214774163179,0.0,0.0,0.0,0.0,0.0,0.0,0.0,0.0,100.0,0.0,100.0,100.0,0.0,0.0,0.0,0.0,0.0,0.0,0.0,0.0,1.0,0.0,1.0,1.0,0.0,0.0,0.0,0.0,0.0,0.0,0.0,0.0,0.0,0.0,0.0,0.0,0.9999999999999999,0.0,0.9999999999999999,0.9999999999999999,1.0,0.0,1.0,1.0,lambda,
low_veto_frac,0.2,geometric,0.0,0.0,0.0,0.0,1.0,0.0,1.0,1.0,0.6557664628405944,0.017353666618726293,0.6210479602722134,0.6890852678108487,0.0,0.0,0.0,0.0,0.0,0.0,0.0,0.0,100.0,0.0,100.0,100.0,0.0,0.0,0.0,0.0,0.0,0.0,0.0,0.0,1.0,0.0,1.0,1.0,0.0,0.0,0.0,0.0,0.0,0.0,0.0,0.0,0.0,0.0,0.0,0.0,0.8392320184636997,0.0069644796561139175,0.8242336059404947,0.8520256886257588,0.5284215228250939,0.041036901192628275,0.4492753623188406,0.6129032258064516,lambda,
low_veto_frac,0.2,linear,0.0,0.0,0.0,0.0,1.0,0.0,1.0,1.0,0.6094081872245924,0.021057192188508173,0.5675028467995533,0.6500145373869887,0.0,0.0,0.0,0.0,0.0,0.0,0.0,0.0,100.0,0.0,100.0,100.0,0.0,0.0,0.0,0.0,0.0,0.0,0.0,0.0,1.0,0.0,1.0,1.0,0.0,0.0,0.0,0.0,0.0,0.0,0.0,0.0,0.0,0.0,0.0,0.0,0.8568836304421861,0.003532114080322442,0.8495125041431874,0.8636614962905586,0.6535705327596779,0.041076877808489495,0.5748031496062992,0.7391304347826086,lambda,
low_veto_frac,0.2,min,0.0,0.0,0.0,0.0,1.0,0.0,1.0,1.0,0.7565308182384056,0.011255102906560394,0.7348666349037349,0.7783214774163179,0.0,0.0,0.0,0.0,0.0,0.0,0.0,0.0,100.0,0.0,100.0,100.0,0.0,0.0,0.0,0.0,0.0,0.0,0.0,0.0,1.0,0.0,1.0,1.0,0.0,0.0,0.0,0.0,0.0,0.0,0.0,0.0,0.0,0.0,0.0,0.0,0.9999999999999999,0.0,0.9999999999999999,0.9999999999999999,1.0,0.0,1.0,1.0,lambda,
low_veto_frac,0.3,geometric,0.0,0.0,0.0,0.0,1.0,0.0,1.0,1.0,0.7033129314652967,0.015170473725407852,0.6722919511002449,0.7346579711377527,0.0,0.0,0.0,0.0,0.0,0.0,0.0,0.0,100.0,0.0,100.0,100.0,0.0,0.0,0.0,0.0,0.0,0.0,0.0,0.0,1.0,0.0,1.0,1.0,0.0,0.0,0.0,0.0,0.0,0.0,0.0,0.0,0.0,0.0,0.0,0.0,0.7458966474336459,0.010334342305220063,0.72392744970147,0.76510802267824,0.4101296608717712,0.03844874197975619,0.3333333333333333,0.4925373134328358,lambda,
low_veto_frac,0.3,linear,0.0,0.0,0.0,0.0,1.0,0.0,1.0,1.0,0.6735587865946133,0.018208636059542163,0.6372434769803773,0.708957085890596,0.0,0.0,0.0,0.0,0.0,0.0,0.0,0.0,100.0,0.0,100.0,100.0,0.0,0.0,0.0,0.0,0.0,0.0,0.0,0.0,1.0,0.0,1.0,1.0,0.0,0.0,0.0,0.0,0.0,0.0,0.0,0.0,0.0,0.0,0.0,0.0,0.7576265127152856,0.005936089052485172,0.7451569345268687,0.768570848091484,0.4959020725513525,0.03989207539437968,0.41843971631205673,0.5873015873015873,lambda,
low_veto_frac,0.3,min,0.0,0.0,0.0,0.0,1.0,0.0,1.0,1.0,0.7565308182384056,0.011255102906560394,0.7348666349037349,0.7783214774163179,0.0,0.0,0.0,0.0,0.0,0.0,0.0,0.0,100.0,0.0,100.0,100.0,0.0,0.0,0.0,0.0,0.0,0.0,0.0,0.0,1.0,0.0,1.0,1.0,0.0,0.0,0.0,0.0,0.0,0.0,0.0,0.0,0.0,0.0,0.0,0.0,0.9999999999999999,0.0,0.9999999999999999,0.9999999999999999,1.0,0.0,1.0,1.0,lambda,
low_veto_frac,0.4,geometric,0.0,0.0,0.0,0.0,1.0,0.0,1.0,1.0,0.7396620253025425,0.0137214443692694,0.7137316742378502,0.7667837509732669,0.0,0.0,0.0,0.0,0.0,0.0,0.0,0.0,100.0,0.0,100.0,100.0,0.0,0.0,0.0,0.0,0.0,0.0,0.0,0.0,1.0,0.0,1.0,1.0,0.0,0.0,0.0,0.0,0.0,0.0,0.0,0.0,0.0,0.0,0.0,0.0,0.6475880146505444,0.013149571997785593,0.6194257187296172,0.6720410415934975,0.32685124307158675,0.036079381667919144,0.2578616352201258,0.3986013986013986,lambda,
low_veto_frac,0.4,linear,0.0,0.0,0.0,0.0,1.0,0.0,1.0,1.0,0.7273094698495451,0.015260370070065636,0.6970407326488647,0.7564149982087813,0.0,0.0,0.0,0.0,0.0,0.0,0.0,0.0,100.0,0.0,100.0,100.0,0.0,0.0,0.0,0.0,0.0,0.0,0.0,0.0,1.0,0.0,1.0,1.0,0.0,0.0,0.0,0.0,0.0,0.0,0.0,0.0,0.0,0.0,0.0,0.0,0.635479656106611,0.00899306827195149,0.6154992486750903,0.6518646891263947,0.3738532528362648,0.03751103458502592,0.30697733638910113,0.4492753623188406,lambda,
low_veto_frac,0.4,min,0.0,0.0,0.0,0.0,1.0,0.0,1.0,1.0,0.7565308182384056,0.011255102906560394,0.7348666349037349,0.7783214774163179,0.0,0.0,0.0,0.0,0.0,0.0,0.0,0.0,100.0,0.0,100.0,100.0,0.0,0.0,0.0,0.0,0.0,0.0,0.0,0.0,1.0,0.0,1.0,1.0,0.0,0.0,0.0,0.0,0.0,0.0,0.0,0.0,0.0,0.0,0.0,0.0,0.9999999999999999,0.0,0.9999999999999999,0.9999999999999999,1.0,0.0,1.0,1.0,lambda,
low_veto_frac,0.5,geometric,0.0,0.0,0.0,0.0,1.0,0.0,1.0,1.0,0.7691231224215456,0.012468057414191202,0.7451103742239492,0.7924787344202759,0.0,0.0,0.0,0.0,0.0,0.0,0.0,0.0,100.0,0.0,100.0,100.0,0.0,0.0,0.0,0.0,0.0,0.0,0.0,0.0,1.0,0.0,1.0,1.0,0.0,0.0,0.0,0.0,0.0,0.0,0.0,0.0,0.0,0.0,0.0,0.0,0.5469150649741608,0.015320584724629577,0.5144827655411168,0.575116451758567,0.2630329147425088,0.03351749380126585,0.19760479041916168,0.3333333333333333,lambda,
low_veto_frac,0.5,linear,0.0,0.0,0.0,0.0,1.0,0.0,1.0,1.0,0.7696513826541804,0.01319265661354508,0.7437428241502404,0.7938219644039047,0.0,0.0,0.0,0.0,0.0,0.0,0.0,0.0,100.0,0.0,100.0,100.0,0.0,0.0,0.0,0.0,0.0,0.0,0.0,0.0,1.0,0.0,1.0,1.0,0.0,0.0,0.0,0.0,0.0,0.0,0.0,0.0,0.0,0.0,0.0,0.0,0.49229035222913875,0.012617706304468389,0.4657301999173837,0.5154431486116675,0.2822868786776414,0.034050463319475595,0.21951219512195122,0.35135135135135137,lambda,
low_veto_frac,0.5,min,0.0,0.0,0.0,0.0,1.0,0.0,1.0,1.0,0.7565308182384056,0.011255102906560394,0.7348666349037349,0.7783214774163179,0.0,0.0,0.0,0.0,0.0,0.0,0.0,0.0,100.0,0.0,100.0,100.0,0.0,0.0,0.0,0.0,0.0,0.0,0.0,0.0,1.0,0.0,1.0,1.0,0.0,0.0,0.0,0.0,0.0,0.0,0.0,0.0,0.0,0.0,0.0,0.0,0.9999999999999999,0.0,0.9999999999999999,0.9999999999999999,1.0,0.0,1.0,1.0,lambda,
low_veto_frac,0.6,geometric,0.0,0.0,0.0,0.0,1.0,0.0,1.0,1.0,0.7946569153639296,0.011045150641378941,0.7732799932299333,0.8152677737828355,0.0,0.0,0.0,0.0,0.0,0.0,0.0,0.0,100.0,0.0,100.0,100.0,0.0,0.0,0.0,0.0,0.0,0.0,0.0,0.0,1.0,0.0,1.0,1.0,0.0,0.0,0.0,0.0,0.0,0.0,0.0,0.0,0.0,0.0,0.0,0.0,0.44626687271085236,0.016878322704153983,0.41100647232953685,0.47701470071747526,0.21096225453716516,0.03078423769463907,0.15606936416184972,0.27388535031847133,lambda,
low_veto_frac,0.6,linear,0.0,0.0,0.0,0.0,1.0,0.0,1.0,1.0,0.8045381525283278,0.010842748557048705,0.7844378258302498,0.8252399021639236,0.0,0.0,0.0,0.0,0.002,0.04469897088298564,0.0,0.0,99.998,0.04469897088298564,100.0,100.0,0.0,0.0,0.0,0.0,2e-05,0.0004469897088298564,0.0,0.0,0.99998,0.0004469897088298568,1.0,1.0,2e-05,0.0004469897088298564,0.0,0.0,0.0,0.0,0.0,0.0,0.0,0.0,0.0,0.0,0.34130373747148984,0.016087042335769644,0.30706304618485825,0.3706404537259545,0.21138308648031984,0.030559992880178823,0.15606936416184972,0.27388535031847133,lambda,
low_veto_frac,0.6,min,0.0,0.0,0.0,0.0,1.0,0.0,1.0,1.0,0.7565308182384056,0.011255102906560394,0.7348666349037349,0.7783214774163179,0.0,0.0,0.0,0.0,0.0,0.0,0.0,0.0,100.0,0.0,100.0,100.0,0.0,0.0,0.0,0.0,0.0,0.0,0.0,0.0,1.0,0.0,1.0,1.0,0.0,0.0,0.0,0.0,0.0,0.0,0.0,0.0,0.0,0.0,0.0,0.0,0.9999999999999999,0.0,0.9999999999999999,0.9999999999999999,1.0,0.0,1.0,1.0,lambda,
low_veto_frac,0.7,geometric,0.0,0.0,0.0,0.0,1.0,0.0,1.0,1.0,0.8180422516030057,0.00967900490944923,0.7996064784794696,0.8364173921186422,0.0,0.0,0.0,0.0,0.0,0.0,0.0,0.0,100.0,0.0,100.0,100.0,0.0,0.0,0.0,0.0,0.0,0.0,0.0,0.0,1.0,0.0,1.0,1.0,0.0,0.0,0.0,0.0,0.0,0.0,0.0,0.0,0.0,0.0,0.0,0.0,0.34809465455822586,0.01788850133227223,0.3114233104209522,0.38003823190005515,0.16544116603961728,0.027185651092873887,0.11731843575418995,0.21951219512195122,lambda,
low_veto_frac,0.7,linear,0.0,0.0,0.0,0.0,1.0,0.0,1.0,1.0,0.8332481779280945,0.009273517844165096,0.8152579760333243,0.8505549958657781,0.0,0.0,0.0,0.0,0.891,1.001059998761873,0.0,3.0,99.109,1.001059998761873,97.0,100.0,0.0,0.0,0.0,0.0,0.00891,0.01001059998761873,0.0,0.03,0.99109,0.010010599987618739,0.97,1.0,0.00891,0.01001059998761873,0.0,0.03,0.0,0.0,0.0,0.0,0.0,0.0,0.0,0.0,0.20454396012546364,0.018292334520502395,0.1666106339493935,0.2366143448479499,0.15552675646791736,0.026221013476356803,0.10497237569060773,0.20481927710843373,lambda,
low_veto_frac,0.7,min,0.0,0.0,0.0,0.0,1.0,0.0,1.0,1.0,0.7565308182384056,0.011255102906560394,0.7348666349037349,0.7783214774163179,0.0,0.0,0.0,0.0,0.0,0.0,0.0,0.0,100.0,0.0,100.0,100.0,0.0,0.0,0.0,0.0,0.0,0.0,0.0,0.0,1.0,0.0,1.0,1.0,0.0,0.0,0.0,0.0,0.0,0.0,0.0,0.0,0.0,0.0,0.0,0.0,0.9999999999999999,0.0,0.9999999999999999,0.9999999999999999,1.0,0.0,1.0,1.0,lambda,
low_veto_frac,0.8,geometric,0.0,0.0,0.0,0.0,1.0,0.0,1.0,1.0,0.8392860203948456,0.008837819334734154,0.821708264972514,0.8557961248508379,0.0,0.0,0.0,0.0,0.183,0.4423875074035282,0.0,1.0,99.817,0.44238750740352817,99.0,100.0,0.0,0.0,0.0,0.0,0.00183,0.004423875074035282,0.0,0.01,0.9981700000000001,0.004423875074035286,0.99,1.0,0.00183,0.004423875074035282,0.0,0.01,0.0,0.0,0.0,0.0,0.0,0.0,0.0,0.0,0.2549315378054287,0.018537854360254524,0.21803040489689426,0.28699453113240675,0.1259369126368888,0.023970439846046097,0.08108108108108109,0.17647058823529413,lambda,
low_veto_frac,0.8,linear,0.05514000000000001,0.02337363315205248,0.01,0.1,0.9448599999999999,0.02337363315205247,0.9,0.99,0.8635689009117545,0.007906079244865192,0.8464161957020785,0.879277929660644,5.514,2.337363315205248,1.0,10.0,4.581,1.9918349345280615,1.0,9.0,89.905,3.077896757275729,84.0,95.0,0.05514000000000001,0.02337363315205248,0.01,0.1,0.04581000000000001,0.019918349345280615,0.01,0.09,0.8990499999999999,0.030778967572757297,0.84,0.95,0.10095000000000001,0.030778967572757294,0.05,0.16,0.05514000000000001,0.02337363315205248,0.01,0.1,0.0,0.0,0.0,0.0,0.09118806201011406,0.01932074911388459,0.05250606547951553,0.1258658461570475,0.10702875206049552,0.022170916308499,0.06382978723404255,0.14942528735632185,lambda,
low_veto_frac,0.8,min,0.0,0.0,0.0,0.0,1.0,0.0,1.0,1.0,0.7565308182384056,0.011255102906560394,0.7348666349037349,0.7783214774163179,0.0,0.0,0.0,0.0,0.0,0.0,0.0,0.0,100.0,0.0,100.0,100.0,0.0,0.0,0.0,0.0,0.0,0.0,0.0,0.0,1.0,0.0,1.0,1.0,0.0,0.0,0.0,0.0,0.0,0.0,0.0,0.0,0.0,0.0,0.0,0.0,0.9999999999999999,0.0,0.9999999999999999,0.9999999999999999,1.0,0.0,1.0,1.0,lambda,
low_veto_frac,0.9,geometric,0.0,0.0,0.0,0.0,1.0,0.0,1.0,1.0,0.8582073372660259,0.008239066153174579,0.8419868462716931,0.8741902734692465,0.0,0.0,0.0,0.0,4.489,2.08235809005445,1.0,9.0,95.511,2.08235809005445,91.0,99.0,0.0,0.0,0.0,0.0,0.04489,0.020823580900544494,0.01,0.09,0.9551099999999999,0.020823580900544484,0.91,0.99,0.04489,0.020823580900544494,0.01,0.09,0.0,0.0,0.0,0.0,0.0,0.0,0.0,0.0,0.16943405549144547,0.018992566791196003,0.13207556068436102,0.2030626661983844,0.08914607336037682,0.020356650849212347,0.05263157894736842,0.12994350282485875,lambda,
low_veto_frac,0.9,linear,0.15840999999999997,0.03074275552088682,0.1,0.22,0.84159,0.030742755520886803,0.78,0.9,0.8835889297788072,0.007178750985992217,0.8692625186674107,0.8977384792020913,15.841,3.074275552088682,10.0,22.0,8.287,2.650973153138043,3.9750000000000014,14.0,75.872,3.8220706723220363,68.0,83.0,0.15840999999999997,0.03074275552088682,0.1,0.22,0.08287,0.02650973153138043,0.039750000000000014,0.14,0.7587200000000001,0.03822070672322038,0.68,0.83,0.24128000000000002,0.038220706723220366,0.17,0.32,0.15840999999999997,0.03074275552088682,0.1,0.22,0.0,0.0,0.0,0.0,0.00031601537184146734,0.019668661601825378,-0.03889938037311775,0.036446520916310496,0.06868931722500163,0.018158601196657586,0.03626943005181347,0.1111111111111111,lambda,
low_veto_frac,0.9,min,0.0,0.0,0.0,0.0,1.0,0.0,1.0,1.0,0.7565308182384056,0.011255102906560394,0.7348666349037349,0.7783214774163179,0.0,0.0,0.0,0.0,0.0,0.0,0.0,0.0,100.0,0.0,100.0,100.0,0.0,0.0,0.0,0.0,0.0,0.0,0.0,0.0,1.0,0.0,1.0,1.0,0.0,0.0,0.0,0.0,0.0,0.0,0.0,0.0,0.0,0.0,0.0,0.0,0.9999999999999999,0.0,0.9999999999999999,0.9999999999999999,1.0,0.0,1.0,1.0,lambda,
low_veto_frac,1.0,geometric,0.0,0.0,0.0,0.0,1.0,0.0,1.0,1.0,0.8679105036512708,0.007994330100311042,0.852167998066149,0.8836410444272876,0.0,0.0,0.0,0.0,15.563,3.5519920675091106,9.0,23.0,84.437,3.5519920675091106,77.0,91.0,0.0,0.0,0.0,0.0,0.15563,0.03551992067509111,0.09,0.23,0.8443699999999998,0.03551992067509111,0.77,0.91,0.15563,0.03551992067509111,0.09,0.23,0.0,0.0,0.0,0.0,0.0,0.0,0.0,0.0,0.09445146957001654,0.019359489652397425,0.05703466961015503,0.12968932818222864,0.0561543066016975,0.01662736884280866,0.02564102564102564,0.09289617486338798,lambda,
low_veto_frac,1.0,linear,0.23972000000000002,0.0321862945608462,0.18,0.3,0.76028,0.03218629456084622,0.7,0.8200000000000001,0.8885579391243341,0.007036908680324555,0.8742142321942892,0.9028903437586415,23.972,3.21862945608462,18.0,30.0,11.828,3.108066292098043,6.0,18.0,64.2,4.101319400000543,56.0,72.0,0.23972000000000002,0.0321862945608462,0.18,0.3,0.11828,0.03108066292098043,0.06,0.18,0.642,0.041013194000005436,0.56,0.72,0.358,0.041013194000005436,0.28,0.44,0.23972000000000002,0.0321862945608462,0.18,0.3,0.0,0.0,0.0,0.0,-0.07183659043382205,0.019622435248263854,-0.10948538731825627,-0.035406906993557315,0.042588837612554074,0.014274156065788888,0.015228426395939087,0.06951871657754011,lambda,
low_veto_frac,1.0,min,0.0,0.0,0.0,0.0,1.0,0.0,1.0,1.0,0.7565308182384056,0.011255102906560394,0.7348666349037349,0.7783214774163179,0.0,0.0,0.0,0.0,0.0,0.0,0.0,0.0,100.0,0.0,100.0,100.0,0.0,0.0,0.0,0.0,0.0,0.0,0.0,0.0,1.0,0.0,1.0,1.0,0.0,0.0,0.0,0.0,0.0,0.0,0.0,0.0,0.0,0.0,0.0,0.0,0.9999999999999999,0.0,0.9999999999999999,0.9999999999999999,1.0,0.0,1.0,1.0,lambda,
weak_heavy,0.0,geometric,0.0,0.0,0.0,0.0,1.0,0.0,1.0,1.0,0.4994631407757576,0.021608282374229428,0.46006329850590394,0.5411147175704034,0.0,0.0,0.0,0.0,0.0,0.0,0.0,0.0,100.0,0.0,100.0,100.0,0.0,0.0,0.0,0.0,0.0,0.0,0.0,0.0,1.0,0.0,1.0,1.0,0.0,0.0,0.0,0.0,0.0,0.0,0.0,0.0,0.0,0.0,0.0,0.0,0.9999999999999999,0.0,0.9999999999999999,0.9999999999999999,1.0,0.0,1.0,1.0,lambda,
weak_heavy,0.0,linear,0.0,0.0,0.0,0.0,1.0,0.0,1.0,1.0,0.4994631407757576,0.021608282374229428,0.46006329850590394,0.5411147175704034,0.0,0.0,0.0,0.0,0.0,0.0,0.0,0.0,100.0,0.0,100.0,100.0,0.0,0.0,0.0,0.0,0.0,0.0,0.0,0.0,1.0,0.0,1.0,1.0,0.0,0.0,0.0,0.0,0.0,0.0,0.0,0.0,0.0,0.0,0.0,0.0,0.9999999999999999,0.0,0.9999999999999999,0.9999999999999999,1.0,0.0,1.0,1.0,lambda,
weak_heavy,0.0,min,0.0,0.0,0.0,0.0,1.0,0.0,1.0,1.0,0.6676493660234318,0.015350215794238075,0.6376615467242359,0.6978578168909569,0.0,0.0,0.0,0.0,0.0,0.0,0.0,0.0,100.0,0.0,100.0,100.0,0.0,0.0,0.0,0.0,0.0,0.0,0.0,0.0,1.0,0.0,1.0,1.0,0.0,0.0,0.0,0.0,0.0,0.0,0.0,0.0,0.0,0.0,0.0,0.0,0.9999999999999999,0.0,0.9999999999999999,0.9999999999999999,1.0,0.0,1.0,1.0,lambda,
weak_heavy,0.1,geometric,0.0,0.0,0.0,0.0,1.0,0.0,1.0,1.0,0.541273559807124,0.020934544977575395,0.4988763888202241,0.5819139535086191,0.0,0.0,0.0,0.0,0.0,0.0,0.0,0.0,100.0,0.0,100.0,100.0,0.0,0.0,0.0,0.0,0.0,0.0,0.0,0.0,1.0,0.0,1.0,1.0,0.0,0.0,0.0,0.0,0.0,0.0,0.0,0.0,0.0,0.0,0.0,0.0,0.9741359549624685,0.0013072829056157346,0.9715303377814845,0.9765654712260216,0.8560310783069923,0.0339319889091401,0.7857142857142857,0.9230769230769231,lambda,
weak_heavy,0.1,linear,0.0,0.0,0.0,0.0,1.0,0.0,1.0,1.0,0.5285178141929116,0.021625870653976975,0.48484750939166044,0.569360328330361,0.0,0.0,0.0,0.0,0.0,0.0,0.0,0.0,100.0,0.0,100.0,100.0,0.0,0.0,0.0,0.0,0.0,0.0,0.0,0.0,1.0,0.0,1.0,1.0,0.0,0.0,0.0,0.0,0.0,0.0,0.0,0.0,0.0,0.0,0.0,0.0,0.8504085642778655,0.007677540346294542,0.8352981729849612,0.8648524344742742,0.8950978325413402,0.029391985362868803,0.8348623853211009,0.941747572815534,lambda,
weak_heavy,0.1,min,0.0,0.0,0.0,0.0,1.0,0.0,1.0,1.0,0.6676493660234318,0.015350215794238075,0.6376615467242359,0.6978578168909569,0.0,0.0,0.0,0.0,0.0,0.0,0.0,0.0,100.0,0.0,100.0,100.0,0.0,0.0,0.0,0.0,0.0,0.0,0.0,0.0,1.0,0.0,1.0,1.0,0.0,0.0,0.0,0.0,0.0,0.0,0.0,0.0,0.0,0.0,0.0,0.0,0.9999999999999999,0.0,0.9999999999999999,0.9999999999999999,1.0,0.0,1.0,1.0,lambda,
weak_heavy,0.2,geometric,0.0,0.0,0.0,0.0,1.0,0.0,1.0,1.0,0.5854939568691404,0.019664518685912662,0.5472705264976113,0.6249351400187017,0.0,0.0,0.0,0.0,0.0,0.0,0.0,0.0,100.0,0.0,100.0,100.0,0.0,0.0,0.0,0.0,0.0,0.0,0.0,0.0,1.0,0.0,1.0,1.0,0.0,0.0,0.0,0.0,0.0,0.0,0.0,0.0,0.0,0.0,0.0,0.0,0.9427263219349457,0.0027864592705393234,0.9373954336947454,0.948194432860717,0.7224918170060649,0.04012968568571583,0.639344262295082,0.8018018018018018,lambda,
weak_heavy,0.2,linear,0.0,0.0,0.0,0.0,1.0,0.0,1.0,1.0,0.5635597847207443,0.021316844115938528,0.5193848738568294,0.6046873314477229,0.0,0.0,0.0,0.0,0.0,0.0,0.0,0.0,100.0,0.0,100.0,100.0,0.0,0.0,0.0,0.0,0.0,0.0,0.0,0.0,1.0,0.0,1.0,1.0,0.0,0.0,0.0,0.0,0.0,0.0,0.0,0.0,0.0,0.0,0.0,0.0,0.7272452039455742,0.011076640569054403,0.7050770131860119,0.7487942452571303,0.7843125755960789,0.037601264366006686,0.7094017094017094,0.8518518518518519,lambda,
weak_heavy,0.2,min,0.0,0.0,0.0,0.0,1.0,0.0,1.0,1.0,0.6676493660234318,0.015350215794238075,0.6376615467242359,0.6978578168909569,0.0,0.0,0.0,0.0,0.0,0.0,0.0,0.0,100.0,0.0,100.0,100.0,0.0,0.0,0.0,0.0,0.0,0.0,0.0,0.0,1.0,0.0,1.0,1.0,0.0,0.0,0.0,0.0,0.0,0.0,0.0,0.0,0.0,0.0,0.0,0.0,0.9999999999999999,0.0,0.9999999999999999,0.9999999999999999,1.0,0.0,1.0,1.0,lambda,
weak_heavy,0.3,geometric,0.0,0.0,0.0,0.0,1.0,0.0,1.0,1.0,0.6273418438550264,0.01858305572874562,0.5911026663968713,0.6633855565344015,0.0,0.0,0.0,0.0,0.0,0.0,0.0,0.0,100.0,0.0,100.0,100.0,0.0,0.0,0.0,0.0,0.0,0.0,0.0,0.0,1.0,0.0,1.0,1.0,0.0,0.0,0.0,0.0,0.0,0.0,0.0,0.0,0.0,0.0,0.0,0.0,0.9046815054211842,0.004517734267277834,0.8956231234361967,0.9135154295246037,0.6052139278048149,0.04271877970778726,0.5267175572519084,0.6949152542372882,lambda,
weak_heavy,0.3,linear,0.0,0.0,0.0,0.0,1.0,0.0,1.0,1.0,0.6066394697920341,0.020189139849440423,0.5652107655568751,0.6459815578362029,0.0,0.0,0.0,0.0,0.0,0.0,0.0,0.0,100.0,0.0,100.0,100.0,0.0,0.0,0.0,0.0,0.0,0.0,0.0,0.0,1.0,0.0,1.0,1.0,0.0,0.0,0.0,0.0,0.0,0.0,0.0,0.0,0.0,0.0,0.0,0.0,0.5950290206571448,0.013729396251895936,0.5687537860205334,0.6208674006773209,0.6630753000150419,0.04178313222331222,0.5873015873015873,0.7391304347826086,lambda,
weak_heavy,0.3,min,0.0,0.0,0.0,0.0,1.0,0.0,1.0,1.0,0.6676493660234318,0.015350215794238075,0.6376615467242359,0.6978578168909569,0.0,0.0,0.0,0.0,0.0,0.0,0.0,0.0,100.0,0.0,100.0,100.0,0.0,0.0,0.0,0.0,0.0,0.0,0.0,0.0,1.0,0.0,1.0,1.0,0.0,0.0,0.0,0.0,0.0,0.0,0.0,0.0,0.0,0.0,0.0,0.0,0.9999999999999999,0.0,0.9999999999999999,0.9999999999999999,1.0,0.0,1.0,1.0,lambda,
weak_heavy,0.4,geometric,0.0,0.0,0.0,0.0,1.0,0.0,1.0,1.0,0.6652489332415102,0.017326664340742398,0.6285434812528634,0.6978683151381185,0.0,0.0,0.0,0.0,0.0,0.0,0.0,0.0,100.0,0.0,100.0,100.0,0.0,0.0,0.0,0.0,0.0,0.0,0.0,0.0,1.0,0.0,1.0,1.0,0.0,0.0,0.0,0.0,0.0,0.0,0.0,0.0,0.0,0.0,0.0,0.0,0.858717981651376,0.0064223896335717685,0.846202460383653,0.8714932235195996,0.5051429264163882,0.04216107543470524,0.42857142857142855,0.5873015873015873,lambda,
weak_heavy,0.4,linear,0.0,0.0,0.0,0.0,1.0,0.0,1.0,1.0,0.6588733868101984,0.018948571391418177,0.6213194326410474,0.6962709948635356,0.0,0.0,0.0,0.0,0.0,0.0,0.0,0.0,100.0,0.0,100.0,100.0,0.0,0.0,0.0,0.0,0.0,0.0,0.0,0.0,1.0,0.0,1.0,1.0,0.0,0.0,0.0,0.0,0.0,0.0,0.0,0.0,0.0,0.0,0.0,0.0,0.4510092429382713,0.015740751092489645,0.41940825899487155,0.47996657589085934,0.5342917449662239,0.04251323395477256,0.45985401459854014,0.6260162601626016,lambda,
weak_heavy,0.4,min,0.0,0.0,0.0,0.0,1.0,0.0,1.0,1.0,0.6676493660234318,0.015350215794238075,0.6376615467242359,0.6978578168909569,0.0,0.0,0.0,0.0,0.0,0.0,0.0,0.0,100.0,0.0,100.0,100.0,0.0,0.0,0.0,0.0,0.0,0.0,0.0,0.0,1.0,0.0,1.0,1.0,0.0,0.0,0.0,0.0,0.0,0.0,0.0,0.0,0.0,0.0,0.0,0.0,0.9999999999999999,0.0,0.9999999999999999,0.9999999999999999,1.0,0.0,1.0,1.0,lambda,
weak_heavy,0.5,geometric,0.0,0.0,0.0,0.0,1.0,0.0,1.0,1.0,0.6995453794879931,0.015949265800345457,0.6682174001192637,0.7302398366721486,0.0,0.0,0.0,0.0,0.0,0.0,0.0,0.0,100.0,0.0,100.0,100.0,0.0,0.0,0.0,0.0,0.0,0.0,0.0,0.0,1.0,0.0,1.0,1.0,0.0,0.0,0.0,0.0,0.0,0.0,0.0,0.0,0.0,0.0,0.0,0.0,0.803258678065054,0.008446681286389443,0.786732381150959,0.8201204128440367,0.4190484400420826,0.03997774626893232,0.3422818791946309,0.5037593984962406,lambda,
weak_heavy,0.5,linear,0.0,0.0,0.0,0.0,1.0,0.0,1.0,1.0,0.7148298971022143,0.016211905711959122,0.6835380881944279,0.74604502275887,0.0,0.0,0.0,0.0,0.668,0.9146653008683628,0.0,3.0,99.332,0.9146653008683627,97.0,100.0,0.0,0.0,0.0,0.0,0.006679999999999999,0.009146653008683628,0.0,0.03,0.9933200000000001,0.009146653008683637,0.97,1.0,0.006679999999999999,0.009146653008683628,0.0,0.03,0.0,0.0,0.0,0.0,0.0,0.0,0.0,0.0,0.29661043633076395,0.017317342762923876,0.262364277233274,0.3289234251815221,0.40914181979131625,0.039793394937763286,0.3333333333333333,0.4925373134328358,lambda,
weak_heavy,0.5,min,0.0,0.0,0.0,0.0,1.0,0.0,1.0,1.0,0.6676493660234318,0.015350215794238075,0.6376615467242359,0.6978578168909569,0.0,0.0,0.0,0.0,0.0,0.0,0.0,0.0,100.0,0.0,100.0,100.0,0.0,0.0,0.0,0.0,0.0,0.0,0.0,0.0,1.0,0.0,1.0,1.0,0.0,0.0,0.0,0.0,0.0,0.0,0.0,0.0,0.0,0.0,0.0,0.0,0.9999999999999999,0.0,0.9999999999999999,0.9999999999999999,1.0,0.0,1.0,1.0,lambda,
weak_heavy,0.6,geometric,0.0,0.0,0.0,0.0,1.0,0.0,1.0,1.0,0.7320824385806949,0.014391782270577233,0.7035530490266799,0.7607524056901351,0.0,0.0,0.0,0.0,0.013,0.12184353017639404,0.0,0.0,99.987,0.12184353017639403,100.0,100.0,0.0,0.0,0.0,0.0,0.00013000000000000002,0.0012184353017639408,0.0,0.0,0.9998700000000001,0.0012184353017639414,1.0,1.0,0.00013000000000000002,0.0012184353017639408,0.0,0.0,0.0,0.0,0.0,0.0,0.0,0.0,0.0,0.0,0.7364662510425353,0.01040853625910001,0.7160277314428689,0.7574146163469557,0.34157105052786507,0.037005923198372814,0.27388535031847133,0.41843971631205673,lambda,
weak_heavy,0.6,linear,0.00183,0.0070142925730468575,0.0,0.02,0.9981700000000001,0.0070142925730468635,0.98,1.0,0.7684073103618788,0.012748433083638998,0.7432857532035622,0.7937621070764059,0.183,0.7014292573046857,0.0,2.0,7.069,2.902871968528007,2.0,13.0,92.748,3.1058239071367426,86.0,98.0,0.00183,0.0070142925730468575,0.0,0.02,0.07069,0.02902871968528007,0.02,0.13,0.92748,0.03105823907136741,0.86,0.98,0.07252000000000002,0.031058239071367427,0.02,0.14,0.00183,0.0070142925730468575,0.0,0.02,0.0,0.0,0.0,0.0,0.14347560239374144,0.018377362552673502,0.1062524663775339,0.17796710683053873,0.29946472287885195,0.03538025367765044,0.2345679012345679,0.3698630136986301,lambda,
weak_heavy,0.6,min,0.0,0.0,0.0,0.0,1.0,0.0,1.0,1.0,0.6676493660234318,0.015350215794238075,0.6376615467242359,0.6978578168909569,0.0,0.0,0.0,0.0,0.0,0.0,0.0,0.0,100.0,0.0,100.0,100.0,0.0,0.0,0.0,0.0,0.0,0.0,0.0,0.0,1.0,0.0,1.0,1.0,0.0,0.0,0.0,0.0,0.0,0.0,0.0,0.0,0.0,0.0,0.0,0.0,0.9999999999999999,0.0,0.9999999999999999,0.9999999999999999,1.0,0.0,1.0,1.0,lambda,
weak_heavy,0.7,geometric,0.0,0.0,0.0,0.0,1.0,0.0,1.0,1.0,0.7634918477998915,0.012410673061107462,0.7394976019320888,0.7871737382116879,0.0,0.0,0.0,0.0,1.806,1.497533507674071,0.0,5.0,98.194,1.497533507674071,95.0,100.0,0.0,0.0,0.0,0.0,0.018060000000000003,0.014975335076740709,0.0,0.05,0.98194,0.014975335076740719,0.95,1.0,0.018060000000000003,0.014975335076740709,0.0,0.05,0.0,0.0,0.0,0.0,0.0,0.0,0.0,0.0,0.65634077147623,0.012205769995691606,0.6318571726438699,0.6811254170141784,0.2715648716386275,0.03346825846870723,0.21212121212121213,0.3422818791946309,lambda,
weak_heavy,0.7,linear,0.18043,0.044608351292162826,0.09,0.27,0.8195699999999999,0.04460835129216282,0.73,0.91,0.8484642054014466,0.009922617524509953,0.8281902380060577,0.86772917918865,18.043,4.4608351292162824,9.0,27.0,13.323,3.404153236747615,7.0,20.0,68.634,5.46130660830079,58.0,79.0,0.18043,0.044608351292162826,0.09,0.27,0.13323,0.034041532367476146,0.07,0.2,0.68634,0.054613066083007894,0.58,0.79,0.31366,0.054613066083007894,0.21,0.42,0.18043,0.044608351292162826,0.09,0.27,0.0,0.0,0.0,0.0,0.01066826440963904,0.01861872807729221,-0.02575304730772893,0.04612013881605845,0.1844784707099104,0.028913813542707934,0.12994350282485875,0.2422360248447205,lambda,
weak_heavy,0.7,min,0.0,0.0,0.0,0.0,1.0,0.0,1.0,1.0,0.6676493660234318,0.015350215794238075,0.6376615467242359,0.6978578168909569,0.0,0.0,0.0,0.0,0.0,0.0,0.0,0.0,100.0,0.0,100.0,100.0,0.0,0.0,0.0,0.0,0.0,0.0,0.0,0.0,1.0,0.0,1.0,1.0,0.0,0.0,0.0,0.0,0.0,0.0,0.0,0.0,0.0,0.0,0.0,0.0,0.9999999999999999,0.0,0.9999999999999999,0.9999999999999999,1.0,0.0,1.0,1.0,lambda,
weak_heavy,0.8,geometric,0.0,0.0,0.0,0.0,1.0,0.0,1.0,1.0,0.7949080799064241,0.010930826350143467,0.7740990052796635,0.8163080047345043,0.0,0.0,0.0,0.0,9.562,3.2549578723465453,4.0,16.0,90.438,3.2549578723465458,84.0,96.0,0.0,0.0,0.0,0.0,0.09562000000000002,0.03254957872346546,0.04,0.16,0.90438,0.03254957872346546,0.84,0.96,0.09562000000000002,0.03254957872346546,0.04,0.16,0.0,0.0,0.0,0.0,0.0,0.0,0.0,0.0,0.5610743536280233,0.013634328998923738,0.5336507506255211,0.5873454962468723,0.20574170843758188,0.030090210195749482,0.14942528735632185,0.26582278481012656,lambda,
weak_heavy,0.8,linear,0.38843999999999995,0.04701677335778134,0.3,0.48,0.61156,0.04701677335778131,0.52,0.7,0.8978442117880212,0.006682624720405595,0.8842095043842966,0.9101840086055015,38.844,4.701677335778133,30.0,48.0,16.341,3.6638972615431156,9.0,23.024999999999977,44.815,5.063834260460883,35.0,54.02499999999998,0.38843999999999995,0.04701677335778134,0.3,0.48,0.16341,0.03663897261543116,0.09,0.2302499999999998,0.44815,0.05063834260460884,0.35,0.5402499999999998,0.5518500000000002,0.050638342604608824,0.45975000000000005,0.65,0.38843999999999995,0.04701677335778134,0.3,0.48,0.0,0.0,0.0,0.0,-0.0960725798411059,0.018185546414732943,-0.13284135175120532,-0.06095590694153269,0.10090261929007056,0.021635669889545652,0.06382978723404255,0.14285714285714285,lambda,
weak_heavy,0.8,min,0.0,0.0,0.0,0.0,1.0,0.0,1.0,1.0,0.6676493660234318,0.015350215794238075,0.6376615467242359,0.6978578168909569,0.0,0.0,0.0,0.0,0.0,0.0,0.0,0.0,100.0,0.0,100.0,100.0,0.0,0.0,0.0,0.0,0.0,0.0,0.0,0.0,1.0,0.0,1.0,1.0,0.0,0.0,0.0,0.0,0.0,0.0,0.0,0.0,0.0,0.0,0.0,0.0,0.9999999999999999,0.0,0.9999999999999999,0.9999999999999999,1.0,0.0,1.0,1.0,lambda,
weak_heavy,0.9,geometric,0.0,0.0,0.0,0.0,1.0,0.0,1.0,1.0,0.8286783688063397,0.009528381675911388,0.8097088038022626,0.846663372222093,0.0,0.0,0.0,0.0,25.635,4.493101708504155,17.0,35.0,74.365,4.493101708504156,65.0,83.0,0.0,0.0,0.0,0.0,0.25635,0.044931017085041554,0.17,0.35,0.7436499999999999,0.04493101708504157,0.65,0.83,0.25635,0.044931017085041554,0.17,0.35,0.0,0.0,0.0,0.0,0.0,0.0,0.0,0.0,0.4507523269391158,0.014632132091373661,0.42114209758131765,0.4779170141784819,0.13782561919969094,0.02446808083786454,0.08695652173913043,0.1834319526627219,lambda,
weak_heavy,0.9,linear,0.53846,0.046209996361867026,0.45,0.6202499999999997,0.46153999999999995,0.046209996361867026,0.37975000000000003,0.55,0.9161985541091965,0.005320913818144624,0.9056210635392233,0.9256356688554492,53.846,4.620999636186703,45.0,62.02499999999998,18.091,3.739345089945792,11.0,25.0,28.063,4.354766927746535,20.0,37.0,0.53846,0.046209996361867026,0.45,0.6202499999999997,0.18091,0.03739345089945791,0.11,0.25,0.28063,0.04354766927746535,0.2,0.37,0.7193700000000001,0.04354766927746535,0.63,0.8,0.53846,0.046209996361867026,0.45,0.6202499999999997,0.0,0.0,0.0,0.0,-0.1795359203291606,0.01748811115028839,-0.21438541516986484,-0.14568600282176816,0.05133606846961686,0.015820828505765376,0.02040816326530612,0.08695652173913043,lambda,
weak_heavy,0.9,min,0.0,0.0,0.0,0.0,1.0,0.0,1.0,1.0,0.6676493660234318,0.015350215794238075,0.6376615467242359,0.6978578168909569,0.0,0.0,0.0,0.0,0.0,0.0,0.0,0.0,100.0,0.0,100.0,100.0,0.0,0.0,0.0,0.0,0.0,0.0,0.0,0.0,1.0,0.0,1.0,1.0,0.0,0.0,0.0,0.0,0.0,0.0,0.0,0.0,0.0,0.0,0.0,0.0,0.9999999999999999,0.0,0.9999999999999999,0.9999999999999999,1.0,0.0,1.0,1.0,lambda,
weak_heavy,1.0,geometric,0.0,0.0,0.0,0.0,1.0,0.0,1.0,1.0,0.8554630098888729,0.008687758409208095,0.8384942801219557,0.8727291452759357,0.0,0.0,0.0,0.0,53.075,4.93068825689545,43.0,62.0,46.925,4.93068825689545,38.0,57.0,0.0,0.0,0.0,0.0,0.53075,0.04930688256895449,0.43,0.62,0.46925,0.0493068825689545,0.38,0.57,0.53075,0.04930688256895449,0.43,0.62,0.0,0.0,0.0,0.0,0.0,0.0,0.0,0.0,0.33319805254378637,0.015374750475833063,0.30351782735613003,0.3637572977481234,0.06693318496185142,0.017790140354685256,0.03626943005181347,0.10497237569060773,lambda,
weak_heavy,1.0,linear,0.6422800000000001,0.04478847628137853,0.55,0.73,0.35772,0.04478847628137853,0.27,0.44999999999999996,0.9200100695324064,0.005057668069500447,0.9096732737727217,0.9290526971757909,64.228,4.478847628137854,55.0,73.0,18.99,3.731732282174838,12.0,26.0,16.782,3.6446892542108116,10.0,24.0,0.6422800000000001,0.04478847628137853,0.55,0.73,0.1899,0.03731732282174838,0.12,0.26,0.16782,0.03644689254210811,0.1,0.24,0.8321799999999999,0.0364468925421081,0.76,0.9,0.6422800000000001,0.04478847628137853,0.55,0.73,0.0,0.0,0.0,0.0,-0.24414923889438608,0.01677484685740929,-0.2768772332971034,-0.21214810284009136,0.022902210499079884,0.010864836456011242,0.005025125628140704,0.04712041884816754,lambda,
weak_heavy,1.0,min,0.0,0.0,0.0,0.0,1.0,0.0,1.0,1.0,0.6676493660234318,0.015350215794238075,0.6376615467242359,0.6978578168909569,0.0,0.0,0.0,0.0,0.0,0.0,0.0,0.0,100.0,0.0,100.0,100.0,0.0,0.0,0.0,0.0,0.0,0.0,0.0,0.0,1.0,0.0,1.0,1.0,0.0,0.0,0.0,0.0,0.0,0.0,0.0,0.0,0.0,0.0,0.0,0.0,0.9999999999999999,0.0,0.9999999999999999,0.9999999999999999,1.0,0.0,1.0,1.0,lambda,
weak_sparse,0.0,geometric,0.0,0.0,0.0,0.0,1.0,0.0,1.0,1.0,0.4992023115293219,0.022276170038495347,0.4558427610633769,0.5420910424309708,0.0,0.0,0.0,0.0,0.0,0.0,0.0,0.0,100.0,0.0,100.0,100.0,0.0,0.0,0.0,0.0,0.0,0.0,0.0,0.0,1.0,0.0,1.0,1.0,0.0,0.0,0.0,0.0,0.0,0.0,0.0,0.0,0.0,0.0,0.0,0.0,0.9999999999999999,0.0,0.9999999999999999,0.9999999999999999,1.0,0.0,1.0,1.0,lambda,
weak_sparse,0.0,linear,0.0,0.0,0.0,0.0,1.0,0.0,1.0,1.0,0.4992023115293219,0.022276170038495347,0.4558427610633769,0.5420910424309708,0.0,0.0,0.0,0.0,0.0,0.0,0.0,0.0,100.0,0.0,100.0,100.0,0.0,0.0,0.0,0.0,0.0,0.0,0.0,0.0,1.0,0.0,1.0,1.0,0.0,0.0,0.0,0.0,0.0,0.0,0.0,0.0,0.0,0.0,0.0,0.0,0.9999999999999999,0.0,0.9999999999999999,0.9999999999999999,1.0,0.0,1.0,1.0,lambda,
weak_sparse,0.0,min,0.0,0.0,0.0,0.0,1.0,0.0,1.0,1.0,0.5925062861314438,0.016865985847353184,0.5608215013023353,0.6248452430719053,0.0,0.0,0.0,0.0,0.0,0.0,0.0,0.0,100.0,0.0,100.0,100.0,0.0,0.0,0.0,0.0,0.0,0.0,0.0,0.0,1.0,0.0,1.0,1.0,0.0,0.0,0.0,0.0,0.0,0.0,0.0,0.0,0.0,0.0,0.0,0.0,0.9999999999999999,0.0,0.9999999999999999,0.9999999999999999,1.0,0.0,1.0,1.0,lambda,
weak_sparse,0.1,geometric,0.0,0.0,0.0,0.0,1.0,0.0,1.0,1.0,0.5450154731087036,0.020891893164920038,0.5059179018328875,0.5858983506689859,0.0,0.0,0.0,0.0,0.0,0.0,0.0,0.0,100.0,0.0,100.0,100.0,0.0,0.0,0.0,0.0,0.0,0.0,0.0,0.0,1.0,0.0,1.0,1.0,0.0,0.0,0.0,0.0,0.0,0.0,0.0,0.0,0.0,0.0,0.0,0.0,0.9605640408673893,0.0019332671961777644,0.9567759591326104,0.9644913469557963,0.8429605237781905,0.03488670270431885,0.7699115044247787,0.9047619047619048,lambda,
weak_sparse,0.1,linear,0.0,0.0,0.0,0.0,1.0,0.0,1.0,1.0,0.5549479679238605,0.02167682337547631,0.5141808458855107,0.5968650544817191,0.0,0.0,0.0,0.0,0.0,0.0,0.0,0.0,100.0,0.0,100.0,100.0,0.0,0.0,0.0,0.0,0.0,0.0,0.0,0.0,1.0,0.0,1.0,1.0,0.0,0.0,0.0,0.0,0.0,0.0,0.0,0.0,0.0,0.0,0.0,0.0,0.8538191390888015,0.004830500568230851,0.844072838185906,0.8630205781801553,0.8089179732834171,0.037538711155384756,0.7391304347826086,0.8867924528301887,lambda,
weak_sparse,0.1,min,0.0,0.0,0.0,0.0,1.0,0.0,1.0,1.0,0.5925062861314438,0.016865985847353184,0.5608215013023353,0.6248452430719053,0.0,0.0,0.0,0.0,0.0,0.0,0.0,0.0,100.0,0.0,100.0,100.0,0.0,0.0,0.0,0.0,0.0,0.0,0.0,0.0,1.0,0.0,1.0,1.0,0.0,0.0,0.0,0.0,0.0,0.0,0.0,0.0,0.0,0.0,0.0,0.0,0.9999999999999999,0.0,0.9999999999999999,0.9999999999999999,1.0,0.0,1.0,1.0,lambda,
weak_sparse,0.2,geometric,0.0,0.0,0.0,0.0,1.0,0.0,1.0,1.0,0.5918353689600326,0.020411137581446602,0.5504555325262542,0.6320356840093183,0.0,0.0,0.0,0.0,0.0,0.0,0.0,0.0,100.0,0.0,100.0,100.0,0.0,0.0,0.0,0.0,0.0,0.0,0.0,0.0,1.0,0.0,1.0,1.0,0.0,0.0,0.0,0.0,0.0,0.0,0.0,0.0,0.0,0.0,0.0,0.0,0.9130164053377814,0.004103958324951655,0.9047300875729773,0.9211890116763969,0.7037250325849639,0.04286062932983111,0.6260162601626016,0.7857142857142857,lambda,
weak_sparse,0.2,linear,0.0,0.0,0.0,0.0,1.0,0.0,1.0,1.0,0.6187439457020227,0.02070060631416634,0.5809560551010553,0.660290112718153,0.0,0.0,0.0,0.0,0.253,0.5977862062212111,0.0,2.0,99.747,0.5977862062212111,98.0,100.0,0.0,0.0,0.0,0.0,0.00253,0.005977862062212111,0.0,0.02,0.9974700000000001,0.005977862062212116,0.98,1.0,0.00253,0.005977862062212111,0.0,0.02,0.0,0.0,0.0,0.0,0.0,0.0,0.0,0.0,0.666705753167164,0.009965265896240548,0.6483450407776729,0.6855966332900486,0.6299936554521425,0.04169098875094899,0.5503875968992248,0.7094017094017094,lambda,
weak_sparse,0.2,min,0.0,0.0,0.0,0.0,1.0,0.0,1.0,1.0,0.5925062861314438,0.016865985847353184,0.5608215013023353,0.6248452430719053,0.0,0.0,0.0,0.0,0.0,0.0,0.0,0.0,100.0,0.0,100.0,100.0,0.0,0.0,0.0,0.0,0.0,0.0,0.0,0.0,1.0,0.0,1.0,1.0,0.0,0.0,0.0,0.0,0.0,0.0,0.0,0.0,0.0,0.0,0.0,0.0,0.9999999999999999,0.0,0.9999999999999999,0.9999999999999999,1.0,0.0,1.0,1.0,lambda,
weak_sparse,0.3,geometric,0.0,0.0,0.0,0.0,1.0,0.0,1.0,1.0,0.6365762965585177,0.01838029590430284,0.6010709151717959,0.6717599591301288,0.0,0.0,0.0,0.0,0.01,0.1338578272568247,0.0,0.0,99.99,0.13385782725682469,100.0,100.0,0.0,0.0,0.0,0.0,0.0001,0.0013385782725682468,0.0,0.0,0.9999000000000001,0.0013385782725682481,1.0,1.0,0.0001,0.0013385782725682468,0.0,0.0,0.0,0.0,0.0,0.0,0.0,0.0,0.0,0.0,0.8568288865721432,0.006453753416379828,0.8440021893244369,0.8693414303586321,0.58180332355872,0.04202218439932601,0.5037593984962406,0.6666666666666666,lambda,
weak_sparse,0.3,linear,0.0,0.0,0.0,0.0,1.0,0.0,1.0,1.0,0.68674817993531,0.017935081334097266,0.6525643121322489,0.7221021911171293,0.0,0.0,0.0,0.0,6.159,2.942852252387024,1.0,13.0,93.841,2.942852252387024,87.0,99.0,0.0,0.0,0.0,0.0,0.06159000000000001,0.02942852252387024,0.01,0.13,0.93841,0.02942852252387022,0.87,0.99,0.06159000000000001,0.02942852252387024,0.01,0.13,0.0,0.0,0.0,0.0,0.0,0.0,0.0,0.0,0.456096017336184,0.014608222060518707,0.4286467111451415,0.48403942212051726,0.4687863085973819,0.04045978069138345,0.3888888888888889,0.5503875968992248,lambda,
weak_sparse,0.3,min,0.0,0.0,0.0,0.0,1.0,0.0,1.0,1.0,0.5925062861314438,0.016865985847353184,0.5608215013023353,0.6248452430719053,0.0,0.0,0.0,0.0,0.0,0.0,0.0,0.0,100.0,0.0,100.0,100.0,0.0,0.0,0.0,0.0,0.0,0.0,0.0,0.0,1.0,0.0,1.0,1.0,0.0,0.0,0.0,0.0,0.0,0.0,0.0,0.0,0.0,0.0,0.0,0.0,0.9999999999999999,0.0,0.9999999999999999,0.9999999999999999,1.0,0.0,1.0,1.0,lambda,
weak_sparse,0.4,geometric,0.0,0.0,0.0,0.0,1.0,0.0,1.0,1.0,0.6777794598607386,0.016465787825999414,0.645639370205566,0.7102157781107936,0.0,0.0,0.0,0.0,1.216,1.4175166148420812,0.0,5.0,98.784,1.4175166148420815,95.0,100.0,0.0,0.0,0.0,0.0,0.01216,0.014175166148420812,0.0,0.05,0.98784,0.014175166148420822,0.95,1.0,0.01216,0.014175166148420812,0.0,0.05,0.0,0.0,0.0,0.0,0.0,0.0,0.0,0.0,0.7922481442869056,0.008801863453755426,0.7746873436196829,0.8094213928273559,0.4778820470782916,0.040627976944239245,0.3986013986013986,0.5506904069767439,lambda,
weak_sparse,0.4,linear,0.0,0.0,0.0,0.0,1.0,0.0,1.0,1.0,0.7491374312349413,0.014734130040126078,0.7211989280282565,0.7793026365459862,0.0,0.0,0.0,0.0,18.471,4.4399180028320195,10.0,27.0,81.529,4.4399180028320195,73.0,90.0,0.0,0.0,0.0,0.0,0.18470999999999999,0.0443991800283202,0.1,0.27,0.8152900000000001,0.04439918002832019,0.73,0.9,0.18470999999999999,0.0443991800283202,0.1,0.27,0.0,0.0,0.0,0.0,0.0,0.0,0.0,0.0,0.26071034759232226,0.017546615820577885,0.2247591237888245,0.29579565460094376,0.33910073267054985,0.03701814901447215,0.27388535031847133,0.4084507042253521,lambda,
weak_sparse,0.4,min,0.0,0.0,0.0,0.0,1.0,0.0,1.0,1.0,0.5925062861314438,0.016865985847353184,0.5608215013023353,0.6248452430719053,0.0,0.0,0.0,0.0,0.0,0.0,0.0,0.0,100.0,0.0,100.0,100.0,0.0,0.0,0.0,0.0,0.0,0.0,0.0,0.0,1.0,0.0,1.0,1.0,0.0,0.0,0.0,0.0,0.0,0.0,0.0,0.0,0.0,0.0,0.0,0.0,0.9999999999999999,0.0,0.9999999999999999,0.9999999999999999,1.0,0.0,1.0,1.0,lambda,
weak_sparse,0.5,geometric,0.0,0.0,0.0,0.0,1.0,0.0,1.0,1.0,0.7158354563284952,0.014510939171488251,0.6884698835400097,0.7461697355336847,0.0,0.0,0.0,0.0,6.549,3.0700201992859957,1.0,13.0,93.451,3.0700201992859952,87.0,99.0,0.0,0.0,0.0,0.0,0.06549,0.030700201992859957,0.01,0.13,0.9345099999999998,0.030700201992859937,0.87,0.99,0.06549,0.030700201992859957,0.01,0.13,0.0,0.0,0.0,0.0,0.0,0.0,0.0,0.0,0.7203315346121767,0.011009153748653897,0.6983474770642201,0.7409593411175979,0.3878563717567726,0.03858588517184917,0.3157894736842105,0.47058823529411764,lambda,
weak_sparse,0.5,linear,0.0032400000000000003,0.009065571387650344,0.0,0.03,0.9967600000000001,0.00906557138765035,0.97,1.0,0.7981510728515989,0.011943694389997019,0.7757909985097766,0.8226134307518297,0.324,0.9065571387650345,0.0,3.0,32.052,4.954376029515911,22.0,42.0,67.624,5.176042447219247,57.0,78.0,0.0032400000000000003,0.009065571387650344,0.0,0.03,0.32051999999999997,0.04954376029515911,0.22,0.42,0.6762400000000001,0.05176042447219247,0.57,0.78,0.32376,0.051760424472192465,0.22,0.43,0.0032400000000000003,0.009065571387650344,0.0,0.03,0.0,0.0,0.0,0.0,0.10411889930640729,0.01879230135462241,0.06767305387235431,0.1439480276303871,0.24293326479613966,0.03257161649951167,0.1834319526627219,0.30718954248366015,lambda,
weak_sparse,0.5,min,0.0,0.0,0.0,0.0,1.0,0.0,1.0,1.0,0.5925062861314438,0.016865985847353184,0.5608215013023353,0.6248452430719053,0.0,0.0,0.0,0.0,0.0,0.0,0.0,0.0,100.0,0.0,100.0,100.0,0.0,0.0,0.0,0.0,0.0,0.0,0.0,0.0,1.0,0.0,1.0,1.0,0.0,0.0,0.0,0.0,0.0,0.0,0.0,0.0,0.0,0.0,0.0,0.0,0.9999999999999999,0.0,0.9999999999999999,0.9999999999999999,1.0,0.0,1.0,1.0,lambda,
weak_sparse,0.6,geometric,0.0,0.0,0.0,0.0,1.0,0.0,1.0,1.0,0.7508300266699719,0.013006761467528112,0.7265027431184342,0.7758184768516982,0.0,0.0,0.0,0.0,15.333,4.2736840518895844,7.0,24.0,84.667,4.273684051889584,76.0,93.0,0.0,0.0,0.0,0.0,0.15333,0.04273684051889585,0.07,0.24,0.8466699999999999,0.04273684051889584,0.76,0.93,0.15333,0.04273684051889585,0.07,0.24,0.0,0.0,0.0,0.0,0.0,0.0,0.0,0.0,0.642749591326105,0.012807642797120733,0.6171981859883234,0.6673537322768973,0.30920745340666056,0.03532539271123198,0.2422360248447205,0.3793103448275862,lambda,
weak_sparse,0.6,linear,0.16823000000000002,0.043566789704603724,0.08975000000000001,0.26,0.83177,0.04356678970460372,0.74,0.9102499999999998,0.8595471387333409,0.008950094458548797,0.8418338429521413,0.8768761601824353,16.823,4.356678970460373,8.975000000000001,26.0,34.219,4.714155519524389,25.0,44.0,48.958,5.35414819582937,39.0,60.0,0.16823000000000002,0.043566789704603724,0.08975000000000001,0.26,0.34219,0.047141555195243885,0.25,0.44,0.48957999999999996,0.05354148195829371,0.39,0.6,0.51042,0.05354148195829371,0.4,0.61,0.16823000000000002,0.043566789704603724,0.08975000000000001,0.26,0.0,0.0,0.0,0.0,-0.011866023831428962,0.018831291027077025,-0.04593503265919122,0.02696839385753553,0.1564203959236502,0.027221672829576837,0.1111111111111111,0.21212121212121213,lambda,
weak_sparse,0.6,min,0.0,0.0,0.0,0.0,1.0,0.0,1.0,1.0,0.5925062861314438,0.016865985847353184,0.5608215013023353,0.6248452430719053,0.0,0.0,0.0,0.0,0.0,0.0,0.0,0.0,100.0,0.0,100.0,100.0,0.0,0.0,0.0,0.0,0.0,0.0,0.0,0.0,1.0,0.0,1.0,1.0,0.0,0.0,0.0,0.0,0.0,0.0,0.0,0.0,0.0,0.0,0.0,0.0,0.9999999999999999,0.0,0.9999999999999999,0.9999999999999999,1.0,0.0,1.0,1.0,lambda,
weak_sparse,0.7,geometric,0.0,0.0,0.0,0.0,1.0,0.0,1.0,1.0,0.7836587580524161,0.011200423733019053,0.7622031453914537,0.8060830049882778,0.0,0.0,0.0,0.0,26.44,4.922665196073427,17.975,36.0,73.56,4.922665196073427,64.0,82.02499999999998,0.0,0.0,0.0,0.0,0.2644,0.04922665196073427,0.17975000000000002,0.36,0.7355999999999999,0.04922665196073427,0.64,0.8202499999999997,0.2644,0.04922665196073427,0.17975000000000002,0.36,0.0,0.0,0.0,0.0,0.0,0.0,0.0,0.0,0.5619070308590491,0.014109075120207662,0.5340014595496246,0.5902169516263552,0.23987399055176514,0.03262587046742771,0.1834319526627219,0.2987012987012987,lambda,
weak_sparse,0.7,linear,0.34546000000000004,0.04734374118962114,0.25,0.43024999999999974,0.65454,0.047343741189621126,0.5697500000000001,0.75,0.8962093678486092,0.006717341490174042,0.8827689635174591,0.9090641712845123,34.546,4.734374118962114,25.0,43.02499999999998,31.767,4.584509649758491,23.0,41.0,33.687,4.724759713927721,24.975,43.0,0.34546000000000004,0.04734374118962114,0.25,0.43024999999999974,0.31767,0.04584509649758491,0.23,0.41,0.33687,0.0472475971392772,0.24975000000000003,0.43,0.66313,0.0472475971392772,0.57,0.7502499999999998,0.34546000000000004,0.04734374118962114,0.25,0.43024999999999974,0.0,0.0,0.0,0.0,-0.09662481729532181,0.018480388240157228,-0.1305003513699858,-0.05716960749444243,0.09765053513244505,0.021026178481987876,0.0582010582010582,0.14285714285714285,lambda,
weak_sparse,0.7,min,0.0,0.0,0.0,0.0,1.0,0.0,1.0,1.0,0.5925062861314438,0.016865985847353184,0.5608215013023353,0.6248452430719053,0.0,0.0,0.0,0.0,0.0,0.0,0.0,0.0,100.0,0.0,100.0,100.0,0.0,0.0,0.0,0.0,0.0,0.0,0.0,0.0,1.0,0.0,1.0,1.0,0.0,0.0,0.0,0.0,0.0,0.0,0.0,0.0,0.0,0.0,0.0,0.0,0.9999999999999999,0.0,0.9999999999999999,0.9999999999999999,1.0,0.0,1.0,1.0,lambda,
weak_sparse,0.8,geometric,0.0,0.0,0.0,0.0,1.0,0.0,1.0,1.0,0.8147060767239028,0.009992406705989767,0.7964610931595423,0.8354585741002448,0.0,0.0,0.0,0.0,39.635,5.2154554907482416,29.975,50.0,60.365,5.2154554907482416,50.0,70.02499999999998,0.0,0.0,0.0,0.0,0.39635000000000004,0.05215455490748241,0.29975,0.5,0.60365,0.05215455490748241,0.5,0.7002499999999997,0.39635000000000004,0.05215455490748241,0.29975,0.5,0.0,0.0,0.0,0.0,0.0,0.0,0.0,0.0,0.4808807422852376,0.014952284104930822,0.4521415763135946,0.5110254378648874,0.17657466489440654,0.02801179456668399,0.12359550561797752,0.22699386503067484,lambda,
weak_sparse,0.8,linear,0.47683000000000003,0.04782822010736589,0.37975000000000003,0.56,0.52317,0.047828220107365906,0.43999999999999995,0.6202499999999997,0.9125113057497255,0.005643973537037111,0.9011640493433146,0.9235954482638179,47.683,4.782822010736589,37.975,56.0,29.405,4.460366562276005,21.0,38.0,22.912,4.092554826145278,15.0,31.0,0.47683000000000003,0.04782822010736589,0.37975000000000003,0.56,0.29405000000000003,0.04460366562276005,0.21,0.38,0.22912000000000002,0.04092554826145278,0.15,0.31,0.7708800000000001,0.04092554826145278,0.69,0.85,0.47683000000000003,0.04782822010736589,0.37975000000000003,0.56,0.0,0.0,0.0,0.0,-0.15946995935337357,0.017964715169489196,-0.19162859500392193,-0.12141635866186994,0.060627555538336785,0.016670814458868716,0.030927835051546393,0.09304629796433062,lambda,
weak_sparse,0.8,min,0.0,0.0,0.0,0.0,1.0,0.0,1.0,1.0,0.5925062861314438,0.016865985847353184,0.5608215013023353,0.6248452430719053,0.0,0.0,0.0,0.0,0.0,0.0,0.0,0.0,100.0,0.0,100.0,100.0,0.0,0.0,0.0,0.0,0.0,0.0,0.0,0.0,1.0,0.0,1.0,1.0,0.0,0.0,0.0,0.0,0.0,0.0,0.0,0.0,0.0,0.0,0.0,0.0,0.9999999999999999,0.0,0.9999999999999999,0.9999999999999999,1.0,0.0,1.0,1.0,lambda,
weak_sparse,0.9,geometric,0.0,0.0,0.0,0.0,1.0,0.0,1.0,1.0,0.8421695162010943,0.009099641842964993,0.8246908114104823,0.8602052406206584,0.0,0.0,0.0,0.0,54.528,5.116776074580302,45.0,64.0,45.472,5.116776074580302,36.0,55.0,0.0,0.0,0.0,0.0,0.54528,0.05116776074580301,0.45,0.64,0.45472,0.051167760745803016,0.36,0.55,0.54528,0.05116776074580301,0.45,0.64,0.0,0.0,0.0,0.0,0.0,0.0,0.0,0.0,0.4033759633027522,0.015469691702647921,0.375597789824854,0.4354249374478732,0.11790794042061603,0.022831877255359866,0.07526881720430108,0.16279069767441862,lambda,
weak_sparse,0.9,linear,0.5726300000000001,0.046434246405419766,0.48,0.66,0.42737,0.046434246405419766,0.33999999999999997,0.52,0.9185901394143122,0.005323200153181197,0.9077997405231477,0.9289218288065734,57.263,4.643424640541977,48.0,66.0,27.128,4.275265359471139,19.0,36.0,15.609,3.496905395824621,9.0,23.0,0.5726300000000001,0.046434246405419766,0.48,0.66,0.27127999999999997,0.04275265359471139,0.19,0.36,0.15609,0.034969053958246205,0.09,0.23,0.8439099999999999,0.034969053958246205,0.77,0.91,0.5726300000000001,0.046434246405419766,0.48,0.66,0.0,0.0,0.0,0.0,-0.20697027092342307,0.01742672563308167,-0.23759304850923774,-0.17124852971969717,0.037550089947299484,0.013233716027052434,0.015228426395939087,0.06382978723404255,lambda,
weak_sparse,0.9,min,0.0,0.0,0.0,0.0,1.0,0.0,1.0,1.0,0.5925062861314438,0.016865985847353184,0.5608215013023353,0.6248452430719053,0.0,0.0,0.0,0.0,0.0,0.0,0.0,0.0,100.0,0.0,100.0,100.0,0.0,0.0,0.0,0.0,0.0,0.0,0.0,0.0,1.0,0.0,1.0,1.0,0.0,0.0,0.0,0.0,0.0,0.0,0.0,0.0,0.0,0.0,0.0,0.0,0.9999999999999999,0.0,0.9999999999999999,0.9999999999999999,1.0,0.0,1.0,1.0,lambda,
weak_sparse,1.0,geometric,0.0,0.0,0.0,0.0,1.0,0.0,1.0,1.0,0.8554630098888729,0.008687758409208095,0.8384942801219557,0.8727291452759357,0.0,0.0,0.0,0.0,70.061,4.63495002796813,61.0,79.0,29.939,4.63495002796813,21.0,39.0,0.0,0.0,0.0,0.0,0.70061,0.04634950027968129,0.61,0.79,0.29939,0.04634950027968129,0.21,0.39,0.70061,0.04634950027968129,0.61,0.79,0.0,0.0,0.0,0.0,0.0,0.0,0.0,0.0,0.33369824020016675,0.015764063003911692,0.30486040450375307,0.36652919099249365,0.06638350529585989,0.01711761590921907,0.03626943005181347,0.10497237569060773,lambda,
weak_sparse,1.0,linear,0.64276,0.04458890636212746,0.55,0.73,0.35724,0.04458890636212746,0.27,0.44999999999999996,0.9199224463694038,0.0052450213359030865,0.9092635516116276,0.9303350595791269,64.276,4.458890636212746,55.0,73.0,25.119,4.112633311243874,17.0,33.0,10.605,3.021606378253975,5.0,17.0,0.64276,0.04458890636212746,0.55,0.73,0.25119,0.04112633311243874,0.17,0.33,0.10605000000000002,0.030216063782539753,0.05,0.17,0.89395,0.03021606378253976,0.83,0.95,0.64276,0.04458890636212746,0.55,0.73,0.0,0.0,0.0,0.0,-0.24362987514948578,0.016965357694572344,-0.27332660708615697,-0.20923932099095344,0.022710119296871133,0.010660379624632977,0.005025125628140704,0.041666666666666664,lambda,
weak_sparse,1.0,min,0.0,0.0,0.0,0.0,1.0,0.0,1.0,1.0,0.5925062861314438,0.016865985847353184,0.5608215013023353,0.6248452430719053,0.0,0.0,0.0,0.0,0.0,0.0,0.0,0.0,100.0,0.0,100.0,100.0,0.0,0.0,0.0,0.0,0.0,0.0,0.0,0.0,1.0,0.0,1.0,1.0,0.0,0.0,0.0,0.0,0.0,0.0,0.0,0.0,0.0,0.0,0.0,0.0,0.9999999999999999,0.0,0.9999999999999999,0.9999999999999999,1.0,0.0,1.0,1.0,lambda,
baseline,,geometric,0.0,0.0,0.0,0.0,1.0,0.0,1.0,1.0,0.8175793524340013,0.010034493713855324,0.798411641664163,0.8366176664561961,0.0,0.0,0.0,0.0,0.011,0.11354246734985063,0.0,0.0,99.989,0.11354246734985061,100.0,100.0,0.0,0.0,0.0,0.0,0.00011,0.0011354246734985062,0.0,0.0,0.9998900000000001,0.001135424673498507,1.0,1.0,0.00011,0.0011354246734985062,0.0,0.0,0.0,0.0,0.0,0.0,0.0,0.0,0.0,0.0,0.9999999999999999,0.0,0.9999999999999999,0.9999999999999999,1.0,0.0,1.0,1.0,sigma_q,0.0
baseline,,linear,0.07748000000000002,0.03595194211919771,0.02,0.15,0.92252,0.035951942119197694,0.85,0.98,0.8502395437426117,0.007968103239384421,0.8353422132994193,0.866130931328862,7.748,3.5951942119197704,2.0,15.0,2.851,1.6660055745928866,0.0,6.0,89.401,3.943063117266416,81.0,96.02499999999998,0.07748000000000002,0.03595194211919771,0.02,0.15,0.02851,0.016660055745928867,0.0,0.06,0.89401,0.03943063117266416,0.81,0.9602499999999997,0.10599000000000001,0.03943063117266416,0.039750000000000014,0.19,0.07748000000000002,0.03595194211919771,0.02,0.15,0.0,0.0,0.0,0.0,1.0,0.0,1.0,1.0,1.0,0.0,1.0,1.0,sigma_q,0.0
baseline,,min,0.0,0.0,0.0,0.0,1.0,0.0,1.0,1.0,0.7443433747467484,0.011533386557922742,0.7214921839953684,0.7660139027139257,0.0,0.0,0.0,0.0,0.0,0.0,0.0,0.0,100.0,0.0,100.0,100.0,0.0,0.0,0.0,0.0,0.0,0.0,0.0,0.0,1.0,0.0,1.0,1.0,0.0,0.0,0.0,0.0,0.0,0.0,0.0,0.0,0.0,0.0,0.0,0.0,0.9999999999999999,0.0,0.9999999999999999,0.9999999999999999,1.0,0.0,1.0,1.0,sigma_q,0.0
baseline,,geometric,0.0,0.0,0.0,0.0,1.0,0.0,1.0,1.0,0.8168910225289404,0.01006312818688767,0.7972689763220253,0.8372262744289893,0.0,0.0,0.0,0.0,0.181,0.43638220567460057,0.0,1.0,99.819,0.43638220567460057,99.0,100.0,0.0,0.0,0.0,0.0,0.00181,0.004363822056746006,0.0,0.01,0.99819,0.00436382205674601,0.99,1.0,0.00181,0.004363822056746006,0.0,0.01,0.0,0.0,0.0,0.0,0.0,0.0,0.0,0.0,0.8515734894051815,0.010167909701317352,0.8317494019333654,0.8703201477035405,0.8819923553633005,0.030305739033279006,0.8181818181818182,0.941747572815534,sigma_q,0.05
baseline,,linear,0.09575000000000002,0.03668219027107136,0.03,0.1702499999999998,0.90425,0.036682190271071356,0.82975,0.97,0.8526903395166726,0.007913839537813046,0.8383736105297734,0.8681676252259338,9.575,3.668219027107137,3.0,17.024999999999977,2.761,1.6675310071059128,0.0,6.024999999999977,87.664,3.9948796055780034,79.0,95.0,0.09575000000000002,0.03668219027107136,0.03,0.1702499999999998,0.027610000000000003,0.016675310071059126,0.0,0.06024999999999977,0.8766400000000001,0.039948796055780035,0.79,0.95,0.12336000000000001,0.039948796055780035,0.05,0.21,0.032850000000000004,0.02093360254986503,0.0,0.08,0.06300000000000001,0.027385214075298918,0.02,0.12,0.957817933933934,0.0014676723069246738,0.9548260260260262,0.9605770770770772,0.8752276360235993,0.031551306835929945,0.8181818181818182,0.941747572815534,sigma_q,0.05
baseline,,min,0.0,0.0,0.0,0.0,1.0,0.0,1.0,1.0,0.7443739854110113,0.011684822170463764,0.7217792246796864,0.7667735470459934,0.0,0.0,0.0,0.0,0.0,0.0,0.0,0.0,100.0,0.0,100.0,100.0,0.0,0.0,0.0,0.0,0.0,0.0,0.0,0.0,1.0,0.0,1.0,1.0,0.0,0.0,0.0,0.0,0.0,0.0,0.0,0.0,0.0,0.0,0.0,0.0,0.9118009877003422,0.0037366105823913804,0.9042462434446954,0.9185740957993137,0.8390137388905098,0.03435513366613114,0.7699115044247787,0.9047619047619048,sigma_q,0.05
baseline,,geometric,0.00128,0.0036020236776810027,0.0,0.01,0.99872,0.003602023677681006,0.99,1.0,0.8155144582061989,0.01013510076923623,0.7956094691206606,0.8351274085821989,0.128,0.3602023677681002,0.0,1.0,0.701,0.8719858710778284,0.0,3.0,99.171,0.9521899315082395,97.0,100.0,0.00128,0.0036020236776810027,0.0,0.01,0.00701,0.008719858710778286,0.0,0.03,0.9917100000000002,0.009521899315082401,0.97,1.0,0.008289999999999999,0.009521899315082395,0.0,0.03,0.0,0.0,0.0,0.0,0.00128,0.0036020236776810027,0.0,0.01,0.7719280682521037,0.013413101363052377,0.7449212433784046,0.7986663126262378,0.7833428984972766,0.0383930323731514,0.7094017094017094,0.8518518518518519,sigma_q,0.1
baseline,,linear,0.11568,0.038972508983339225,0.04,0.2,0.8843199999999999,0.03897250898333921,0.8,0.96,0.8534075563992176,0.008063276100506786,0.8379310262761286,0.8689845853903456,11.568,3.8972508983339225,4.0,20.0,2.781,1.6588522510431092,0.0,6.0,85.651,4.2286026155315275,77.0,93.0,0.11568,0.038972508983339225,0.04,0.2,0.02781,0.01658852251043109,0.0,0.06,0.85651,0.042286026155315286,0.77,0.93,0.14349,0.042286026155315286,0.07,0.23,0.025990000000000003,0.01893088160330306,0.0,0.07,0.08990000000000001,0.03130447204426182,0.03,0.16,0.9172450410410411,0.002740391797949874,0.9116328328328329,0.9223824824824826,0.7675903488588395,0.03883803484387983,0.6949152542372882,0.8348623853211009,sigma_q,0.1
baseline,,min,0.0,0.0,0.0,0.0,1.0,0.0,1.0,1.0,0.7460756586334832,0.011333624671883983,0.7249887212822212,0.768927086666456,0.0,0.0,0.0,0.0,0.004,0.06315051850925682,0.0,0.0,99.996,0.0631505185092568,100.0,100.0,0.0,0.0,0.0,0.0,4e-05,0.0006315051850925683,0.0,0.0,0.9999600000000001,0.0006315051850925687,1.0,1.0,4e-05,0.0006315051850925683,0.0,0.0,0.0,0.0,0.0,0.0,0.0,0.0,0.0,0.0,0.8328116103053221,0.007388573289771979,0.8186061229228863,0.8475920948078616,0.7141745442132724,0.04131232216288355,0.639344262295082,0.8018018018018018,sigma_q,0.1
baseline,,geometric,0.01579,0.012749056374431736,0.0,0.04,0.98421,0.012749056374431746,0.96,1.0,0.8153463056184341,0.009786474048052765,0.7968967301670274,0.8351352876787523,1.579,1.2749056374431735,0.0,4.0,1.417,1.1825859417012827,0.0,4.0,97.004,1.714328709122881,93.0,100.0,0.01579,0.012749056374431736,0.0,0.04,0.014170000000000002,0.011825859417012826,0.0,0.04,0.9700400000000002,0.017143287091228816,0.93,1.0,0.02996,0.01714328709122881,0.0,0.07,0.0,0.0,0.0,0.0,0.01579,0.012749056374431736,0.0,0.04,0.7035600603411739,0.01644141638391802,0.6695261767193762,0.7347793722260451,0.6955236255181244,0.04052469718581513,0.6260162601626016,0.7699115044247787,sigma_q,0.15
baseline,,linear,0.13595000000000002,0.038858815055370734,0.07,0.22,0.86405,0.038858815055370734,0.78,0.9299999999999999,0.8526522219690365,0.00822244429388472,0.8375350470325195,0.869380128148228,13.595,3.885881505537074,7.0,22.0,2.939,1.7361720229554711,0.0,7.0,83.466,4.189319084814906,75.0,91.0,0.13595000000000002,0.038858815055370734,0.07,0.22,0.02939,0.017361720229554713,0.0,0.07,0.83466,0.04189319084814905,0.75,0.91,0.16534000000000001,0.041893190848149055,0.09,0.25,0.01886,0.0169052118054222,0.0,0.06,0.11747000000000002,0.03264605435370199,0.06,0.18,0.8790057097097098,0.004185474553623226,0.8702365365365365,0.886958958958959,0.6796422071098435,0.04043110857642946,0.6,0.7543859649122807,sigma_q,0.15
baseline,,min,5e-05,0.0007056897321046963,0.0,0.0,0.99995,0.000705689732104697,1.0,1.0,0.747106382742638,0.011401675009548988,0.7253953233889195,0.7693503162980678,0.005,0.07056897321046965,0.0,0.0,0.122,0.34239338958752286,0.0,1.0,99.873,0.3478390317258717,99.0,100.0,5e-05,0.0007056897321046963,0.0,0.0,0.0012200000000000002,0.0034239338958752287,0.0,0.01,0.99873,0.0034783903172587206,0.99,1.0,0.00127,0.0034783903172587176,0.0,0.01,0.0,0.0,0.0,0.0,5e-05,0.0007056897321046963,0.0,0.0,0.7530712368269994,0.010990302223156306,0.7302298210030899,0.7734097673212205,0.6179844633667503,0.043340664424030506,0.5384615384615384,0.7094017094017094,sigma_q,0.15
baseline,,geometric,0.04632000000000001,0.02069506912010409,0.01,0.09,0.95368,0.02069506912010409,0.91,0.99,0.8174785755260309,0.009959500564637116,0.7982533454811624,0.8364471164517109,4.632,2.069506912010409,1.0,9.0,2.226,1.4666543816029307,0.0,5.0,93.142,2.527097588583041,88.0,98.0,0.04632000000000001,0.02069506912010409,0.01,0.09,0.022260000000000005,0.014666543816029306,0.0,0.05,0.9314199999999999,0.025270975885830393,0.88,0.98,0.06858000000000002,0.025270975885830414,0.02,0.12,0.0,0.0,0.0,0.0,0.04632000000000001,0.02069506912010409,0.01,0.09,0.6427519526719189,0.018204703880891137,0.6082928713282216,0.6773039697212901,0.6144333656695455,0.043166771029386354,0.5384615384615384,0.6949152542372882,sigma_q,0.2
baseline,,linear,0.15625,0.03917872474280489,0.08,0.24,0.84375,0.039178724742804885,0.76,0.92,0.8514771218318266,0.008567731056490255,0.8344348424859295,0.8682104453810232,15.625,3.9178724742804896,8.0,24.0,3.214,1.7576385559304544,0.0,7.0,81.161,4.25266553636236,73.0,90.0,0.15625,0.03917872474280489,0.08,0.24,0.03214,0.017576385559304544,0.0,0.07,0.81161,0.0425266553636236,0.73,0.9,0.18839,0.04252665536362361,0.1,0.27,0.01196,0.013606746251163192,0.0,0.05,0.14474,0.03553582973838088,0.08,0.21,0.8441918758758759,0.005262830863496239,0.8333604604604605,0.8544066066066066,0.6040523630969654,0.04135281994732877,0.5267175572519084,0.680672268907563,sigma_q,0.2
baseline,,min,0.0021900000000000005,0.00466107558677454,0.0,0.01,0.9978100000000002,0.0046610755867745445,0.99,1.0,0.7495379586760405,0.011891227794428869,0.7265833901922559,0.7731207098651106,0.219,0.466107558677454,0.0,1.0,0.674,0.8260789347310622,0.0,3.0,99.107,0.9625370005758103,97.0,100.0,0.0021900000000000005,0.00466107558677454,0.0,0.01,0.00674,0.00826078934731062,0.0,0.03,0.9910700000000001,0.009625370005758112,0.97,1.0,0.008930000000000002,0.009625370005758103,0.0,0.03,0.0,0.0,0.0,0.0,0.0021900000000000005,0.00466107558677454,0.0,0.01,0.6781072743163439,0.01447484838896619,0.6506094908013238,0.7060754506314793,0.5389249390273338,0.04297417273611719,0.45985401459854014,0.6260162601626016,sigma_q,0.2
high_r_overlap,,geometric,0.0,0.0,0.0,0.0,1.0,0.0,1.0,1.0,0.8175793524340013,0.010034493713855324,0.798411641664163,0.8366176664561961,0.0,0.0,0.0,0.0,0.011,0.11354246734985063,0.0,0.0,99.989,0.11354246734985061,100.0,100.0,0.0,0.0,0.0,0.0,0.00011,0.0011354246734985062,0.0,0.0,0.9998900000000001,0.001135424673498507,1.0,1.0,0.00011,0.0011354246734985062,0.0,0.0,0.0,0.0,0.0,0.0,0.0,0.0,0.0,0.0,0.9999999999999999,0.0,0.9999999999999999,0.9999999999999999,1.0,0.0,1.0,1.0,sigma_q,0.0
high_r_overlap,,linear,0.0021000000000000003,0.004941094455119677,0.0,0.02,0.9979000000000001,0.004941094455119681,0.98,1.0,0.8347973955766689,0.009462823349496063,0.816049728457834,0.8530036740324592,0.21,0.4941094455119677,0.0,2.0,3.495,1.9161541291468822,0.0,8.0,96.295,1.9803779681911475,92.0,100.0,0.0021000000000000003,0.004941094455119677,0.0,0.02,0.03495,0.019161541291468822,0.0,0.08,0.9629500000000001,0.019803779681911472,0.92,1.0,0.03705000000000001,0.019803779681911476,0.0,0.08,0.0021000000000000003,0.004941094455119677,0.0,0.02,0.0,0.0,0.0,0.0,1.0,0.0,1.0,1.0,1.0,0.0,1.0,1.0,sigma_q,0.0
high_r_overlap,,min,0.0,0.0,0.0,0.0,1.0,0.0,1.0,1.0,0.7443433747467484,0.011533386557922742,0.7214921839953684,0.7660139027139257,0.0,0.0,0.0,0.0,0.0,0.0,0.0,0.0,100.0,0.0,100.0,100.0,0.0,0.0,0.0,0.0,0.0,0.0,0.0,0.0,1.0,0.0,1.0,1.0,0.0,0.0,0.0,0.0,0.0,0.0,0.0,0.0,0.0,0.0,0.0,0.0,0.9999999999999999,0.0,0.9999999999999999,0.9999999999999999,1.0,0.0,1.0,1.0,sigma_q,0.0
high_r_overlap,,geometric,0.0,0.0,0.0,0.0,1.0,0.0,1.0,1.0,0.8169006032701563,0.010150471699054243,0.797030833562562,0.8364847689742599,0.0,0.0,0.0,0.0,0.159,0.3948099224625375,0.0,1.0,99.841,0.3948099224625375,99.0,100.0,0.0,0.0,0.0,0.0,0.00159,0.003948099224625375,0.0,0.01,0.9984100000000001,0.003948099224625378,0.99,1.0,0.00159,0.003948099224625375,0.0,0.01,0.0,0.0,0.0,0.0,0.0,0.0,0.0,0.0,0.8996732503601472,0.00639156348248129,0.8861613073122124,0.9116218839825942,0.8820418103312173,0.030207841392103165,0.8181818181818182,0.941747572815534,sigma_q,0.05
high_r_overlap,,linear,0.00303,0.005740387796312375,0.0,0.02,0.99697,0.00574038779631238,0.98,1.0,0.8340210179386698,0.00958684027450011,0.8154439858287691,0.8526005423131323,0.303,0.5740387796312375,0.0,2.0,3.528,1.9138649061203035,0.0,8.0,96.169,2.0006102672538297,92.0,99.0,0.00303,0.005740387796312375,0.0,0.02,0.03528,0.019138649061203036,0.0,0.08,0.9616899999999999,0.020006102672538297,0.92,0.99,0.038310000000000004,0.0200061026725383,0.01,0.08,0.00123,0.00360556515682356,0.0,0.01,0.00193,0.0044491454117498675,0.0,0.01,0.9600954874874875,0.0013837748437542134,0.9572646646646646,0.9626432432432434,0.8991877130656841,0.02911106270401872,0.8518518518518519,0.9607843137254902,sigma_q,0.05
high_r_overlap,,min,0.0,0.0,0.0,0.0,1.0,0.0,1.0,1.0,0.7444593495865347,0.011640610351121813,0.7218284330532332,0.7663950674615488,0.0,0.0,0.0,0.0,0.0,0.0,0.0,0.0,100.0,0.0,100.0,100.0,0.0,0.0,0.0,0.0,0.0,0.0,0.0,0.0,1.0,0.0,1.0,1.0,0.0,0.0,0.0,0.0,0.0,0.0,0.0,0.0,0.0,0.0,0.0,0.0,0.9119473529769555,0.003757696269407697,0.9040746179853103,0.9188309977848468,0.8399397857679517,0.0360323206772093,0.7699115044247787,0.9047619047619048,sigma_q,0.05
high_r_overlap,,geometric,2.9999999999999997e-05,0.0005471740119919799,0.0,0.0,0.99997,0.0005471740119919803,1.0,1.0,0.8151479380939011,0.010118478667617295,0.7947895289861008,0.835484338939651,0.003,0.054717401199198004,0.0,0.0,0.71,0.8721586212729084,0.0,3.0,99.287,0.8748693596168495,97.0,100.0,2.9999999999999997e-05,0.0005471740119919799,0.0,0.0,0.0070999999999999995,0.008721586212729086,0.0,0.03,0.9928700000000001,0.008748693596168504,0.97,1.0,0.00713,0.008748693596168495,0.0,0.03,0.0,0.0,0.0,0.0,2.9999999999999997e-05,0.0005471740119919799,0.0,0.0,0.8360360206497564,0.009559283627757752,0.8169962718228561,0.8540832436541606,0.7840642632199726,0.03923165853213534,0.7090395480225989,0.8518518518518519,sigma_q,0.1
high_r_overlap,,linear,0.004849999999999999,0.007129398875664646,0.0,0.02,0.9951500000000001,0.007129398875664651,0.98,1.0,0.8321973150471338,0.00949943737300663,0.8139006306615414,0.8505055012439092,0.485,0.7129398875664646,0.0,2.0,3.751,1.9237202758456595,0.0,8.0,95.764,2.065083186839835,91.0,99.0,0.004849999999999999,0.007129398875664646,0.0,0.02,0.03751,0.019237202758456595,0.0,0.08,0.9576399999999999,0.020650831868398337,0.91,0.99,0.04236000000000001,0.020650831868398348,0.01,0.09,0.00151,0.004004489472571496,0.0,0.01,0.0039299999999999995,0.006284472499310869,0.0,0.02,0.9211726286286287,0.002599446097826921,0.9158671671671673,0.9261790790790791,0.8131710838610493,0.036243130384241096,0.7391304347826086,0.8867924528301887,sigma_q,0.1
high_r_overlap,,min,0.0,0.0,0.0,0.0,1.0,0.0,1.0,1.0,0.7457718736072267,0.01130089468886143,0.724135353274701,0.7674604598392559,0.0,0.0,0.0,0.0,0.003,0.054717401199198004,0.0,0.0,99.997,0.054717401199198004,100.0,100.0,0.0,0.0,0.0,0.0,2.9999999999999997e-05,0.0005471740119919799,0.0,0.0,0.99997,0.0005471740119919803,1.0,1.0,2.9999999999999997e-05,0.0005471740119919799,0.0,0.0,0.0,0.0,0.0,0.0,0.0,0.0,0.0,0.0,0.8329032504800292,0.007248394896380894,0.8181146661609461,0.8461026390624784,0.7126981265829775,0.04074326520935808,0.639344262295082,0.7857142857142857,sigma_q,0.1
high_r_overlap,,geometric,0.0009500000000000001,0.0030670681288336114,0.0,0.01,0.9990500000000001,0.0030670681288336135,0.99,1.0,0.8127829242927707,0.010145481454744304,0.7929660294379607,0.8321719993728157,0.095,0.30670681288336105,0.0,1.0,1.493,1.244789339808347,0.0,4.0,98.412,1.286044287693822,95.0,100.0,0.0009500000000000001,0.0030670681288336114,0.0,0.01,0.01493,0.01244789339808347,0.0,0.04,0.9841200000000001,0.01286044287693823,0.95,1.0,0.01588,0.012860442876938221,0.0,0.05,0.0,0.0,0.0,0.0,0.0009500000000000001,0.0030670681288336114,0.0,0.01,0.7760460363682016,0.012438961665961442,0.7511671110602187,0.7983995545399764,0.7020535160106295,0.03838165695046556,0.6260162601626016,0.7703065739570161,sigma_q,0.15
high_r_overlap,,linear,0.007869999999999999,0.009319332054924856,0.0,0.03,0.99213,0.009319332054924865,0.97,1.0,0.8294769212138894,0.00957743152965577,0.8115831017119091,0.8483017151473701,0.787,0.9319332054924856,0.0,3.0,4.043,2.022681942926827,0.0,9.0,95.17,2.2401156483802613,90.0,99.0,0.007869999999999999,0.009319332054924856,0.0,0.03,0.04043,0.020226819429268267,0.0,0.09,0.9516999999999999,0.022401156483802597,0.9,0.99,0.0483,0.02240115648380261,0.01,0.1,0.0016600000000000002,0.004130552198128171,0.0,0.01,0.007199999999999999,0.009024491201250154,0.0,0.03,0.8840859739739739,0.0039016089203717766,0.8763973973973974,0.8916495495495494,0.7386758926759758,0.03867640946907912,0.6666666666666666,0.8181818181818182,sigma_q,0.15
high_r_overlap,,min,2e-05,0.0004469897088298565,0.0,0.0,0.99998,0.0004469897088298568,1.0,1.0,0.7474151194457505,0.011808609928770244,0.7245262239658405,0.7706610233473826,0.002,0.04469897088298564,0.0,0.0,0.125,0.3485634755629116,0.0,1.0,99.873,0.35070499567869573,99.0,100.0,2e-05,0.0004469897088298565,0.0,0.0,0.00125,0.0034856347556291166,0.0,0.01,0.99873,0.003507049956786961,0.99,1.0,0.00127,0.0035070499567869578,0.0,0.01,0.0,0.0,0.0,0.0,2e-05,0.0004469897088298565,0.0,0.0,0.7543166184662013,0.010802091463167919,0.7324614585692399,0.7762770438535026,0.615646306493004,0.042916709278656956,0.5267175572519084,0.6952774156163983,sigma_q,0.15
high_r_overlap,,geometric,0.00372,0.005898847039582938,0.0,0.02,0.99628,0.005898847039582943,0.98,1.0,0.8095929609055861,0.01008659730194139,0.7900374588849038,0.8289223773003744,0.372,0.5898847039582938,0.0,2.0,2.412,1.4630093630583492,0.0,6.0,97.216,1.5842518277893367,94.0,100.0,0.00372,0.005898847039582938,0.0,0.02,0.024120000000000003,0.014630093630583492,0.0,0.06,0.9721600000000001,0.015842518277893375,0.94,1.0,0.027840000000000004,0.015842518277893368,0.0,0.06,0.0,0.0,0.0,0.0,0.00372,0.005898847039582938,0.0,0.02,0.7197730128476237,0.014405061461493682,0.6917165171843452,0.7475034195946122,0.6359198140541232,0.040925507872224286,0.5625,0.7094017094017094,sigma_q,0.2
high_r_overlap,,linear,0.01071,0.010747623523896407,0.0,0.04,0.9892900000000002,0.010747623523896417,0.96,1.0,0.8258124615926677,0.009533929316164367,0.806512835037086,0.8441240494172982,1.071,1.0747623523896408,0.0,4.0,4.429,2.054551089698229,1.0,9.0,94.5,2.3184855779959848,89.975,98.0,0.01071,0.010747623523896407,0.0,0.04,0.04429,0.02054551089698229,0.01,0.09,0.945,0.023184855779959827,0.89975,0.98,0.05500000000000001,0.023184855779959844,0.02,0.10024999999999978,0.0022700000000000003,0.004771778480804601,0.0,0.01,0.0101,0.010192835419739392,0.0,0.03,0.8498141421421421,0.004960054284998602,0.8402932932932934,0.8591651651651652,0.675842349902485,0.04178205169150449,0.5873015873015873,0.7547741034000928,sigma_q,0.2
high_r_overlap,,min,0.0007199999999999999,0.0026245930138763395,0.0,0.01,0.99928,0.002624593013876342,0.99,1.0,0.7491787409128631,0.011851088996251086,0.7264315132775438,0.7722965519073359,0.072,0.26245930138763396,0.0,1.0,0.719,0.8870320320179119,0.0,3.0,99.209,0.9274584514570878,97.0,100.0,0.0007199999999999999,0.0026245930138763395,0.0,0.01,0.007189999999999999,0.008870320320179119,0.0,0.03,0.9920900000000001,0.009274584514570887,0.97,1.0,0.00791,0.009274584514570876,0.0,0.03,0.0,0.0,0.0,0.0,0.0007199999999999999,0.0026245930138763395,0.0,0.01,0.6813502086933484,0.014033678027266596,0.6546134051457276,0.7081968229333878,0.539065604644577,0.042725246984513986,0.45985401459854014,0.6260162601626016,sigma_q,0.2
high_veto_frac,,geometric,0.0,0.0,0.0,0.0,1.0,0.0,1.0,1.0,0.8253674425225833,0.009853881386757917,0.8060299313372571,0.843979907363424,0.0,0.0,0.0,0.0,0.004,0.06315051850925683,0.0,0.0,99.996,0.0631505185092568,100.0,100.0,0.0,0.0,0.0,0.0,4e-05,0.0006315051850925683,0.0,0.0,0.9999600000000001,0.0006315051850925685,1.0,1.0,4e-05,0.0006315051850925683,0.0,0.0,0.0,0.0,0.0,0.0,0.0,0.0,0.0,0.0,1.0,0.0,1.0,1.0,1.0,0.0,1.0,1.0,sigma_q,0.0
high_veto_frac,,linear,0.0251,0.0202533997195582,0.0,0.07,0.9749000000000001,0.020253399719558213,0.9299999999999999,1.0,0.8468791820600002,0.007919610759932196,0.8309820438449858,0.8613533547073156,2.51,2.02533997195582,0.0,7.0,2.847,1.7258532873826704,0.0,7.0,94.643,2.805248727015204,89.0,99.0,0.0251,0.0202533997195582,0.0,0.07,0.028470000000000002,0.017258532873826702,0.0,0.07,0.9464300000000001,0.02805248727015202,0.89,0.99,0.053570000000000007,0.028052487270152037,0.01,0.11,0.0251,0.0202533997195582,0.0,0.07,0.0,0.0,0.0,0.0,1.0,0.0,1.0,1.0,1.0,0.0,1.0,1.0,sigma_q,0.0
high_veto_frac,,min,0.0,0.0,0.0,0.0,1.0,0.0,1.0,1.0,0.7532071746938267,0.011267296318488015,0.7311697015618484,0.7761887496265735,0.0,0.0,0.0,0.0,0.0,0.0,0.0,0.0,100.0,0.0,100.0,100.0,0.0,0.0,0.0,0.0,0.0,0.0,0.0,0.0,1.0,0.0,1.0,1.0,0.0,0.0,0.0,0.0,0.0,0.0,0.0,0.0,0.0,0.0,0.0,0.0,1.0,0.0,1.0,1.0,1.0,0.0,1.0,1.0,sigma_q,0.0
high_veto_frac,,geometric,0.0,0.0,0.0,0.0,1.0,0.0,1.0,1.0,0.8245602820723775,0.00975037172752283,0.8055181231597573,0.843096735059368,0.0,0.0,0.0,0.0,0.11,0.32864571807344156,0.0,1.0,99.89,0.3286457180734415,99.0,100.0,0.0,0.0,0.0,0.0,0.0011,0.003286457180734415,0.0,0.01,0.9989000000000001,0.0032864571807344188,0.99,1.0,0.0011,0.003286457180734415,0.0,0.01,0.0,0.0,0.0,0.0,0.0,0.0,0.0,0.0,0.8967552952213653,0.007468993199188176,0.8810354091840815,0.9114918902960909,0.8773792042903225,0.03171970201347388,0.8181818181818182,0.941747572815534,sigma_q,0.05
high_veto_frac,,linear,0.035500000000000004,0.022509035000564923,0.0,0.08,0.9645,0.022509035000564927,0.92,1.0,0.8479147653576743,0.007965082709475917,0.8322483273265762,0.8625087712358872,3.55,2.2509035000564923,0.0,8.0,2.806,1.7312889306413766,0.0,7.0,93.644,2.9434551003757345,87.0,99.0,0.035500000000000004,0.022509035000564923,0.0,0.08,0.02806,0.017312889306413764,0.0,0.07,0.93644,0.02943455100375733,0.87,0.99,0.06356,0.02943455100375735,0.01,0.13,0.01176,0.012635745409830878,0.0,0.04,0.023880000000000002,0.016050021906626896,0.0,0.06,0.9576513993993995,0.0014414633741795682,0.9545741741741742,0.9603174174174174,0.8831533398136082,0.03062657566086301,0.8181818181818182,0.941747572815534,sigma_q,0.05
high_veto_frac,,min,0.0,0.0,0.0,0.0,1.0,0.0,1.0,1.0,0.7534792694548634,0.011306722814984536,0.7317408549160219,0.7773116872686259,0.0,0.0,0.0,0.0,0.0,0.0,0.0,0.0,100.0,0.0,100.0,100.0,0.0,0.0,0.0,0.0,0.0,0.0,0.0,0.0,1.0,0.0,1.0,1.0,0.0,0.0,0.0,0.0,0.0,0.0,0.0,0.0,0.0,0.0,0.0,0.0,0.9104394714125983,0.004026109901963258,0.9021988372606843,0.918077081225799,0.8326029839367523,0.03445685593777426,0.7699115044247787,0.9047619047619048,sigma_q,0.05
high_veto_frac,,geometric,0.00023,0.0014997831007680241,0.0,0.0,0.9997699999999999,0.0014997831007680254,1.0,1.0,0.8230556941467653,0.009728922185999923,0.80379797115152,0.8414769135105404,0.023,0.14997831007680243,0.0,0.0,0.567,0.7668761954182037,0.0,2.0,99.41,0.7787852762517449,97.975,100.0,0.00023,0.0014997831007680241,0.0,0.0,0.00567,0.007668761954182038,0.0,0.02,0.9941,0.007787852762517454,0.97975,1.0,0.0059,0.007787852762517449,0.0,0.02024999999999977,0.0,0.0,0.0,0.0,0.00023,0.0014997831007680241,0.0,0.0,0.8253492852437726,0.010227991897328476,0.8057172776255391,0.8450777340636004,0.7759121212428284,0.03841483719780089,0.6949152542372882,0.8518518518518519,sigma_q,0.1
high_veto_frac,,linear,0.04637,0.024773712617143943,0.0,0.1,0.95363,0.024773712617143936,0.9,1.0,0.8473500406920541,0.008301765478537986,0.8304631190622758,0.8636731287346368,4.637,2.477371261714394,0.0,10.0,2.991,1.701121045902617,0.0,7.0,92.372,3.1281626238738616,85.0,98.0,0.04637,0.024773712617143943,0.0,0.1,0.029910000000000003,0.01701121045902617,0.0,0.07,0.92372,0.0312816262387386,0.85,0.98,0.07628000000000001,0.03128162623873861,0.02,0.15,0.009170000000000001,0.010804065338002534,0.0,0.04,0.037450000000000004,0.02048944404607693,0.0,0.08,0.9167816216216217,0.002741373289991318,0.9110577577577579,0.9220656656656657,0.7860113722064132,0.03758679629551817,0.7094017094017094,0.8691588785046729,sigma_q,0.1
high_veto_frac,,min,0.0,0.0,0.0,0.0,1.0,0.0,1.0,1.0,0.7543198378669594,0.011341006121370534,0.732841851797814,0.7759429980639648,0.0,0.0,0.0,0.0,0.001,0.03162277660168379,0.0,0.0,99.999,0.03162277660168379,100.0,100.0,0.0,0.0,0.0,0.0,1e-05,0.0003162277660168379,0.0,0.0,0.99999,0.00031622776601683816,1.0,1.0,1e-05,0.0003162277660168379,0.0,0.0,0.0,0.0,0.0,0.0,0.0,0.0,0.0,0.0,0.824581699562852,0.007942819027355368,0.8097260064258851,0.8399632533093695,0.7033741461513687,0.03947554645523281,0.6260162601626016,0.7857142857142857,sigma_q,0.1
high_veto_frac,,geometric,0.0054399999999999995,0.007567275841652904,0.0,0.02,0.9945600000000002,0.00756727584165291,0.98,1.0,0.8215520400366181,0.009787959266586313,0.802659148447884,0.8404224026699699,0.544,0.7567275841652903,0.0,2.0,1.351,1.18625722598693,0.0,4.0,98.105,1.4120796609855157,95.0,100.0,0.0054399999999999995,0.007567275841652904,0.0,0.02,0.01351,0.011862572259869298,0.0,0.04,0.9810500000000001,0.014120796609855168,0.95,1.0,0.01895,0.014120796609855157,0.0,0.05,0.0,0.0,0.0,0.0,0.0054399999999999995,0.007567275841652904,0.0,0.02,0.7615247741891087,0.013669082193862162,0.7343026799182572,0.7878913925279927,0.6886821257399401,0.04025186637011362,0.6125806451612904,0.7699115044247787,sigma_q,0.15
high_veto_frac,,linear,0.05905000000000001,0.025460670567480068,0.01,0.11,0.94095,0.02546067056748005,0.89,0.99,0.8459532221265789,0.00845129418161165,0.8299824316538043,0.8615660924513641,5.905,2.5460670567480066,1.0,11.0,3.292,1.8072083449348064,0.0,7.0,90.803,3.2022563053955326,84.0,97.0,0.05905000000000001,0.025460670567480068,0.01,0.11,0.032920000000000005,0.018072083449348065,0.0,0.07,0.90803,0.03202256305395532,0.84,0.97,0.09197,0.03202256305395532,0.03,0.16,0.007030000000000001,0.009400397197324559,0.0,0.03,0.052250000000000005,0.022408472496795485,0.01,0.1,0.878479863863864,0.003932644367610786,0.8705877877877878,0.8859267267267267,0.7011314370143915,0.04032202451379724,0.6260162601626016,0.7857142857142857,sigma_q,0.15
high_veto_frac,,min,0.0,0.0,0.0,0.0,1.0,0.0,1.0,1.0,0.756252602724348,0.011518561402540194,0.7331793013822916,0.7777903627221573,0.0,0.0,0.0,0.0,0.107,0.32504869890011356,0.0,1.0,99.893,0.3250486989001135,99.0,100.0,0.0,0.0,0.0,0.0,0.00107,0.0032504869890011352,0.0,0.01,0.9989300000000001,0.003250486989001138,0.99,1.0,0.00107,0.0032504869890011352,0.0,0.01,0.0,0.0,0.0,0.0,0.0,0.0,0.0,0.0,0.7431344528690572,0.011750463894499907,0.7204510424354942,0.7641450260509217,0.6032853756562415,0.04162405803207114,0.5267175572519084,0.680672268907563,sigma_q,0.15
high_veto_frac,,geometric,0.01871,0.013176096140720494,0.0,0.05,0.9812900000000001,0.013176096140720506,0.95,1.0,0.8207883173164792,0.00990463003297994,0.8019471531996063,0.8400544856007223,1.871,1.3176096140720495,0.0,5.0,2.161,1.4467799321846335,0.0,5.0,95.968,1.8639877817331452,92.0,99.0,0.01871,0.013176096140720494,0.0,0.05,0.021610000000000004,0.014467799321846334,0.0,0.05,0.95968,0.018639877817331445,0.92,0.99,0.04032000000000001,0.018639877817331448,0.01,0.08,0.0,0.0,0.0,0.0,0.01871,0.013176096140720494,0.0,0.05,0.7018854632667083,0.015624557777756436,0.6712105637576522,0.7303883223675982,0.6160018136603582,0.043102065157995056,0.5384615384615384,0.6949152542372882,sigma_q,0.2
high_veto_frac,,linear,0.07134,0.026726741640512763,0.02,0.12,0.9286599999999998,0.02672674164051274,0.88,0.98,0.8434770776708789,0.008635895458548714,0.8268644910445319,0.8608638585170767,7.134,2.6726741640512754,2.0,12.0,3.55,1.8721658593738444,0.0,7.0,89.316,3.1799773987021123,83.0,95.0,0.07134,0.026726741640512763,0.02,0.12,0.0355,0.018721658593738446,0.0,0.07,0.8931600000000001,0.031799773987021135,0.83,0.95,0.10684000000000002,0.031799773987021135,0.05,0.17,0.00522,0.008439361517485955,0.0,0.03,0.06656000000000002,0.02467336975719318,0.02,0.12,0.8432739739739741,0.0048168346818808876,0.8335316316316317,0.8530394394394394,0.6315019525425244,0.04054638016586067,0.5503875968992248,0.7094017094017094,sigma_q,0.2
high_veto_frac,,min,0.0008600000000000001,0.0029781318421569706,0.0,0.01,0.9991400000000001,0.002978131842156973,0.99,1.0,0.7591337042498693,0.011384544051866573,0.737288207439142,0.7816777025425484,0.086,0.297813184215697,0.0,1.0,0.615,0.7754846074400035,0.0,2.0,99.299,0.8272141701417374,97.0,100.0,0.0008600000000000001,0.0029781318421569706,0.0,0.01,0.00615,0.007754846074400036,0.0,0.02,0.99299,0.008272141701417381,0.97,1.0,0.00701,0.008272141701417374,0.0,0.03,0.0,0.0,0.0,0.0,0.0008600000000000001,0.0029781318421569706,0.0,0.01,0.6685575573945961,0.013567074763439867,0.6410545050361018,0.6935619694936144,0.526967357802793,0.04264962670054324,0.43884892086330934,0.6129032258064516,sigma_q,0.2
low_r_separation,,geometric,0.0,0.0,0.0,0.0,1.0,0.0,1.0,1.0,0.8175793524340013,0.010034493713855324,0.798411641664163,0.8366176664561961,0.0,0.0,0.0,0.0,0.011,0.11354246734985063,0.0,0.0,99.989,0.11354246734985061,100.0,100.0,0.0,0.0,0.0,0.0,0.00011,0.0011354246734985062,0.0,0.0,0.9998900000000001,0.001135424673498507,1.0,1.0,0.00011,0.0011354246734985062,0.0,0.0,0.0,0.0,0.0,0.0,0.0,0.0,0.0,0.0,0.9999999999999999,0.0,0.9999999999999999,0.9999999999999999,1.0,0.0,1.0,1.0,sigma_q,0.0
low_r_separation,,linear,0.03218000000000001,0.021210787290845606,0.0,0.08,0.96782,0.021210787290845613,0.92,1.0,0.840910909791104,0.008442229692293999,0.8251820265660874,0.8575405694257121,3.218,2.121078729084561,0.0,8.0,3.24,1.806007104543518,0.0,7.0,93.542,2.8266988212800856,87.0,98.0,0.03218000000000001,0.021210787290845606,0.0,0.08,0.032400000000000005,0.01806007104543518,0.0,0.07,0.9354199999999999,0.02826698821280084,0.87,0.98,0.06458,0.028266988212800857,0.02,0.13,0.03218000000000001,0.021210787290845606,0.0,0.08,0.0,0.0,0.0,0.0,1.0,0.0,1.0,1.0,1.0,0.0,1.0,1.0,sigma_q,0.0
low_r_separation,,min,0.0,0.0,0.0,0.0,1.0,0.0,1.0,1.0,0.7443433747467484,0.011533386557922742,0.7214921839953684,0.7660139027139257,0.0,0.0,0.0,0.0,0.0,0.0,0.0,0.0,100.0,0.0,100.0,100.0,0.0,0.0,0.0,0.0,0.0,0.0,0.0,0.0,1.0,0.0,1.0,1.0,0.0,0.0,0.0,0.0,0.0,0.0,0.0,0.0,0.0,0.0,0.0,0.0,0.9999999999999999,0.0,0.9999999999999999,0.9999999999999999,1.0,0.0,1.0,1.0,sigma_q,0.0
low_r_separation,,geometric,0.0,0.0,0.0,0.0,1.0,0.0,1.0,1.0,0.8169906491040647,0.010140524496553305,0.7964710727483129,0.8367138875781647,0.0,0.0,0.0,0.0,0.175,0.4272675479808378,0.0,1.0,99.825,0.42726754798083777,99.0,100.0,0.0,0.0,0.0,0.0,0.00175,0.004272675479808379,0.0,0.01,0.99825,0.004272675479808382,0.99,1.0,0.00175,0.004272675479808379,0.0,0.01,0.0,0.0,0.0,0.0,0.0,0.0,0.0,0.0,0.8739791660253329,0.008470242942805926,0.8566964452815626,0.8893811767856836,0.8824113108595811,0.03014710710859035,0.8181818181818182,0.941747572815534,sigma_q,0.05
low_r_separation,,linear,0.04163000000000001,0.02309061013217876,0.0,0.09,0.95837,0.02309061013217876,0.91,1.0,0.8417006643197312,0.008516946690213002,0.8259547416378777,0.858079138823293,4.163,2.309061013217876,0.0,9.0,3.183,1.826704094222118,0.0,7.0,92.654,2.933067828552024,86.0,97.0,0.04163000000000001,0.02309061013217876,0.0,0.09,0.031830000000000004,0.01826704094222118,0.0,0.07,0.9265399999999999,0.029330678285520224,0.86,0.97,0.07346000000000001,0.029330678285520245,0.03,0.14,0.015269999999999999,0.013487364791129846,0.0,0.05,0.0265,0.01756868403320689,0.0,0.07,0.9583467547547548,0.0014509879951360599,0.9552866866866867,0.9610812812812812,0.8905377455230052,0.03015889581057145,0.8348623853211009,0.941747572815534,sigma_q,0.05
low_r_separation,,min,0.0,0.0,0.0,0.0,1.0,0.0,1.0,1.0,0.7444213725404393,0.011552773867670991,0.7224945975448853,0.7661639143105804,0.0,0.0,0.0,0.0,0.0,0.0,0.0,0.0,100.0,0.0,100.0,100.0,0.0,0.0,0.0,0.0,0.0,0.0,0.0,0.0,1.0,0.0,1.0,1.0,0.0,0.0,0.0,0.0,0.0,0.0,0.0,0.0,0.0,0.0,0.0,0.0,0.9117335479305902,0.0037570833781125283,0.9042464951164361,0.9185730691761216,0.8381845162412501,0.03388433674590106,0.7699115044247787,0.9047619047619048,sigma_q,0.05
low_r_separation,,geometric,0.00051,0.0022902281862611736,0.0,0.01,0.99949,0.0022902281862611754,0.99,1.0,0.8153952340704509,0.010069682154750645,0.7972266933199892,0.8359871267392315,0.051,0.22902281862611734,0.0,1.0,0.743,0.8965237056290005,0.0,3.0,99.206,0.927590655636647,97.0,100.0,0.00051,0.0022902281862611736,0.0,0.01,0.00743,0.008965237056290005,0.0,0.03,0.99206,0.009275906556366478,0.97,1.0,0.00794,0.009275906556366467,0.0,0.03,0.0,0.0,0.0,0.0,0.00051,0.0022902281862611736,0.0,0.01,0.8007809165736844,0.011419515804298206,0.7772632480216634,0.8217381246992587,0.7835671943611856,0.0384494841237129,0.7094017094017094,0.8518518518518519,sigma_q,0.1
low_r_separation,,linear,0.0512,0.024669182567903798,0.01,0.11,0.9488,0.024669182567903788,0.89,0.99,0.8410143302144933,0.008486981137844305,0.8246282224436938,0.8575310313839111,5.12,2.46691825679038,1.0,11.0,3.285,1.786887788297846,0.0,7.0,91.595,3.040101514294747,85.0,97.0,0.0512,0.024669182567903798,0.01,0.11,0.032850000000000004,0.017868877882978463,0.0,0.07,0.9159499999999999,0.030401015142947463,0.85,0.97,0.08405000000000001,0.030401015142947477,0.03,0.15,0.013630000000000003,0.013164208916467272,0.0,0.04024999999999977,0.038040000000000004,0.02010379473041253,0.01,0.08,0.9180296816816818,0.0027192109230617383,0.9123882882882883,0.9231918918918919,0.7970240843562438,0.03647214341737406,0.7241379310344828,0.8691588785046729,sigma_q,0.1
low_r_separation,,min,0.0,0.0,0.0,0.0,1.0,0.0,1.0,1.0,0.7460105391484542,0.011524538087545451,0.7240213433659162,0.7684941654632628,0.0,0.0,0.0,0.0,0.004,0.06315051850925683,0.0,0.0,99.996,0.0631505185092568,100.0,100.0,0.0,0.0,0.0,0.0,4e-05,0.0006315051850925683,0.0,0.0,0.9999600000000001,0.0006315051850925686,1.0,1.0,4e-05,0.0006315051850925683,0.0,0.0,0.0,0.0,0.0,0.0,0.0,0.0,0.0,0.0,0.8326665899785671,0.007509840821584774,0.8179710553735269,0.8471924043077403,0.7142736566899606,0.041578300074120375,0.639344262295082,0.8018018018018018,sigma_q,0.1
low_r_separation,,geometric,0.00623,0.007677632841315482,0.0,0.02,0.99377,0.00767763284131549,0.98,1.0,0.8137458663600369,0.009937294152370272,0.7949273271589712,0.8337499456037849,0.623,0.7677632841315482,0.0,2.0,1.485,1.2121238568084716,0.0,4.0,97.892,1.4086590504165017,95.0,100.0,0.00623,0.007677632841315482,0.0,0.02,0.01485,0.012121238568084716,0.0,0.04,0.9789200000000001,0.014086590504165027,0.95,1.0,0.02108,0.014086590504165018,0.0,0.05,0.0,0.0,0.0,0.0,0.00623,0.007677632841315482,0.0,0.02,0.7360376604266575,0.014451639516663017,0.7070229181003186,0.764460410331999,0.7011944381061184,0.04103825415132808,0.6260162601626016,0.7857142857142857,sigma_q,0.15
low_r_separation,,linear,0.06298000000000001,0.026015310807222667,0.02,0.12,0.9370199999999999,0.02601531080722265,0.88,0.98,0.839488537666274,0.0086837532896087,0.8223178137459722,0.8559358496009059,6.298,2.6015310807222667,2.0,12.0,3.565,1.8924471872040067,0.0,8.0,90.137,3.2212742211130685,83.0,96.0,0.06298000000000001,0.026015310807222667,0.02,0.12,0.03565000000000001,0.018924471872040067,0.0,0.08,0.9013700000000001,0.03221274221113069,0.83,0.96,0.09863000000000001,0.032212742211130685,0.04,0.17,0.011640000000000001,0.012249916753205324,0.0,0.04,0.052020000000000004,0.021940852330777878,0.01,0.1,0.8798217017017016,0.00407501597081871,0.8717555555555556,0.8875208208208208,0.7179000111603167,0.03892565543460656,0.639344262295082,0.7857142857142857,sigma_q,0.15
low_r_separation,,min,2e-05,0.0004469897088298565,0.0,0.0,0.99998,0.0004469897088298568,1.0,1.0,0.7474487945417013,0.011439712080969288,0.7261299608545283,0.7701840050083473,0.002,0.04469897088298564,0.0,0.0,0.122,0.35105446762466824,0.0,1.0,99.876,0.3531978889358609,99.0,100.0,2e-05,0.0004469897088298565,0.0,0.0,0.0012200000000000002,0.0035105446762466823,0.0,0.01,0.99876,0.003531978889358612,0.99,1.0,0.00124,0.0035319788893586096,0.0,0.01,0.0,0.0,0.0,0.0,2e-05,0.0004469897088298565,0.0,0.0,0.7530383885137626,0.010901335391285478,0.7312560365508455,0.7744298137942587,0.6175816101111241,0.04215750642847644,0.5384615384615384,0.7094017094017094,sigma_q,0.15
low_r_separation,,geometric,0.0216,0.014582614739910422,0.0,0.05,0.9784,0.014582614739910432,0.95,1.0,0.8128838322217792,0.010152151936215568,0.794063505314452,0.8330050565156141,2.16,1.458261473991042,0.0,5.0,2.313,1.5130500058888736,0.0,6.0,95.527,2.0682235248030008,91.0,99.0,0.0216,0.014582614739910422,0.0,0.05,0.02313,0.015130500058888736,0.0,0.06,0.95527,0.020682235248029996,0.91,0.99,0.044730000000000006,0.020682235248030006,0.01,0.09,0.0,0.0,0.0,0.0,0.0216,0.014582614739910422,0.0,0.05,0.6769774206050838,0.016630536006953054,0.6445738357828045,0.7083467453973068,0.6270434237676943,0.04242418646839473,0.5384615384615384,0.7094017094017094,sigma_q,0.2
low_r_separation,,linear,0.07691000000000002,0.028795504529024685,0.02,0.14,0.92309,0.028795504529024664,0.86,0.98,0.8374539657559094,0.008914599208465395,0.8194366469948889,0.8539613699721857,7.691,2.8795504529024685,2.0,14.0,3.857,1.945336817966322,1.0,8.0,88.452,3.4294981349254963,81.0,95.0,0.07691000000000002,0.028795504529024685,0.02,0.14,0.03857,0.01945336817966322,0.01,0.08,0.8845200000000001,0.034294981349254974,0.81,0.95,0.11548000000000001,0.03429498134925496,0.05,0.19,0.009510000000000001,0.011044540818064004,0.0,0.04,0.06854,0.02596425509315726,0.02,0.12,0.8447403763763763,0.005034930655071483,0.8343699699699699,0.8544504504504505,0.6482197141595234,0.041455378012953834,0.5625,0.7241379310344828,sigma_q,0.2
low_r_separation,,min,0.0016400000000000002,0.004138541715088483,0.0,0.01,0.99836,0.0041385417150884875,0.99,1.0,0.7496399580694544,0.011755876803485625,0.7273371903526487,0.7730485565965938,0.164,0.41385417150884835,0.0,1.0,0.699,0.8252757600221153,0.0,3.0,99.137,0.9181906523560748,97.0,100.0,0.0016400000000000002,0.004138541715088483,0.0,0.01,0.0069900000000000006,0.008252757600221155,0.0,0.03,0.99137,0.009181906523560756,0.97,1.0,0.008629999999999999,0.009181906523560747,0.0,0.03,0.0,0.0,0.0,0.0,0.0016400000000000002,0.004138541715088483,0.0,0.01,0.6787110535635572,0.014089305480588479,0.6520309914517707,0.7065404789769064,0.5415836014545591,0.041601581460362455,0.45985401459854014,0.6260162601626016,sigma_q,0.2
low_veto_frac,,geometric,0.0,0.0,0.0,0.0,1.0,0.0,1.0,1.0,0.8287936843736188,0.00926015012027522,0.8106043652058271,0.8461970301312958,0.0,0.0,0.0,0.0,0.001,0.03162277660168379,0.0,0.0,99.999,0.03162277660168379,100.0,100.0,0.0,0.0,0.0,0.0,1e-05,0.00031622776601683794,0.0,0.0,0.99999,0.0003162277660168382,1.0,1.0,1e-05,0.00031622776601683794,0.0,0.0,0.0,0.0,0.0,0.0,0.0,0.0,0.0,0.0,0.9999999999999999,0.0,0.9999999999999999,0.9999999999999999,1.0,0.0,1.0,1.0,sigma_q,0.0
low_veto_frac,,linear,0.009710000000000002,0.011469413561618895,0.0,0.04,0.9902900000000001,0.011469413561618907,0.96,1.0,0.8471523540249992,0.008399320932154833,0.830519636945308,0.8638581422161016,0.971,1.1469413561618897,0.0,4.0,2.658,1.6203893549581414,0.0,6.0,96.371,2.031621639598891,92.0,100.0,0.009710000000000002,0.011469413561618895,0.0,0.04,0.026580000000000003,0.016203893549581416,0.0,0.06,0.9637100000000001,0.020316216395988906,0.92,1.0,0.036289999999999996,0.020316216395988913,0.0,0.08,0.009710000000000002,0.011469413561618895,0.0,0.04,0.0,0.0,0.0,0.0,1.0,0.0,1.0,1.0,1.0,0.0,1.0,1.0,sigma_q,0.0
low_veto_frac,,min,0.0,0.0,0.0,0.0,1.0,0.0,1.0,1.0,0.7565308182384056,0.011255102906560394,0.7348666349037349,0.7783214774163179,0.0,0.0,0.0,0.0,0.0,0.0,0.0,0.0,100.0,0.0,100.0,100.0,0.0,0.0,0.0,0.0,0.0,0.0,0.0,0.0,1.0,0.0,1.0,1.0,0.0,0.0,0.0,0.0,0.0,0.0,0.0,0.0,0.0,0.0,0.0,0.0,0.9999999999999999,0.0,0.9999999999999999,0.9999999999999999,1.0,0.0,1.0,1.0,sigma_q,0.0
low_veto_frac,,geometric,0.0,0.0,0.0,0.0,1.0,0.0,1.0,1.0,0.8280830867074676,0.00927092625899917,0.809934910595819,0.8458122804491522,0.0,0.0,0.0,0.0,0.088,0.3005766896257033,0.0,1.0,99.912,0.3005766896257033,99.0,100.0,0.0,0.0,0.0,0.0,0.0008800000000000001,0.0030057668962570326,0.0,0.01,0.9991200000000001,0.003005766896257035,0.99,1.0,0.0008800000000000001,0.0030057668962570326,0.0,0.01,0.0,0.0,0.0,0.0,0.0,0.0,0.0,0.0,0.9189941392668245,0.0055294052842328155,0.9071301151987513,0.9291526724033459,0.8750136412077597,0.03149725379715155,0.8181818181818182,0.941747572815534,sigma_q,0.05
low_veto_frac,,linear,0.014990000000000002,0.013790942320599056,0.0,0.05,0.9850100000000002,0.013790942320599069,0.95,1.0,0.8470752682184188,0.008260210038434445,0.8303733547284342,0.8632210708632679,1.499,1.3790942320599056,0.0,5.0,2.64,1.5927764868106689,0.0,6.0,95.861,2.1919132016308227,91.0,99.0,0.014990000000000002,0.013790942320599056,0.0,0.05,0.0264,0.015927764868106688,0.0,0.06,0.9586099999999999,0.02191913201630822,0.91,0.99,0.04139,0.021919132016308226,0.01,0.09,0.0045,0.0071274680497916505,0.0,0.02,0.01054,0.01116391656333175,0.0,0.04,0.9574068468468468,0.0014035815665247467,0.9546580580580581,0.9600810810810811,0.8882261835200488,0.030382923104887244,0.8348623853211009,0.941747572815534,sigma_q,0.05
low_veto_frac,,min,0.0,0.0,0.0,0.0,1.0,0.0,1.0,1.0,0.7568174359011889,0.011287860262192891,0.734559706831131,0.7784494597498115,0.0,0.0,0.0,0.0,0.0,0.0,0.0,0.0,100.0,0.0,100.0,100.0,0.0,0.0,0.0,0.0,0.0,0.0,0.0,0.0,1.0,0.0,1.0,1.0,0.0,0.0,0.0,0.0,0.0,0.0,0.0,0.0,0.0,0.0,0.0,0.0,0.9058215804700547,0.00447758614231632,0.8967827284997162,0.9143301601087246,0.8284337982329807,0.03654159609383276,0.7543859649122807,0.9047619047619048,sigma_q,0.05
low_veto_frac,,geometric,5.9999999999999995e-05,0.0007726558075864033,0.0,0.0,0.99994,0.0007726558075864039,1.0,1.0,0.8266349641952039,0.00927102292620428,0.8078651821494152,0.8445293700904173,0.006,0.07726558075864033,0.0,0.0,0.527,0.7223522636448181,0.0,2.0,99.467,0.726249570353359,98.0,100.0,5.9999999999999995e-05,0.0007726558075864033,0.0,0.0,0.0052699999999999995,0.007223522636448181,0.0,0.02,0.99467,0.007262495703533596,0.98,1.0,0.00533,0.00726249570353359,0.0,0.02,0.0,0.0,0.0,0.0,5.9999999999999995e-05,0.0007726558075864033,0.0,0.0,0.8533328729810467,0.008865697137738115,0.8348825731287588,0.8696548790048512,0.7716007265323328,0.03967053330680042,0.6949152542372882,0.8518518518518519,sigma_q,0.1
low_veto_frac,,linear,0.02129,0.015558855291375968,0.0,0.06,0.9787100000000001,0.01555885529137598,0.94,1.0,0.8458603699733358,0.008377842605032187,0.8294681822321137,0.8623894553786255,2.129,1.5558855291375968,0.0,6.0,2.825,1.6772561486511797,0.0,6.0,95.046,2.3416591057127354,90.0,99.0,0.02129,0.015558855291375968,0.0,0.06,0.02825,0.016772561486511798,0.0,0.06,0.9504600000000001,0.023416591057127338,0.9,0.99,0.04954000000000001,0.023416591057127352,0.01,0.1,0.0039299999999999995,0.006503644931682341,0.0,0.02,0.01751,0.013276903862579416,0.0,0.05,0.9162970010010011,0.002641074659224916,0.9107122122122122,0.9211375375375376,0.7917413517289331,0.03701704587040617,0.7241379310344828,0.8691588785046729,sigma_q,0.1
low_veto_frac,,min,0.0,0.0,0.0,0.0,1.0,0.0,1.0,1.0,0.7582265892779435,0.011245087836557352,0.7365356940243839,0.780117580557514,0.0,0.0,0.0,0.0,0.0,0.0,0.0,0.0,100.0,0.0,100.0,100.0,0.0,0.0,0.0,0.0,0.0,0.0,0.0,0.0,1.0,0.0,1.0,1.0,0.0,0.0,0.0,0.0,0.0,0.0,0.0,0.0,0.0,0.0,0.0,0.0,0.8161045722849486,0.008648606819472179,0.7985165732094802,0.8325855769607999,0.7008591577771816,0.04158056648438201,0.6129032258064516,0.7857142857142857,sigma_q,0.1
low_veto_frac,,geometric,0.00252,0.005007461899473093,0.0,0.02,0.9974800000000001,0.005007461899473097,0.98,1.0,0.8241244035438523,0.009645971044154787,0.8045924500584235,0.8428458394747107,0.252,0.5007461899473092,0.0,2.0,1.177,1.075559309302759,0.0,4.0,98.571,1.1842133935069985,96.0,100.0,0.00252,0.005007461899473093,0.0,0.02,0.01177,0.010755593093027588,0.0,0.04,0.9857100000000002,0.011842133935069995,0.96,1.0,0.01429,0.011842133935069984,0.0,0.04,0.0,0.0,0.0,0.0,0.00252,0.005007461899473093,0.0,0.02,0.7915990765056617,0.0113519785894519,0.7685374991527102,0.8127449797090638,0.6856808989804568,0.041114525141992736,0.6129032258064516,0.7699115044247787,sigma_q,0.15
low_veto_frac,,linear,0.02757,0.016990696977575222,0.0,0.06,0.97243,0.016990696977575236,0.94,1.0,0.8432047720182994,0.00878195911159782,0.826007694035406,0.8598739067749205,2.757,1.6990696977575221,0.0,6.0,3.125,1.799614851465061,0.0,7.0,94.118,2.551585112549959,89.0,99.0,0.02757,0.016990696977575222,0.0,0.06,0.03125000000000001,0.01799614851465061,0.0,0.07,0.9411799999999999,0.025515851125499568,0.89,0.99,0.058820000000000004,0.02551585112549959,0.01,0.11,0.00289,0.005725441527138382,0.0,0.02,0.02496,0.01548024670468911,0.0,0.06,0.8777801001001001,0.0037801529556785725,0.8698808808808809,0.8846690690690692,0.7106293964105244,0.04032302821594357,0.639344262295082,0.7857142857142857,sigma_q,0.15
low_veto_frac,,min,0.0,0.0,0.0,0.0,1.0,0.0,1.0,1.0,0.7602186152102014,0.011445673871447461,0.7360827308683742,0.7817232962521892,0.0,0.0,0.0,0.0,0.093,0.3137665524708608,0.0,1.0,99.907,0.3137665524708608,99.0,100.0,0.0,0.0,0.0,0.0,0.00093,0.003137665524708608,0.0,0.01,0.9990699999999999,0.0031376655247086107,0.99,1.0,0.00093,0.003137665524708608,0.0,0.01,0.0,0.0,0.0,0.0,0.0,0.0,0.0,0.0,0.7335765397739353,0.012168037038569002,0.7097600722755996,0.7568160252220292,0.5977322681316207,0.04364623142516882,0.5148667122351333,0.680672268907563,sigma_q,0.15
low_veto_frac,,geometric,0.008639999999999998,0.009001746021268953,0.0,0.03,0.9913600000000001,0.009001746021268962,0.97,1.0,0.8221183617236688,0.00955845018057989,0.8034006335399753,0.8397962805597983,0.864,0.9001746021268954,0.0,3.0,2.057,1.4477039914453669,0.0,5.0,97.079,1.6821381003320115,93.0,100.0,0.008639999999999998,0.009001746021268953,0.0,0.03,0.02057,0.01447703991445367,0.0,0.05,0.9707900000000002,0.016821381003320122,0.93,1.0,0.02921,0.016821381003320115,0.0,0.07,0.0,0.0,0.0,0.0,0.008639999999999998,0.009001746021268953,0.0,0.03,0.7333920716355071,0.013886572286602705,0.7054000609278333,0.759259484493149,0.6157247383707855,0.04296076083478463,0.5384615384615384,0.6949152542372882,sigma_q,0.2
low_veto_frac,,linear,0.03436,0.018695987268393718,0.0,0.07,0.9656399999999999,0.018695987268393728,0.9299999999999999,1.0,0.8404822052812337,0.008607396255980618,0.8233104448487828,0.8566579253346488,3.436,1.8695987268393714,0.0,7.0,3.546,1.8845252546557807,1.0,8.0,93.018,2.6890345678155403,87.0,98.0,0.03436,0.018695987268393718,0.0,0.07,0.03546,0.01884525254655781,0.01,0.08,0.9301799999999999,0.02689034567815538,0.87,0.98,0.06982,0.0268903456781554,0.02,0.13,0.0022400000000000002,0.005040615816327189,0.0,0.02,0.032400000000000005,0.017893019872569308,0.0,0.07,0.842502898898899,0.005062879859920366,0.8321281281281282,0.8523287287287287,0.6429356082954423,0.04222850318122361,0.5625,0.7241379310344828,sigma_q,0.2
low_veto_frac,,min,0.00027,0.0017407268970548284,0.0,0.00024999999999977265,0.99973,0.0017407268970548295,0.99975,1.0,0.7628783217363148,0.011302584875132938,0.7414009261633842,0.7854364473285819,0.027,0.1740726897054828,0.0,0.024999999999977263,0.606,0.7741856129917188,0.0,2.0,99.367,0.791794125980951,98.0,100.0,0.00027,0.0017407268970548284,0.0,0.00024999999999977265,0.006059999999999999,0.007741856129917188,0.0,0.02,0.99367,0.007917941259809517,0.98,1.0,0.00633,0.007917941259809508,0.0,0.02,0.0,0.0,0.0,0.0,0.00027,0.0017407268970548284,0.0,0.00024999999999977265,0.6599398610075647,0.014596335001564483,0.6312506528838762,0.6879476860301608,0.5163985241721268,0.04506029668366879,0.42857142857142855,0.6129032258064516,sigma_q,0.2
weak_heavy,,geometric,0.0,0.0,0.0,0.0,1.0,0.0,1.0,1.0,0.7791057388139022,0.011774746442648438,0.756670837904598,0.8019518405435796,0.0,0.0,0.0,0.0,4.825,2.449974974847167,1.0,10.0,95.175,2.449974974847167,90.0,99.0,0.0,0.0,0.0,0.0,0.04825000000000001,0.02449974974847167,0.01,0.1,0.95175,0.024499749748471657,0.9,0.99,0.04825000000000001,0.02449974974847167,0.01,0.1,0.0,0.0,0.0,0.0,0.0,0.0,0.0,0.0,0.9999999999999999,0.0,0.9999999999999999,0.9999999999999999,1.0,0.0,1.0,1.0,sigma_q,0.0
weak_heavy,,linear,0.29145000000000004,0.046703090675871535,0.2,0.39,0.7085499999999999,0.04670309067587155,0.61,0.8,0.8783317783448412,0.008108806833089522,0.8627825372794335,0.894227690495439,29.145,4.670309067587153,20.0,39.0,15.066,3.5693675048087137,8.0,23.0,55.789,5.264236999907127,46.0,66.0,0.29145000000000004,0.046703090675871535,0.2,0.39,0.15066,0.03569367504808714,0.08,0.23,0.5578900000000001,0.05264236999907127,0.46,0.66,0.44211,0.05264236999907127,0.34,0.54,0.29145000000000004,0.046703090675871535,0.2,0.39,0.0,0.0,0.0,0.0,1.0,0.0,1.0,1.0,1.0,0.0,1.0,1.0,sigma_q,0.0
weak_heavy,,min,0.0,0.0,0.0,0.0,1.0,0.0,1.0,1.0,0.6676493660234318,0.015350215794238075,0.6376615467242359,0.6978578168909569,0.0,0.0,0.0,0.0,0.0,0.0,0.0,0.0,100.0,0.0,100.0,100.0,0.0,0.0,0.0,0.0,0.0,0.0,0.0,0.0,1.0,0.0,1.0,1.0,0.0,0.0,0.0,0.0,0.0,0.0,0.0,0.0,0.0,0.0,0.0,0.0,0.9999999999999999,0.0,0.9999999999999999,0.9999999999999999,1.0,0.0,1.0,1.0,sigma_q,0.0
weak_heavy,,geometric,0.0003,0.0017644016303305528,0.0,0.01,0.9997,0.0017644016303305545,0.99,1.0,0.779430900945049,0.011705097060700827,0.7558860198190039,0.8025987610390616,0.03,0.1764401630330553,0.0,1.0,6.275,2.633307674638364,2.0,12.0,93.695,2.651604421101686,88.0,98.0,0.0003,0.0017644016303305528,0.0,0.01,0.06275000000000001,0.026333076746383643,0.02,0.12,0.9369500000000001,0.026516044211016835,0.88,0.98,0.06305000000000001,0.02651604421101686,0.02,0.12,0.0,0.0,0.0,0.0,0.0003,0.0017644016303305528,0.0,0.01,0.7283915618568033,0.01570416597118498,0.6966471311438921,0.758556094621971,0.8657137693410566,0.03290048756957691,0.8018018018018018,0.9230769230769231,sigma_q,0.05
weak_heavy,,linear,0.31043999999999994,0.0469873835642528,0.22,0.41,0.68956,0.0469873835642528,0.5900000000000001,0.78,0.8798644397036371,0.008072476069260216,0.8643317256969097,0.8952916580753052,31.044,4.69873835642528,22.0,41.0,14.58,3.477023107442585,8.0,22.0,54.376,5.279820120089368,44.0,64.0,0.31043999999999994,0.0469873835642528,0.22,0.41,0.1458,0.03477023107442585,0.08,0.22,0.54376,0.052798201200893666,0.44,0.64,0.45624000000000003,0.05279820120089368,0.36,0.56,0.14139,0.03600644892744027,0.07,0.21,0.17695999999999998,0.03730616772264541,0.11,0.25,0.960968012012012,0.0013579568713182819,0.9581417417417418,0.963555955955956,0.8755213181894071,0.03142886841139568,0.8181818181818182,0.941747572815534,sigma_q,0.05
weak_heavy,,min,0.0,0.0,0.0,0.0,1.0,0.0,1.0,1.0,0.6684611069357597,0.015366024443190908,0.6375915678446678,0.6987639171503928,0.0,0.0,0.0,0.0,0.001,0.0316227766016838,0.0,0.0,99.999,0.03162277660168379,100.0,100.0,0.0,0.0,0.0,0.0,1e-05,0.0003162277660168379,0.0,0.0,0.99999,0.00031622776601683816,1.0,1.0,1e-05,0.0003162277660168379,0.0,0.0,0.0,0.0,0.0,0.0,0.0,0.0,0.0,0.0,0.8257799892782446,0.007936827273881696,0.8098355132855151,0.840521731713447,0.8437337833929356,0.03468112523133874,0.7699115044247787,0.9047619047619048,sigma_q,0.05
weak_heavy,,geometric,0.024800000000000003,0.015639840299843364,0.0,0.06,0.9752000000000002,0.015639840299843378,0.94,1.0,0.7854357207458839,0.011474717077868153,0.7624681926403171,0.8076776628391887,2.48,1.5639840299843366,0.0,6.0,9.269,3.0508928114483056,4.0,16.0,88.251,3.5800580743635733,81.0,95.0,0.024800000000000003,0.015639840299843364,0.0,0.06,0.09269000000000001,0.030508928114483056,0.04,0.16,0.88251,0.03580058074363574,0.81,0.95,0.11749000000000001,0.03580058074363573,0.05,0.19,0.0,0.0,0.0,0.0,0.024800000000000003,0.015639840299843364,0.0,0.06,0.6154955451079053,0.019455913676428457,0.5777410765411791,0.6535591630361082,0.7365373450205748,0.04002392222577399,0.6528925619834711,0.8022113022113019,sigma_q,0.1
weak_heavy,,linear,0.32484999999999997,0.047785572728188175,0.23,0.42,0.67515,0.04778557272818816,0.5800000000000001,0.77,0.8794450212438621,0.008045842561672251,0.8624298464720452,0.8945246498455584,32.485,4.7785572728188175,23.0,42.0,14.667,3.509762018916586,8.0,22.0,52.848,5.194408327988653,42.975,62.02499999999998,0.32484999999999997,0.047785572728188175,0.23,0.42,0.14667000000000002,0.03509762018916586,0.08,0.22,0.5284800000000001,0.05194408327988654,0.42975,0.6202499999999997,0.47152,0.05194408327988654,0.37975000000000003,0.5702499999999997,0.13051000000000001,0.034476492404659276,0.07,0.2,0.20613,0.03957384476127117,0.13,0.28,0.9248505505505505,0.0025361305421721485,0.9197362362362361,0.9295576576576577,0.7696851161797611,0.038505465077762244,0.6949152542372882,0.8348623853211009,sigma_q,0.1
weak_heavy,,min,1e-05,0.0003162277660168378,0.0,0.0,0.99999,0.00031622776601683805,1.0,1.0,0.6712529801959652,0.015184123296554154,0.6417564972364291,0.7003085606725526,0.001,0.0316227766016838,0.0,0.0,0.353,0.5785548597373682,0.0,2.0,99.646,0.5805351160963659,98.0,100.0,1e-05,0.0003162277660168378,0.0,0.0,0.00353,0.0057855485973736815,0.0,0.02,0.9964600000000001,0.005805351160963664,0.98,1.0,0.00354,0.005805351160963659,0.0,0.02,0.0,0.0,0.0,0.0,1e-05,0.0003162277660168378,0.0,0.0,0.7039283230100518,0.01235211694756835,0.6783136761598298,0.7265497003592258,0.7144160073683118,0.04017048620211236,0.639344262295082,0.7857142857142857,sigma_q,0.1
weak_heavy,,geometric,0.07887000000000002,0.026516527416428914,0.03,0.13,0.9211299999999999,0.026516527416428893,0.87,0.97,0.7950032326452435,0.011027051621590787,0.7730828510909216,0.8157636681199852,7.887,2.651652741642891,3.0,13.0,11.794,3.3296622427283293,6.0,18.0,80.319,4.242550911684884,72.0,88.0,0.07887000000000002,0.026516527416428914,0.03,0.13,0.11794000000000003,0.0332966224272833,0.06,0.18,0.8031900000000001,0.04242550911684883,0.72,0.88,0.19681,0.042425509116848836,0.12,0.28,0.0,0.0,0.0,0.0,0.07887000000000002,0.026516527416428914,0.03,0.13,0.5350762082082189,0.021385504150227646,0.49446457796762516,0.5758946623772985,0.6158173212377274,0.04349947408430752,0.5384615384615384,0.6949152542372882,sigma_q,0.15
weak_heavy,,linear,0.33469000000000004,0.04656040991842503,0.25,0.43,0.66531,0.046560409918425014,0.5700000000000001,0.75,0.8768030749881269,0.008085575044185757,0.8613799894679393,0.8928193558759083,33.469,4.656040991842502,25.0,43.0,14.975,3.5000893739482746,8.0,22.0,51.556,5.1576608521175045,42.0,61.0,0.33469000000000004,0.04656040991842503,0.25,0.43,0.14975,0.03500089373948275,0.08,0.22,0.5155599999999999,0.051576608521175044,0.42,0.61,0.48444,0.05157660852117505,0.39,0.58,0.11508000000000002,0.03510877705398219,0.05,0.19,0.23248000000000002,0.04073461561017741,0.16,0.31,0.8914180220220221,0.003759224483875645,0.8839055055055056,0.8986268268268268,0.6819576774501397,0.04192967926085728,0.6,0.7699115044247787,sigma_q,0.15
weak_heavy,,min,0.00138,0.0037295454829656535,0.0,0.01,0.9986200000000001,0.003729545482965657,0.99,1.0,0.676482642953552,0.015016323976902567,0.6449903389478095,0.7062748400744151,0.138,0.3729545482965653,0.0,1.0,2.86,1.7301425933700938,0.0,6.0,97.002,1.7700647245592824,93.0,100.0,0.00138,0.0037295454829656535,0.0,0.01,0.0286,0.017301425933700938,0.0,0.06,0.97002,0.017700647245592834,0.93,1.0,0.029980000000000003,0.017700647245592827,0.0,0.07,0.0,0.0,0.0,0.0,0.00138,0.0037295454829656535,0.0,0.01,0.6041731627674217,0.015270885307021144,0.5735303151412463,0.6326013023825668,0.6027953049000787,0.04467830045188795,0.5151515151515151,0.6949152542372882,sigma_q,0.15
weak_heavy,,geometric,0.13385,0.03415617285563686,0.07,0.2002499999999998,0.8661500000000001,0.03415617285563685,0.7997500000000001,0.9299999999999999,0.8034767061378175,0.011236158231024623,0.7818687478092055,0.8252817371381846,13.385,3.4156172855636857,7.0,20.024999999999977,14.238,3.4999436574901615,8.0,22.0,72.377,4.592162775747279,63.0,81.0,0.13385,0.03415617285563686,0.07,0.2002499999999998,0.14238,0.03499943657490161,0.08,0.22,0.72377,0.0459216277574728,0.63,0.81,0.27623000000000003,0.0459216277574728,0.19,0.37,0.0,0.0,0.0,0.0,0.13385,0.03415617285563686,0.07,0.2002499999999998,0.4731590557035341,0.02170016652020956,0.4273993627117138,0.5148433365717295,0.517427348243739,0.04282146893879868,0.43884892086330934,0.6,sigma_q,0.2
weak_heavy,,linear,0.34238999999999997,0.0477563458460608,0.25,0.43,0.6576099999999999,0.047756345846060776,0.5700000000000001,0.75,0.8731448158271264,0.008324801660915766,0.8557978262755175,0.8883645418300086,34.239,4.775634584606079,25.0,43.0,15.603,3.4781444030529394,9.0,22.0,50.158,5.145630526331396,40.0,60.0,0.34238999999999997,0.0477563458460608,0.25,0.43,0.15603,0.03478144403052939,0.09,0.22,0.50158,0.05145630526331396,0.4,0.6,0.49842,0.05145630526331396,0.4,0.6,0.09917000000000002,0.03345340386612744,0.04,0.16024999999999978,0.25577,0.0420282461384421,0.17,0.34,0.8608236156156156,0.00470058999564033,0.8512969969969971,0.8699140140140141,0.6047148583373672,0.041750837432012224,0.5267175572519084,0.6949152542372882,sigma_q,0.2
weak_heavy,,min,0.01326,0.011760557414965954,0.0,0.04,0.9867400000000001,0.011760557414965966,0.96,1.0,0.685509594019506,0.015236411114927824,0.6564047193064612,0.7143914527863793,1.326,1.1760557414965955,0.0,4.0,7.238,2.72116900628402,3.0,13.0,91.436,2.99112869179025,85.0,97.0,0.01326,0.011760557414965954,0.0,0.04,0.07238000000000003,0.0272116900628402,0.03,0.13,0.91436,0.02991128691790249,0.85,0.97,0.08564000000000002,0.0299112869179025,0.03,0.15,0.0,0.0,0.0,0.0,0.01326,0.011760557414965954,0.0,0.04,0.5229116014456484,0.017154561301137367,0.48657528498300046,0.5548212149703792,0.5032047539938701,0.04346885562712044,0.41843971631205673,0.5873015873015873,sigma_q,0.2
weak_sparse,,geometric,0.0,0.0,0.0,0.0,1.0,0.0,1.0,1.0,0.7993096040552572,0.010409961775624203,0.780683146065889,0.8200633260898444,0.0,0.0,0.0,0.0,32.758,5.076534960699789,23.0,43.0,67.242,5.076534960699789,57.0,77.0,0.0,0.0,0.0,0.0,0.32758,0.05076534960699789,0.23,0.43,0.6724199999999999,0.05076534960699789,0.57,0.77,0.32758,0.05076534960699789,0.23,0.43,0.0,0.0,0.0,0.0,0.0,0.0,0.0,0.0,0.9999999999999999,0.0,0.9999999999999999,0.9999999999999999,1.0,0.0,1.0,1.0,sigma_q,0.0
weak_sparse,,linear,0.41661000000000004,0.0477649389132802,0.32,0.5002499999999998,0.58339,0.04776493891328019,0.49975,0.6799999999999999,0.9062095719960326,0.006009944035711141,0.8939308755700133,0.9177043256099714,41.661,4.77649389132802,32.0,50.02499999999998,30.575,4.558854917428077,22.0,40.0,27.764,4.410187496439777,19.0,37.0,0.41661000000000004,0.0477649389132802,0.32,0.5002499999999998,0.30575,0.04558854917428076,0.22,0.4,0.27764,0.044101874964397776,0.19,0.37,0.72236,0.04410187496439778,0.63,0.81,0.41661000000000004,0.0477649389132802,0.32,0.5002499999999998,0.0,0.0,0.0,0.0,1.0,0.0,1.0,1.0,1.0,0.0,1.0,1.0,sigma_q,0.0
weak_sparse,,min,0.0,0.0,0.0,0.0,1.0,0.0,1.0,1.0,0.5925062861314438,0.016865985847353184,0.5608215013023353,0.6248452430719053,0.0,0.0,0.0,0.0,0.0,0.0,0.0,0.0,100.0,0.0,100.0,100.0,0.0,0.0,0.0,0.0,0.0,0.0,0.0,0.0,1.0,0.0,1.0,1.0,0.0,0.0,0.0,0.0,0.0,0.0,0.0,0.0,0.0,0.0,0.0,0.0,0.9999999999999999,0.0,0.9999999999999999,0.9999999999999999,1.0,0.0,1.0,1.0,sigma_q,0.0
weak_sparse,,geometric,0.00613,0.008073926448035569,0.0,0.03,0.9938700000000001,0.008073926448035576,0.97,1.0,0.799219373759692,0.01048523232168055,0.7795005022067412,0.820123352066257,0.613,0.807392644803557,0.0,3.0,34.614,5.05475563747196,25.0,45.0,64.773,5.12598739237103,55.0,75.0,0.00613,0.008073926448035569,0.0,0.03,0.34614,0.05054755637471959,0.25,0.45,0.64773,0.05125987392371029,0.55,0.75,0.35226999999999997,0.05125987392371029,0.25,0.45,0.0,0.0,0.0,0.0,0.00613,0.008073926448035569,0.0,0.03,0.7173459269161286,0.015922873445839644,0.6851656321883307,0.7478275331428474,0.7581237249035798,0.039413983449436744,0.680672268907563,0.8348623853211009,sigma_q,0.05
weak_sparse,,linear,0.43637,0.047701137287264946,0.34,0.53,0.5636299999999999,0.047701137287264946,0.47,0.6599999999999999,0.9066045388942713,0.006016302184533049,0.8943009761434044,0.9178491172049369,43.637,4.770113728726495,34.0,53.0,29.508,4.5102414878006565,21.975,38.0,26.855,4.25535933654058,18.0,35.0,0.43637,0.047701137287264946,0.34,0.53,0.29508000000000006,0.045102414878006564,0.21975000000000003,0.38,0.26855,0.0425535933654058,0.18,0.35,0.73145,0.042553593365405804,0.65,0.82,0.2005,0.03999436897301356,0.12,0.28,0.24187999999999998,0.042784297307494674,0.16,0.33,0.9596461821821822,0.00128985111035371,0.9570329329329329,0.9620508508508507,0.8736523280094707,0.03168794662161375,0.8018018018018018,0.9230769230769231,sigma_q,0.05
weak_sparse,,min,0.0,0.0,0.0,0.0,1.0,0.0,1.0,1.0,0.5955145778341134,0.017021777657735684,0.5619712067920505,0.628779924757113,0.0,0.0,0.0,0.0,2.345,1.6645557202285977,0.0,6.0,97.655,1.6645557202285979,94.0,100.0,0.0,0.0,0.0,0.0,0.023450000000000002,0.016645557202285978,0.0,0.06,0.9765500000000001,0.01664555720228599,0.94,1.0,0.023450000000000002,0.016645557202285978,0.0,0.06,0.0,0.0,0.0,0.0,0.0,0.0,0.0,0.0,0.7746321029880167,0.007884001286803333,0.7592806562591596,0.790063589444009,0.679360814115357,0.04157154207807884,0.6,0.7543859649122807,sigma_q,0.05
weak_sparse,,geometric,0.07884000000000002,0.02748471956942275,0.03,0.14,0.92116,0.02748471956942273,0.86,0.97,0.807115061894224,0.010515263602120342,0.7865485254271718,0.8273739417815275,7.884,2.748471956942275,3.0,14.0,35.749,4.826519894737231,27.0,45.0,56.367,5.142057151739151,47.0,66.0,0.07884000000000002,0.02748471956942275,0.03,0.14,0.35749000000000003,0.048265198947372315,0.27,0.45,0.5636700000000001,0.0514205715173915,0.47,0.66,0.43633,0.05142057151739151,0.34,0.53,0.0,0.0,0.0,0.0,0.07884000000000002,0.02748471956942275,0.03,0.14,0.5698582553803014,0.0204677544291251,0.5313452228042715,0.6099182221656686,0.5662163522857745,0.04312642811171327,0.48148148148148145,0.6528925619834711,sigma_q,0.1
weak_sparse,,linear,0.44846,0.04713650655543165,0.35,0.54,0.55154,0.04713650655543165,0.45999999999999996,0.65,0.9044690788760058,0.0060999915806622665,0.8924092175042979,0.9158700767499396,44.846,4.713650655543164,35.0,54.0,28.924,4.436880650852569,20.0,38.0,26.23,4.291563528309643,18.0,35.0,0.44846,0.04713650655543165,0.35,0.54,0.28924,0.044368806508525684,0.2,0.38,0.2623,0.042915635283096436,0.18,0.35,0.7377,0.04291563528309645,0.65,0.82,0.19316000000000003,0.03951678094146809,0.12,0.27,0.27018,0.043608133063332,0.19,0.36,0.9230756276276277,0.0024200150475202986,0.9182556556556557,0.927868968968969,0.7696322944329245,0.040152634331016686,0.6949152542372882,0.8518518518518519,sigma_q,0.1
weak_sparse,,min,0.0006200000000000001,0.0026500231362428938,0.0,0.01,0.9993800000000002,0.002650023136242896,0.99,1.0,0.6052613853731527,0.0170915676550435,0.571049731572984,0.6385251002287888,0.062,0.26500231362428933,0.0,1.0,15.203,3.9518866897228224,8.0,24.0,84.735,3.9679364308818657,76.0,92.0,0.0006200000000000001,0.0026500231362428938,0.0,0.01,0.15203000000000003,0.03951886689722822,0.08,0.24,0.8473499999999999,0.03967936430881866,0.76,0.92,0.15264999999999998,0.03967936430881866,0.08,0.24,0.0,0.0,0.0,0.0,0.0006200000000000001,0.0026500231362428938,0.0,0.01,0.5950724287026466,0.013976591016450858,0.5688850959805384,0.6223394843718799,0.47073618698324887,0.04077753292906913,0.3888888888888889,0.5503875968992248,sigma_q,0.1
weak_sparse,,geometric,0.15921000000000002,0.03492414058492486,0.09,0.23,0.8407899999999999,0.034924140584924844,0.77,0.91,0.8129774172471079,0.010388010915913525,0.7931480868255918,0.8329020234584908,15.921,3.4924140584924857,9.0,23.0,36.019,4.745013609480393,27.0,45.0,48.06,5.0061423732712065,38.975,58.0,0.15921000000000002,0.03492414058492486,0.09,0.23,0.36018999999999995,0.04745013609480393,0.27,0.45,0.4806,0.050061423732712065,0.38975000000000004,0.58,0.5194,0.05006142373271206,0.42,0.6102499999999997,0.0,0.0,0.0,0.0,0.15921000000000002,0.03492414058492486,0.09,0.23,0.4651576259956106,0.023446081661689457,0.4191136159146207,0.5128494061725833,0.44089497007899514,0.03971352510878285,0.36054421768707484,0.5151515151515151,sigma_q,0.15
weak_sparse,,linear,0.45557,0.046911360839095,0.36,0.54,0.5444300000000001,0.04691136083909501,0.45999999999999996,0.64,0.9006117672582994,0.006421748386677466,0.8873854483457428,0.9123327095885816,45.557,4.6911360839095,36.0,54.0,29.014,4.394896940670979,21.0,37.02499999999998,25.429,4.192437898828739,17.0,33.02499999999998,0.45557,0.046911360839095,0.36,0.54,0.29014000000000006,0.043948969406709774,0.21,0.37024999999999975,0.25429,0.041924378988287395,0.17,0.33024999999999977,0.74571,0.0419243789882874,0.6697500000000001,0.83,0.18109,0.0396873655838604,0.11,0.26,0.2969,0.04399460791421518,0.21,0.38,0.890725913913914,0.0034240395864398665,0.8831908908908909,0.8970005005005005,0.6780904823698015,0.04260039282954998,0.6,0.7543859649122807,sigma_q,0.15
weak_sparse,,min,0.01332,0.011238500963380476,0.0,0.04,0.9866800000000002,0.011238500963380487,0.96,1.0,0.6220567810314644,0.01575264385237087,0.5918789487623756,0.651593754368985,1.332,1.1238500963380478,0.0,4.0,27.364,4.522605218008527,19.0,37.0,71.304,4.655884584186046,62.0,80.0,0.01332,0.011238500963380476,0.0,0.04,0.27364,0.04522605218008527,0.19,0.37,0.71304,0.04655884584186045,0.62,0.8,0.28696000000000005,0.04655884584186045,0.2,0.38,0.0,0.0,0.0,0.0,0.01332,0.011238500963380476,0.0,0.04,0.4676753946200198,0.01749196077348821,0.4338959165246242,0.5041643665257108,0.34396201509630486,0.0367941175856956,0.27388535031847133,0.41843971631205673,sigma_q,0.15
weak_sparse,,geometric,0.21573,0.03996578992543954,0.14,0.3,0.78427,0.039965789925439546,0.7,0.86,0.8148656802317461,0.010641368203245176,0.794360061730416,0.8353492767402994,21.573,3.9965789925439537,14.0,30.0,36.633,5.051913779235829,27.0,46.0,41.794,4.949147205131209,32.0,52.0,0.21573,0.03996578992543954,0.14,0.3,0.36633,0.05051913779235829,0.27,0.46,0.41794,0.04949147205131209,0.32,0.52,0.5820599999999999,0.04949147205131209,0.48,0.68,0.0,0.0,0.0,0.0,0.21573,0.03996578992543954,0.14,0.3,0.3890599468680489,0.024517068380526433,0.34057043592587605,0.4354926241255503,0.36528983710599366,0.03817036776922095,0.2987012987012987,0.43884892086330934,sigma_q,0.2
weak_sparse,,linear,0.45588999999999996,0.04568035239131365,0.36,0.55,0.5441100000000001,0.045680352391313656,0.44999999999999996,0.64,0.8948280459743826,0.0070090092135080195,0.8813506669668264,0.9080622520862475,45.589,4.568035239131365,36.0,55.0,29.366,4.5390138407639435,21.0,38.0,25.045,4.118973287233232,17.0,33.0,0.45588999999999996,0.04568035239131365,0.36,0.55,0.29366,0.04539013840763944,0.21,0.38,0.25045,0.041189732872332324,0.17,0.33,0.74955,0.04118973287233234,0.67,0.83,0.16417,0.039505338522429746,0.09,0.24,0.31676,0.04403000160164704,0.24,0.4002499999999998,0.8617282042042042,0.004383789527300412,0.8529242242242243,0.870088988988989,0.6020799437746532,0.04409208790206242,0.5151515151515151,0.6949152542372882,sigma_q,0.2
weak_sparse,,min,0.04222000000000001,0.019633060307987064,0.01,0.08,0.95778,0.019633060307987064,0.92,0.99,0.6424508260610846,0.01568485408291606,0.6101886537547334,0.6707310202311816,4.222,1.9633060307987065,1.0,8.0,35.476,4.740875436024438,26.0,45.0,60.302,4.845851656652139,51.0,70.0,0.04222000000000001,0.019633060307987064,0.01,0.08,0.35475999999999996,0.047408754360244366,0.26,0.45,0.60302,0.048458516566521385,0.51,0.7,0.39698,0.048458516566521385,0.3,0.49,0.0,0.0,0.0,0.0,0.04222000000000001,0.019633060307987064,0.01,0.08,0.3780358930688379,0.019680309643808347,0.3389081070653879,0.4148372463717229,0.2646490400609651,0.03274043921385869,0.20481927710843373,0.3333333333333333,sigma_q,0.2
