q_weak,mode,delta,v_mean,v_std,v_ci_low,v_ci_high,w_weak_mean,w_weak_std,w_weak_ci_low,w_weak_ci_high,e_weak_context_mean,e_weak_context_std,e_weak_context_ci_low,e_weak_context_ci_high,s_veto_given_weak_mean,s_veto_given_weak_std,s_veto_given_weak_ci_low,s_veto_given_weak_ci_high,n_veto_topk_mean,n_veto_topk_std,n_veto_topk_ci_low,n_veto_topk_ci_high,n_weak_nv_topk_mean,n_weak_nv_topk_std,n_weak_nv_topk_ci_low,n_weak_nv_topk_ci_high,n_normal_topk_mean,n_normal_topk_std,n_normal_topk_ci_low,n_normal_topk_ci_high,p_threshold_mean,p_threshold_std,p_threshold_ci_low,p_threshold_ci_high,mean_R_topk_mean,mean_R_topk_std,mean_R_topk_ci_low,mean_R_topk_ci_high,frac_Rprime1_topk_mean,frac_Rprime1_topk_std,frac_Rprime1_topk_ci_low,frac_Rprime1_topk_ci_high,contrib_veto_R_mean,contrib_veto_R_std,contrib_veto_R_ci_low,contrib_veto_R_ci_high,contrib_weak_nv_R_mean,contrib_weak_nv_R_std,contrib_weak_nv_R_ci_low,contrib_weak_nv_R_ci_high,contrib_normal_R_mean,contrib_normal_R_std,contrib_normal_R_ci_low,contrib_normal_R_ci_high,veto_inclusion_mean,veto_inclusion_std,veto_inclusion_ci_low,veto_inclusion_ci_high,veto_frac_sat_mean,veto_frac_sat_std,veto_frac_sat_ci_low,veto_frac_sat_ci_high,veto_mean_P_all_mean,veto_mean_P_all_std,veto_mean_P_all_ci_low,veto_mean_P_all_ci_high,veto_mean_R_orig_all_mean,veto_mean_R_orig_all_std,veto_mean_R_orig_all_ci_low,veto_mean_R_orig_all_ci_high,veto_mean_P_sel_mean,veto_mean_P_sel_std,veto_mean_P_sel_ci_low,veto_mean_P_sel_ci_high,veto_mean_P_nsel_mean,veto_mean_P_nsel_std,veto_mean_P_nsel_ci_low,veto_mean_P_nsel_ci_high,veto_mean_R_orig_sel_mean,veto_mean_R_orig_sel_std,veto_mean_R_orig_sel_ci_low,veto_mean_R_orig_sel_ci_high,veto_mean_R_orig_nsel_mean,veto_mean_R_orig_nsel_std,veto_mean_R_orig_nsel_ci_low,veto_mean_R_orig_nsel_ci_high,veto_count_topk_mean,veto_count_topk_std,veto_count_topk_ci_low,veto_count_topk_ci_high,veto_P_q25_mean,veto_P_q25_std,veto_P_q25_ci_low,veto_P_q25_ci_high,veto_P_q50_mean,veto_P_q50_std,veto_P_q50_ci_low,veto_P_q50_ci_high,veto_P_q75_mean,veto_P_q75_std,veto_P_q75_ci_low,veto_P_q75_ci_high,veto_P_q90_mean,veto_P_q90_std,veto_P_q90_ci_low,veto_P_q90_ci_high,veto_P_q95_mean,veto_P_q95_std,veto_P_q95_ci_low,veto_P_q95_ci_high,weak_nv_inclusion_mean,weak_nv_inclusion_std,weak_nv_inclusion_ci_low,weak_nv_inclusion_ci_high,weak_nv_frac_sat_mean,weak_nv_frac_sat_std,weak_nv_frac_sat_ci_low,weak_nv_frac_sat_ci_high,weak_nv_mean_P_all_mean,weak_nv_mean_P_all_std,weak_nv_mean_P_all_ci_low,weak_nv_mean_P_all_ci_high,weak_nv_mean_R_orig_all_mean,weak_nv_mean_R_orig_all_std,weak_nv_mean_R_orig_all_ci_low,weak_nv_mean_R_orig_all_ci_high,weak_nv_mean_P_sel_mean,weak_nv_mean_P_sel_std,weak_nv_mean_P_sel_ci_low,weak_nv_mean_P_sel_ci_high,weak_nv_mean_P_nsel_mean,weak_nv_mean_P_nsel_std,weak_nv_mean_P_nsel_ci_low,weak_nv_mean_P_nsel_ci_high,weak_nv_mean_R_orig_sel_mean,weak_nv_mean_R_orig_sel_std,weak_nv_mean_R_orig_sel_ci_low,weak_nv_mean_R_orig_sel_ci_high,weak_nv_mean_R_orig_nsel_mean,weak_nv_mean_R_orig_nsel_std,weak_nv_mean_R_orig_nsel_ci_low,weak_nv_mean_R_orig_nsel_ci_high,weak_nv_count_topk_mean,weak_nv_count_topk_std,weak_nv_count_topk_ci_low,weak_nv_count_topk_ci_high,weak_nv_P_q25_mean,weak_nv_P_q25_std,weak_nv_P_q25_ci_low,weak_nv_P_q25_ci_high,weak_nv_P_q50_mean,weak_nv_P_q50_std,weak_nv_P_q50_ci_low,weak_nv_P_q50_ci_high,weak_nv_P_q75_mean,weak_nv_P_q75_std,weak_nv_P_q75_ci_low,weak_nv_P_q75_ci_high,weak_nv_P_q90_mean,weak_nv_P_q90_std,weak_nv_P_q90_ci_low,weak_nv_P_q90_ci_high,weak_nv_P_q95_mean,weak_nv_P_q95_std,weak_nv_P_q95_ci_low,weak_nv_P_q95_ci_high,normal_inclusion_mean,normal_inclusion_std,normal_inclusion_ci_low,normal_inclusion_ci_high,normal_frac_sat_mean,normal_frac_sat_std,normal_frac_sat_ci_low,normal_frac_sat_ci_high,normal_mean_P_all_mean,normal_mean_P_all_std,normal_mean_P_all_ci_low,normal_mean_P_all_ci_high,normal_mean_R_orig_all_mean,normal_mean_R_orig_all_std,normal_mean_R_orig_all_ci_low,normal_mean_R_orig_all_ci_high,normal_mean_P_sel_mean,normal_mean_P_sel_std,normal_mean_P_sel_ci_low,normal_mean_P_sel_ci_high,normal_mean_P_nsel_mean,normal_mean_P_nsel_std,normal_mean_P_nsel_ci_low,normal_mean_P_nsel_ci_high,normal_mean_R_orig_sel_mean,normal_mean_R_orig_sel_std,normal_mean_R_orig_sel_ci_low,normal_mean_R_orig_sel_ci_high,normal_mean_R_orig_nsel_mean,normal_mean_R_orig_nsel_std,normal_mean_R_orig_nsel_ci_low,normal_mean_R_orig_nsel_ci_high,normal_count_topk_mean,normal_count_topk_std,normal_count_topk_ci_low,normal_count_topk_ci_high,normal_P_q25_mean,normal_P_q25_std,normal_P_q25_ci_low,normal_P_q25_ci_high,normal_P_q50_mean,normal_P_q50_std,normal_P_q50_ci_low,normal_P_q50_ci_high,normal_P_q75_mean,normal_P_q75_std,normal_P_q75_ci_low,normal_P_q75_ci_high,normal_P_q90_mean,normal_P_q90_std,normal_P_q90_ci_low,normal_P_q90_ci_high,normal_P_q95_mean,normal_P_q95_std,normal_P_q95_ci_low,normal_P_q95_ci_high,pairwise_weak_gt_veto_mean,pairwise_weak_gt_veto_std,pairwise_weak_gt_veto_ci_low,pairwise_weak_gt_veto_ci_high,pairwise_sat_weak_gt_veto_mean,pairwise_sat_weak_gt_veto_std,pairwise_sat_weak_gt_veto_ci_low,pairwise_sat_weak_gt_veto_ci_high,n_veto_weak_pairs_mean,n_veto_weak_pairs_std,n_veto_weak_pairs_ci_low,n_veto_weak_pairs_ci_high,n_sat_pairs_mean,n_sat_pairs_std,n_sat_pairs_ci_low,n_sat_pairs_ci_high
0.1,clipped,0.0,0.07748000000000002,0.03595194211919771,0.02,0.15,0.00196,0.004402019738458447,0.0,0.01,0.07944000000000002,0.03621599091558863,0.02,0.16,0.9722444753349386,0.07080515472761938,0.75,1.0,7.748,3.5951942119197704,2.0,15.0,0.196,0.44020197384584475,0.0,1.0,92.056,3.621599091558863,84.0,98.0,0.7239368757481967,0.005924010147132053,0.7122908609888099,0.7358245535207217,0.8502395437426117,0.007968103239384421,0.8353422132994193,0.866130931328862,0.0,0.0,0.0,0.0,0.07556063242550073,0.03483344495041059,0.019452944079407175,0.14626084860640529,0.0018817793394638788,0.004224466105646195,0.0,0.00987322351619363,0.772797131977647,0.033822606938839345,0.7023438618987188,0.8298958980904362,0.03874000000000001,0.017975971059598854,0.01,0.075,0.0,0.0,0.0,0.0,0.6003608019231512,0.006511676576726282,0.5867935415060017,0.6124468905885974,0.8004810692308684,0.008682235435635042,0.782391388674669,0.8165958541181298,0.732560977937005,0.004567991917434263,0.7238728238189772,0.7416003175870464,0.5950549055355043,0.0067632052749303185,0.5811293150074238,0.6076063554514263,0.9767479705826735,0.006090655889912344,0.9651637650919698,0.9888004234493953,0.7934065407140057,0.009017607033240425,0.7748390866765651,0.8101418072685687,7.748,3.5951942119197704,2.0,15.0,0.5467742359380537,0.011046869151447493,0.525238388418376,0.5672460943747252,0.6156681892603328,0.008166159917058692,0.5979499976200019,0.6305464291030745,0.6695061979452919,0.0066575385687219725,0.6559706899993235,0.6824334539533107,0.7037533727988332,0.005753519418783043,0.6914533139984932,0.7138339571819866,0.7180156310045268,0.0055133741566151355,0.7064811196935517,0.7280374275456437,0.008849365299504622,0.020220079010352752,0.0,0.06260416666666657,0.0,0.0,0.0,0.0,0.39026370217035694,0.03560907118641838,0.3226022141852868,0.4607549997625115,0.49836502499636204,0.047448176840252175,0.40853537319360517,0.5925969784967686,0.7382928145237395,0.010828271237915563,0.7187123742634867,0.7625440469791006,0.3871947332620156,0.03487857564151238,0.32095369870629903,0.45484550965919246,0.9603889040385704,0.014755490150212524,0.933542461860445,0.989322350912754,0.4942913635414209,0.046474538882103004,0.4059316241842413,0.584363389229833,0.196,0.44020197384584475,0.0,1.0,0.2679960397271045,0.050434119806783015,0.1793116702050847,0.37513788099561673,0.39049396788811896,0.051121667530213424,0.28889391289792715,0.49544328305061563,0.5101812481313747,0.051576598589286975,0.41054974398047067,0.6101929790021903,0.5984596543293367,0.04793671856413181,0.4945381299196976,0.6840596699045349,0.6354582180836787,0.04603883109831514,0.5374757486076092,0.714252521214965,0.11838839996110587,0.004644758306210208,0.10852363090772689,0.1261412830736976,0.0,0.0,0.0,0.0,0.5030333558415693,0.006167659890901045,0.49079416279415194,0.5154307152516518,0.4999043693317479,0.007769797538172694,0.48477398268601524,0.5156156930729666,0.7888144709096832,0.006533996212397712,0.7772564569409863,0.8020635442557925,0.46465154414062376,0.006049389789690892,0.45317650101283424,0.47660561645823485,0.8393758026530578,0.008700818410470735,0.8227542640511224,0.8557698770456721,0.45431300304794736,0.007827817947689423,0.4394978050735217,0.4696878239818936,92.056,3.621599091558863,84.0,98.0,0.370088604244226,0.008848516943848823,0.35257354887575704,0.38798620773706854,0.5028388833361512,0.009349227186955458,0.4851548986041265,0.5206180379647134,0.6361539433232388,0.008805208201669933,0.6192750039126075,0.6534148420524467,0.7381768770587112,0.008819455999892648,0.7214101793361367,0.7559603401121477,0.7889693788509163,0.009715618851699278,0.7704195794129158,0.8084216477827214,0.146254376899147,0.05177952683510965,0.05749784482758621,0.2594187499999999,,,,,4482.6,946.9709573128386,2600.0,6400.0,0.0,0.0,0.0,0.0
0.1,clipped,0.05,0.22131,0.0449221760592906,0.13,0.31,0.004430000000000001,0.0065968643019709465,0.0,0.02,0.22574,0.04531341639852049,0.14,0.32,0.9802178322744595,0.029827358017016373,0.9090909090909092,1.0,22.131,4.49221760592906,13.0,31.0,0.443,0.6596864301970945,0.0,2.0,77.426,4.531341639852049,68.0,86.0,0.7394277503342093,0.005153974019670625,0.7289512441789598,0.75,0.8744564618004568,0.007585624264739588,0.8609063101108143,0.8886446213823291,0.14453,0.03720165403665626,0.08,0.22,0.21204974182621375,0.042692159060214174,0.12603395794594896,0.29821354784085596,0.0041702789085394515,0.006206080361623939,0.0,0.019044449391016398,0.6582364410657034,0.04046138986509421,0.5756384120715641,0.7352828151998978,0.110655,0.0224610880296453,0.065,0.155,0.07194999999999999,0.018784311282300195,0.03987500000000001,0.11,0.6369094963246869,0.006422041965229535,0.6235237694287682,0.6487576965817601,0.8004810692308684,0.008682235435635042,0.782391388674669,0.8165958541181298,0.7477063390785379,0.001810315330920088,0.7430449598335972,0.75,0.623111477768322,0.006982424781263755,0.609523102769733,0.6365533180181838,0.9585108255179907,0.005422687158395381,0.947251444165753,0.9690996584409586,0.7808238942194957,0.00931784046382775,0.7626974703596439,0.7987399204087681,22.131,4.49221760592906,13.0,31.0,0.5842742359380537,0.011046869151447489,0.5627383884183761,0.6047460943747253,0.6531681892603328,0.008166159917058689,0.635449997620002,0.6680464291030745,0.7070061979452918,0.00665753856872197,0.6934706899993236,0.7199334539533108,0.741147702853873,0.005556595315627794,0.7289533139984933,0.75,0.749469539504646,0.0016681998713719357,0.7439726978613568,0.75,0.019992484736820006,0.02996752915335984,0.0,0.0952380952380952,0.006866538655746658,0.01758639851574445,0.0,0.0588235294117647,0.4276769993406859,0.03556082514957974,0.3601022141852868,0.4982549997625116,0.49836502499636204,0.047448176840252175,0.40853537319360517,0.5925969784967686,0.7567954420955592,0.010518907957714853,0.7366053309339966,0.7739034467681127,0.42096273399910333,0.034871999704495296,0.3560686647823704,0.4869068412048577,0.9417086989386196,0.020902522039285342,0.9074103420354795,0.9832994701867139,0.48932547236700813,0.04645456644932943,0.402039650308351,0.5770154044460563,0.443,0.6596864301970945,0.0,2.0,0.30549603972710454,0.050434119806783015,0.21681167020508468,0.41263788099561677,0.42799396788811894,0.05112166753021344,0.3263939128979272,0.5329432830506157,0.5476812481313748,0.05157659858928697,0.44804974398047065,0.6476929790021904,0.6359561698035167,0.04792787306498413,0.5320381299196977,0.721559669904535,0.6727954959949118,0.045814280567265796,0.5749757486076091,0.7501474221166038,0.09957337993864038,0.005819216527192215,0.0872913992297817,0.1109677419354838,0.0,0.0,0.0,0.0,0.5030333558415693,0.006167659890901045,0.49079416279415194,0.5154307152516518,0.4999043693317479,0.007769797538172694,0.48477398268601524,0.5156156930729666,0.799736799621822,0.006380668305878706,0.7875502557852418,0.8125312721818063,0.4702162308940598,0.005993839520432551,0.45883016124925863,0.48193712771938363,0.8500436959288559,0.008653773505961243,0.8326811465192757,0.8661260574777944,0.46117948401161,0.007747063989187565,0.44675179559547457,0.47647124968121657,77.426,4.531341639852049,68.0,86.0,0.370088604244226,0.008848516943848823,0.35257354887575704,0.38798620773706854,0.5028388833361512,0.009349227186955458,0.4851548986041265,0.5206180379647134,0.6361539433232388,0.008805208201669933,0.6192750039126075,0.6534148420524467,0.7381768770587112,0.008819455999892648,0.7214101793361367,0.7559603401121477,0.7889693788509163,0.009715618851699278,0.7704195794129158,0.8084216477827214,0.14662324018491313,0.052008221483534,0.05749784482758621,0.26041696428571415,1.0,0.0,1.0,1.0,4482.6,946.9709573128386,2600.0,6400.0,2.123,5.5800544807383385,0.0,18.0
0.1,clipped,0.1,0.30951,0.07317933530112934,0.15975000000000003,0.44024999999999975,0.00907,0.009525010542032267,0.0,0.03,0.31858,0.0722689864769557,0.17,0.45,0.9693190570232764,0.034636812500554,0.8887820512820512,1.0,30.951,7.317933530112934,15.975000000000001,44.02499999999998,0.907,0.9525010542032266,0.0,3.0,68.142,7.226898647695571,55.0,83.0,0.7498823830054737,0.0006896405359904125,0.7481064348069844,0.75,0.8827632841295282,0.007952737960061991,0.8650850567334226,0.8980107694325912,0.31445999999999996,0.07137508530855009,0.16,0.44024999999999975,0.2901844069521836,0.06857686983618283,0.1482892568231296,0.4167957624011845,0.008320449988805786,0.008746482798159627,0.0,0.02784999396432558,0.5842584271885387,0.062405082628763604,0.46894850950802786,0.7151367249032703,0.154755,0.03658966765056467,0.07987500000000002,0.22012499999999988,0.22657999999999998,0.030398645984281564,0.17,0.28512499999999985,0.6689549068029942,0.005980774357519386,0.6567229058652317,0.6800694786316394,0.8004810692308684,0.008682235435635042,0.782391388674669,0.8165958541181298,0.7499946536221765,3.782812129593098e-05,0.7499616390251497,0.75,0.6539580327851398,0.007973804003316327,0.6374751392779611,0.6685831404073823,0.9375843089796719,0.004834624140938409,0.9281749181140923,0.9470454229346872,0.775111982653446,0.011964525278100848,0.7509540353981986,0.7975705132462392,30.951,7.317933530112934,15.975000000000001,44.02499999999998,0.6217742359380537,0.01104686915144749,0.600238388418376,0.6422460943747252,0.6906681892603328,0.00816615991705869,0.6729499976200018,0.7055464291030744,0.7437482658233739,0.005545078886468392,0.7309706899993236,0.75,0.75,0.0,0.75,0.75,0.75,0.0,0.75,0.75,0.040859070811167936,0.04348019819119933,0.0,0.15,0.027335515374175775,0.03570789712227395,0.0,0.117830882352941,0.4645876987709898,0.03530071236209318,0.3976022141852868,0.5348695577336146,0.49836502499636204,0.047448176840252175,0.40853537319360517,0.5925969784967686,0.7636270657446633,0.006364356293557957,0.7513946740509736,0.7739322914755548,0.45178958045280404,0.034501117764144676,0.38322739300751324,0.5195067296505418,0.9170168744837721,0.026272422782477278,0.8760573798792992,0.9730605742895869,0.48043820274770704,0.04596028563989479,0.3906852287295291,0.5698326596561519,0.907,0.9525010542032266,0.0,3.0,0.3429960397271045,0.05043411980678301,0.25431167020508477,0.4501378809956168,0.465493967888119,0.051121667530213424,0.36389391289792716,0.5704432830506158,0.5851800104823841,0.05157263527060483,0.4855497439804707,0.6851929790021903,0.673078140468114,0.047292007760930656,0.5695381299196977,0.7544557286139738,0.7080147271414102,0.0429381837340243,0.6124757486076091,0.7683269669435328,0.08763201981198274,0.009275280410569605,0.07033023520919277,0.10737734517960439,0.0,0.0,0.0,0.0,0.5030333558415693,0.006167659890901045,0.49079416279415194,0.5154307152516518,0.4999043693317479,0.007769797538172694,0.48477398268601524,0.5156156930729666,0.8075238179729812,0.005426919305055354,0.7972816848586289,0.8179304046898259,0.4737848179405198,0.00578206783739371,0.46249991934885093,0.4846168385384984,0.8573844734423853,0.008115863503269507,0.841701054738951,0.8740780688859139,0.4655664435281766,0.007470306609467007,0.4501915911314758,0.47949273670323017,68.142,7.226898647695571,55.0,83.0,0.370088604244226,0.008848516943848823,0.35257354887575704,0.38798620773706854,0.5028388833361512,0.009349227186955458,0.4851548986041265,0.5206180379647134,0.6361539433232388,0.008805208201669933,0.6192750039126075,0.6534148420524467,0.7381768770587112,0.008819455999892648,0.7214101793361367,0.7559603401121477,0.7889693788509163,0.009715618851699278,0.7704195794129158,0.8084216477827214,0.15068316231761347,0.05456779664695361,0.05749784482758621,0.27501875,1.0,0.0,1.0,1.0,4482.6,946.9709573128386,2600.0,6400.0,27.378,36.025170768907245,0.0,118.12499999999989
0.1,clipped,0.15,0.30241999999999997,0.07518108668937817,0.14,0.44,0.01721,0.01305704355458717,0.0,0.05,0.31962999999999997,0.07368305295176289,0.17,0.46,0.9421481646298173,0.04957928366104375,0.8333333333333334,1.0,30.242,7.518108668937817,14.0,44.0,1.721,1.3057043554587169,0.0,5.0,68.037,7.368305295176287,54.0,83.0,0.75,0.0,0.75,0.75,0.8739932752541024,0.00694949775504174,0.8600840162629954,0.8870046074529055,0.31584,0.07396462103712263,0.16,0.46,0.2753246038172975,0.06844901390276235,0.12764484681654928,0.40415145851423,0.015255246414550538,0.01160221866883158,0.0,0.044067857555629336,0.5834134250222544,0.06355326026137359,0.4649172371503175,0.7151367249032703,0.15120999999999998,0.03759054334468909,0.07,0.22,0.40195,0.03381776369219498,0.335,0.47,0.6946718773610725,0.005270183455319413,0.6837988500430451,0.7045481277642253,0.8004810692308684,0.008682235435635042,0.782391388674669,0.8165958541181298,0.75,0.0,0.75,0.75,0.6847006617572563,0.006731263145688341,0.6711379968199661,0.6968396908832606,0.9104405387979735,0.006908964892667427,0.8967815798973301,0.9236976811850489,0.7806680660872869,0.011417639975723322,0.7574722256550901,0.8013288645116704,30.242,7.518108668937817,14.0,44.0,0.6592742359380537,0.011046869151447493,0.637738388418376,0.6797460943747252,0.7281669435443703,0.008162777669566966,0.7104499976200019,0.7430464291030745,0.75,0.0,0.75,0.75,0.75,0.0,0.75,0.75,0.75,0.0,0.75,0.75,0.07754772565391048,0.059350493768045284,0.0,0.217391304347826,0.0604651935603634,0.05257680286076864,0.0,0.1764705882352941,0.5004691721976442,0.034701772732566735,0.4345434921509463,0.5679730831101482,0.49836502499636204,0.047448176840252175,0.40853537319360517,0.5925969784967686,0.7647633490139477,0.005414149948698725,0.7529915545661963,0.7741263076640588,0.4781464171668859,0.033669908571511455,0.41514096410227824,0.5441931016176677,0.8859921184938473,0.03162928451503707,0.8301990236571123,0.9540241672580938,0.46559117388811627,0.04485297536657883,0.3818999523430873,0.5532319968335402,1.721,1.3057043554587169,0.0,5.0,0.3804960397271045,0.05043411980678301,0.29181167020508475,0.4876378809956168,0.502993967888119,0.05112166753021344,0.4013939128979271,0.6079432830506156,0.6225951547004926,0.05136131102314938,0.5230497439804708,0.7226929790021903,0.7074079399692494,0.04326224427500759,0.6070381299196976,0.7666220480878205,0.7361409926503868,0.034646608398137345,0.6499757486076091,0.7715333019972226,0.08749684135143215,0.009456636860063967,0.0696774193548387,0.10737734517960439,0.0,0.0,0.0,0.0,0.5030333558415693,0.006167659890901045,0.49079416279415194,0.5154307152516518,0.4999043693317479,0.007769797538172694,0.48477398268601524,0.5156156930729666,0.8076297291787778,0.00541169318340541,0.7973430479306144,0.8181657334341028,0.47382492711980284,0.005778248608795435,0.46251319487968356,0.4846168385384984,0.8574767708092139,0.008122838690597628,0.841701054738951,0.8741592703390029,0.4656161076014312,0.0074653312199854,0.4504614088197558,0.479987898180876,68.037,7.368305295176287,54.0,83.0,0.370088604244226,0.008848516943848823,0.35257354887575704,0.38798620773706854,0.5028388833361512,0.009349227186955458,0.4851548986041265,0.5206180379647134,0.6361539433232388,0.008805208201669933,0.6192750039126075,0.6534148420524467,0.7381768770587112,0.008819455999892648,0.7214101793361367,0.7559603401121477,0.7889693788509163,0.009715618851699278,0.7704195794129158,0.8084216477827214,0.1623677826477239,0.061154268722765255,0.05749784482758621,0.30089945652173905,1.0,0.0,1.0,1.0,4482.6,946.9709573128386,2600.0,6400.0,107.614,93.66075667717693,0.0,328.0999999999999
0.1,clipped,0.2,0.29120999999999997,0.07562906620906842,0.13,0.43,0.02842,0.016216243910553596,0.0,0.06,0.31962999999999997,0.07368305295176289,0.17,0.46,0.9047794896919253,0.06370003458808533,0.7646358543417366,1.0,29.121,7.562906620906842,13.0,43.0,2.842,1.6216243910553596,0.0,6.0,68.037,7.368305295176287,54.0,83.0,0.75,0.0,0.75,0.75,0.8656886450663224,0.00644877007836983,0.8526077790976931,0.8785427789651034,0.31444,0.07403355568502278,0.16,0.45,0.258027584191655,0.06711716712290051,0.1152875709060017,0.3852747341067821,0.024247635852412956,0.013864158134417092,0.0,0.05299845016390964,0.5834134250222544,0.06355326026137359,0.4649172371503175,0.7151367249032703,0.14560499999999998,0.03781453310453421,0.065,0.215,0.566215,0.03545639478191388,0.49,0.63,0.713931809725269,0.004382396935899232,0.7049826933247149,0.7219651054626149,0.8004810692308684,0.008682235435635042,0.782391388674669,0.8165958541181298,0.75,0.0,0.75,0.75,0.707714170279409,0.0053725877181263525,0.6972848633817901,0.7174930273053226,0.8859434315950367,0.009449711780811424,0.8675527686182735,0.9046226323197808,0.785723736190956,0.010769749434583663,0.7643818536585801,0.8056087904580802,29.121,7.562906620906842,13.0,43.0,0.6967742359380539,0.011046869151447493,0.675238388418376,0.7172460943747252,0.7498236876021859,0.0011871386775946277,0.7479427207958947,0.75,0.75,0.0,0.75,0.75,0.75,0.0,0.75,0.75,0.75,0.0,0.75,0.75,0.12810756453306374,0.07185679281582646,0.0,0.29417211328976023,0.10507536697487815,0.06531529578350728,0.0,0.25,0.5349239925096001,0.03373099471336632,0.4715908103889605,0.5994377913327006,0.49836502499636204,0.047448176840252175,0.40853537319360517,0.5925969784967686,0.7650170152052114,0.0045443288533978405,0.7547769479925438,0.7730703451361074,0.5011202923751259,0.03220283146420027,0.44122919054124715,0.5617543379343557,0.85322957726906,0.035981107736562185,0.7920162289922507,0.9299714215209822,0.4462112119066746,0.042899159769235314,0.3651481780272523,0.527608009412954,2.842,1.6216243910553596,0.0,6.0,0.41799603972710453,0.050434119806783015,0.3293116702050848,0.5251378809956168,0.540493967888119,0.05112166753021343,0.4388939128979272,0.6454432830506157,0.6596350621735221,0.05041184056708869,0.5605497439804706,0.7559821383674022,0.7348359471385194,0.034510523861667974,0.6445381299196976,0.7699891482018854,0.7542587172891997,0.02361623417821028,0.685952943649302,0.7729725830307946,0.08749684135143215,0.009456636860063967,0.0696774193548387,0.10737734517960439,0.0,0.0,0.0,0.0,0.5030333558415693,0.006167659890901045,0.49079416279415194,0.5154307152516518,0.4999043693317479,0.007769797538172694,0.48477398268601524,0.5156156930729666,0.8076297291787778,0.00541169318340541,0.7973430479306144,0.8181657334341028,0.47382492711980284,0.005778248608795435,0.46251319487968356,0.4846168385384984,0.8574767708092139,0.008122838690597628,0.841701054738951,0.8741592703390029,0.4656161076014312,0.0074653312199854,0.4504614088197558,0.479987898180876,68.037,7.368305295176287,54.0,83.0,0.370088604244226,0.008848516943848823,0.35257354887575704,0.38798620773706854,0.5028388833361512,0.009349227186955458,0.4851548986041265,0.5206180379647134,0.6361539433232388,0.008805208201669933,0.6192750039126075,0.6534148420524467,0.7381768770587112,0.008819455999892648,0.7214101793361367,0.7559603401121477,0.7889693788509163,0.009715618851699278,0.7704195794129158,0.8084216477827214,0.18713667947240264,0.07092571136403604,0.06538397129186599,0.3500986842105262,1.0,0.0,1.0,1.0,4482.6,946.9709573128386,2600.0,6400.0,262.99,164.7208999334173,0.0,605.0
0.1,clipped,0.25,0.27929999999999994,0.07608086683456163,0.12,0.42,0.040330000000000005,0.019554372234195438,0.01,0.08,0.31962999999999997,0.07368305295176289,0.17,0.46,0.8654184576012365,0.07882349929528795,0.6873125,0.975609756097561,27.93,7.608086683456162,12.0,42.0,4.033,1.9554372234195438,1.0,8.0,68.037,7.368305295176287,54.0,83.0,0.75,0.0,0.75,0.75,0.8582147509621924,0.006510296996696904,0.8457448260629042,0.8709259855612039,0.31410999999999994,0.07415191438126467,0.16,0.45,0.2415933516205565,0.06590539812955933,0.1044439860782507,0.3637654262920887,0.03320797431938152,0.01611008241831404,0.007580258351036155,0.06770202180871217,0.5834134250222544,0.06355326026137359,0.4649172371503175,0.7151367249032703,0.13964999999999997,0.03804043341728081,0.06,0.21,0.701455,0.03360263549354591,0.63,0.765,0.7275478567075784,0.0034673434451240053,0.7205078896119488,0.734163295049235,0.8004810692308684,0.008682235435635042,0.782391388674669,0.8165958541181298,0.75,0.0,0.75,0.75,0.7238635795467926,0.004126526055469844,0.715729876082146,0.7315154093041437,0.8649392888697,0.012349327812077277,0.8405868702792986,0.8891453885003726,0.7898892935973729,0.010247880165613937,0.7696125256510193,0.8088009075286585,27.93,7.608086683456162,12.0,42.0,0.733966453810225,0.010477731930976807,0.712738388418376,0.75,0.75,0.0,0.75,0.75,0.75,0.0,0.75,0.75,0.75,0.0,0.75,0.75,0.75,0.0,0.75,0.75,0.1815539047349568,0.08424184905515775,0.04,0.360090909090909,0.1569636520873095,0.07806663855477028,0.032500000000000015,0.3333333333333333,0.5675197408084373,0.0322970884266279,0.5058215723831737,0.6310532668765033,0.49836502499636204,0.047448176840252175,0.40853537319360517,0.5925969784967686,0.7653943447318409,0.0037187446609478836,0.7572345258541733,0.7721242683125918,0.5235063889979915,0.03181848586561882,0.45924658591642475,0.585486388635623,0.8242142442668912,0.037860878293770904,0.7579445461442456,0.9081628803440563,0.4260621827805425,0.04238317787668851,0.3405847807163858,0.5095281111638943,4.033,1.9554372234195438,1.0,8.0,0.4554960397271045,0.050434119806783015,0.36681167020508476,0.5626378809956167,0.5779814024939434,0.05107626689849206,0.47639391289792715,0.6829432830506158,0.6945256194628989,0.04639450828754319,0.5980497439804707,0.7636251419363336,0.7527603349774717,0.023249179386948912,0.6820381299196976,0.7716854232228862,0.7634530861431451,0.013991789418889377,0.7220992277710572,0.7735519262990639,0.08749684135143215,0.009456636860063967,0.0696774193548387,0.10737734517960439,0.0,0.0,0.0,0.0,0.5030333558415693,0.006167659890901045,0.49079416279415194,0.5154307152516518,0.4999043693317479,0.007769797538172694,0.48477398268601524,0.5156156930729666,0.8076297291787778,0.00541169318340541,0.7973430479306144,0.8181657334341028,0.47382492711980284,0.005778248608795435,0.46251319487968356,0.4846168385384984,0.8574767708092139,0.008122838690597628,0.841701054738951,0.8741592703390029,0.4656161076014312,0.0074653312199854,0.4504614088197558,0.479987898180876,68.037,7.368305295176287,54.0,83.0,0.370088604244226,0.008848516943848823,0.35257354887575704,0.38798620773706854,0.5028388833361512,0.009349227186955458,0.4851548986041265,0.5206180379647134,0.6361539433232388,0.008805208201669933,0.6192750039126075,0.6534148420524467,0.7381768770587112,0.008819455999892648,0.7214101793361367,0.7559603401121477,0.7889693788509163,0.009715618851699278,0.7704195794129158,0.8084216477827214,0.22121954841830832,0.08144134608463811,0.07938722222222222,0.3912582236842105,1.0,0.0,1.0,1.0,4482.6,946.9709573128386,2600.0,6400.0,487.921,251.45666667283692,117.97500000000016,1022.0
0.1,clipped,0.3,0.26541,0.07636926190663468,0.1,0.41,0.054220000000000004,0.022845426533849474,0.02,0.10024999999999978,0.31962999999999997,0.07368305295176289,0.17,0.46,0.819667865652201,0.0950891541482858,0.5909090909090909,0.9565217391304348,26.541,7.636926190663469,10.0,41.0,5.422,2.2845426533849476,2.0,10.024999999999977,68.037,7.368305295176287,54.0,83.0,0.75,0.0,0.75,0.75,0.851200620270502,0.007048949176612138,0.8366923501175346,0.865169140161853,0.31331,0.0739080936454615,0.16,0.46,0.2248269878253841,0.06483803130429244,0.08587047063537963,0.3454613167617087,0.042960207422863536,0.018106883733441225,0.014366729994879389,0.08271618063153285,0.5834134250222544,0.06355326026137359,0.4649172371503175,0.7151367249032703,0.132705,0.03818463095331734,0.05,0.205,0.8046850000000001,0.028008217280563116,0.75,0.855,0.7367115086038455,0.002625607515223747,0.7313335628036313,0.7417706639904044,0.8004810692308684,0.008682235435635042,0.782391388674669,0.8165958541181298,0.75,0.0,0.75,0.75,0.7346567243293145,0.003063279710923816,0.7283617282229948,0.740552287084857,0.8469462826906197,0.01521029597190668,0.8177681623465157,0.8758854559893322,0.7932760561766852,0.009860919677850235,0.7734216576009157,0.8116381537965075,26.541,7.636926190663469,10.0,41.0,0.7499081088449907,0.0006954568722696733,0.7495957674385072,0.75,0.75,0.0,0.75,0.75,0.75,0.0,0.75,0.75,0.75,0.0,0.75,0.75,0.75,0.0,0.75,0.75,0.2433565577807415,0.09360858961819946,0.07400793650793644,0.43756249999999997,0.21510361460699898,0.0896962584747785,0.0526315789473684,0.41188725490196065,0.59806323926778,0.030454195185725917,0.539266634543033,0.6563915088021558,0.49836502499636204,0.047448176840252175,0.40853537319360517,0.5925969784967686,0.7654790664025178,0.0030071014428820955,0.7593681296841325,0.7709372119187036,0.544030943028097,0.03127895462646222,0.48086807041940904,0.6030460443516307,0.7932749778095521,0.03847545623311541,0.7217853254750813,0.8763136313522252,0.4034261618264095,0.04165875720861178,0.31989309082851985,0.4821520961713141,5.422,2.2845426533849476,2.0,10.024999999999977,0.49299603972710454,0.05043411980678302,0.4043116702050847,0.6001378809956167,0.6153950745398687,0.05084383793507666,0.5138939128979272,0.7189621227608529,0.7242944306142668,0.038137808735139084,0.6355497439804708,0.7664685794654458,0.7622361721008304,0.013328155842197079,0.7192567603394466,0.7727461764581072,0.7680182798492677,0.007538767537030445,0.7503278558209783,0.7740500982197128,0.08749684135143215,0.009456636860063967,0.0696774193548387,0.10737734517960439,0.0,0.0,0.0,0.0,0.5030333558415693,0.006167659890901045,0.49079416279415194,0.5154307152516518,0.4999043693317479,0.007769797538172694,0.48477398268601524,0.5156156930729666,0.8076297291787778,0.00541169318340541,0.7973430479306144,0.8181657334341028,0.47382492711980284,0.005778248608795435,0.46251319487968356,0.4846168385384984,0.8574767708092139,0.008122838690597628,0.841701054738951,0.8741592703390029,0.4656161076014312,0.0074653312199854,0.4504614088197558,0.479987898180876,68.037,7.368305295176287,54.0,83.0,0.370088604244226,0.008848516943848823,0.35257354887575704,0.38798620773706854,0.5028388833361512,0.009349227186955458,0.4851548986041265,0.5206180379647134,0.6361539433232388,0.008805208201669933,0.6192750039126075,0.6534148420524467,0.7381768770587112,0.008819455999892648,0.7214101793361367,0.7559603401121477,0.7889693788509163,0.009715618851699278,0.7704195794129158,0.8084216477827214,0.2679381565678095,0.09110343034847573,0.10359833916083912,0.46098906249999994,1.0,0.0,1.0,1.0,4482.6,946.9709573128386,2600.0,6400.0,769.924,342.34719778001374,163.0,1540.2499999999998
0.1,unclipped,0.0,0.07748000000000002,0.03595194211919771,0.02,0.15,0.00196,0.004402019738458447,0.0,0.01,0.07944000000000002,0.03621599091558863,0.02,0.16,0.9722444753349386,0.07080515472761938,0.75,1.0,7.748,3.5951942119197704,2.0,15.0,0.196,0.44020197384584475,0.0,1.0,92.056,3.621599091558863,84.0,98.0,0.7239368757481967,0.005924010147132053,0.7122908609888099,0.7358245535207217,0.8502395437426117,0.007968103239384421,0.8353422132994193,0.866130931328862,0.0,0.0,0.0,0.0,0.07556063242550073,0.03483344495041059,0.019452944079407175,0.14626084860640529,0.0018817793394638788,0.004224466105646195,0.0,0.00987322351619363,0.772797131977647,0.033822606938839345,0.7023438618987188,0.8298958980904362,0.03874000000000001,0.017975971059598854,0.01,0.075,0.0,0.0,0.0,0.0,0.6003608019231512,0.006511676576726282,0.5867935415060017,0.6124468905885974,0.8004810692308684,0.008682235435635042,0.782391388674669,0.8165958541181298,0.732560977937005,0.004567991917434263,0.7238728238189772,0.7416003175870464,0.5950549055355043,0.0067632052749303185,0.5811293150074238,0.6076063554514263,0.9767479705826735,0.006090655889912344,0.9651637650919698,0.9888004234493953,0.7934065407140057,0.009017607033240425,0.7748390866765651,0.8101418072685687,7.748,3.5951942119197704,2.0,15.0,0.5467742359380537,0.011046869151447493,0.525238388418376,0.5672460943747252,0.6156681892603328,0.008166159917058692,0.5979499976200019,0.6305464291030745,0.6695061979452919,0.0066575385687219725,0.6559706899993235,0.6824334539533107,0.7037533727988332,0.005753519418783043,0.6914533139984932,0.7138339571819866,0.7180156310045268,0.0055133741566151355,0.7064811196935517,0.7280374275456437,0.008849365299504622,0.020220079010352752,0.0,0.06260416666666657,0.0,0.0,0.0,0.0,0.39026370217035694,0.03560907118641838,0.3226022141852868,0.4607549997625115,0.49836502499636204,0.047448176840252175,0.40853537319360517,0.5925969784967686,0.7382928145237395,0.010828271237915563,0.7187123742634867,0.7625440469791006,0.3871947332620156,0.03487857564151238,0.32095369870629903,0.45484550965919246,0.9603889040385704,0.014755490150212524,0.933542461860445,0.989322350912754,0.4942913635414209,0.046474538882103004,0.4059316241842413,0.584363389229833,0.196,0.44020197384584475,0.0,1.0,0.2679960397271045,0.050434119806783015,0.1793116702050847,0.37513788099561673,0.39049396788811896,0.051121667530213424,0.28889391289792715,0.49544328305061563,0.5101812481313747,0.051576598589286975,0.41054974398047067,0.6101929790021903,0.5984596543293367,0.04793671856413181,0.4945381299196976,0.6840596699045349,0.6354582180836787,0.04603883109831514,0.5374757486076092,0.714252521214965,0.11838839996110587,0.004644758306210208,0.10852363090772689,0.1261412830736976,0.0,0.0,0.0,0.0,0.5030333558415693,0.006167659890901045,0.49079416279415194,0.5154307152516518,0.4999043693317479,0.007769797538172694,0.48477398268601524,0.5156156930729666,0.7888144709096832,0.006533996212397712,0.7772564569409863,0.8020635442557925,0.46465154414062376,0.006049389789690892,0.45317650101283424,0.47660561645823485,0.8393758026530578,0.008700818410470735,0.8227542640511224,0.8557698770456721,0.45431300304794736,0.007827817947689423,0.4394978050735217,0.4696878239818936,92.056,3.621599091558863,84.0,98.0,0.370088604244226,0.008848516943848823,0.35257354887575704,0.38798620773706854,0.5028388833361512,0.009349227186955458,0.4851548986041265,0.5206180379647134,0.6361539433232388,0.008805208201669933,0.6192750039126075,0.6534148420524467,0.7381768770587112,0.008819455999892648,0.7214101793361367,0.7559603401121477,0.7889693788509163,0.009715618851699278,0.7704195794129158,0.8084216477827214,0.146254376899147,0.05177952683510965,0.05749784482758621,0.2594187499999999,,,,,4482.6,946.9709573128386,2600.0,6400.0,0.0,0.0,0.0,0.0
0.1,unclipped,0.05,0.22167,0.04435626876303483,0.14,0.31,0.004430000000000001,0.0065968643019709465,0.0,0.02,0.22610000000000002,0.044754809719101625,0.14,0.32,0.9802877140868336,0.029687169011643172,0.9090909090909092,1.0,22.167,4.435626876303482,14.0,31.0,0.443,0.6596864301970945,0.0,2.0,77.39,4.475480971910162,68.0,86.0,0.7394927475413913,0.005308469266875464,0.7289512441789598,0.7502602762614353,0.8745235622188025,0.007596314320390725,0.8609063101108143,0.8886446213823291,0.14489000000000002,0.037290460958246126,0.08,0.22,0.21240637194793885,0.042138643890647,0.13373341234272276,0.29821354784085596,0.0041702789085394515,0.006206080361623939,0.0,0.019044449391016398,0.6579469113623242,0.03997927402954858,0.5756384120715641,0.7327249915638,0.110835,0.022178134381517414,0.07,0.155,0.07194999999999999,0.018784311282300195,0.03987500000000001,0.11,0.6378608019231513,0.006511676576726282,0.6242935415060018,0.6499468905885973,0.8004810692308684,0.008682235435635042,0.782391388674669,0.8165958541181298,0.7564284728584076,0.004137991669711633,0.7479385831243149,0.7647231343658745,0.6230884305947393,0.006963876748075672,0.609523102769733,0.6362628903617196,0.9585712971445435,0.005517322226282195,0.947251444165753,0.9696308458211661,0.7807845741263191,0.009285168997434224,0.7626974703596439,0.7983505204822926,22.167,4.435626876303482,14.0,31.0,0.5842742359380537,0.011046869151447489,0.5627383884183761,0.6047460943747253,0.6531681892603328,0.008166159917058689,0.635449997620002,0.6680464291030745,0.7070061979452918,0.00665753856872197,0.6934706899993236,0.7199334539533108,0.7412533727988332,0.0057535194187830355,0.7289533139984933,0.7513339571819866,0.7555156310045268,0.0055133741566151225,0.7439811196935516,0.7655374275456436,0.019992484736820006,0.02996752915335984,0.0,0.0952380952380952,0.006866538655746658,0.01758639851574445,0.0,0.0588235294117647,0.4277637021703569,0.03560907118641839,0.3601022141852868,0.4982549997625116,0.49836502499636204,0.047448176840252175,0.40853537319360517,0.5925969784967686,0.7611677347914139,0.015523829765717357,0.7366053309339966,0.7907586780448206,0.42096273399910333,0.034871999704495296,0.3560686647823704,0.4869068412048577,0.9417086989386196,0.020902522039285342,0.9074103420354795,0.9832994701867139,0.48932547236700813,0.04645456644932943,0.402039650308351,0.5770154044460563,0.443,0.6596864301970945,0.0,2.0,0.30549603972710454,0.050434119806783015,0.21681167020508468,0.41263788099561677,0.42799396788811894,0.05112166753021344,0.3263939128979272,0.5329432830506157,0.5476812481313748,0.05157659858928697,0.44804974398047065,0.6476929790021904,0.6359596543293367,0.04793671856413181,0.5320381299196977,0.721559669904535,0.6729582180836786,0.04603883109831514,0.5749757486076091,0.7517525212149649,0.09952724149707999,0.005750610880009084,0.0872913992297817,0.1106821106821106,0.0,0.0,0.0,0.0,0.5030333558415693,0.006167659890901045,0.49079416279415194,0.5154307152516518,0.4999043693317479,0.007769797538172694,0.48477398268601524,0.5156156930729666,0.7997618329916482,0.0064226453346961174,0.7875502557852418,0.8127569919027947,0.4702305769169259,0.006003040948286033,0.45883016124925863,0.48193712771938363,0.8500670054950937,0.008676368973439553,0.8326811465192757,0.8661260574777944,0.4611970235714085,0.007755521710687484,0.44675179559547457,0.47647124968121657,77.39,4.475480971910162,68.0,86.0,0.370088604244226,0.008848516943848823,0.35257354887575704,0.38798620773706854,0.5028388833361512,0.009349227186955458,0.4851548986041265,0.5206180379647134,0.6361539433232388,0.008805208201669933,0.6192750039126075,0.6534148420524467,0.7381768770587112,0.008819455999892648,0.7214101793361367,0.7559603401121477,0.7889693788509163,0.009715618851699278,0.7704195794129158,0.8084216477827214,0.146254376899147,0.05177952683510965,0.05749784482758621,0.2594187499999999,0.8953755634326386,0.16397719602472663,0.3944444444444445,1.0,4482.6,946.9709573128386,2600.0,6400.0,2.123,5.5800544807383385,0.0,18.0
0.1,unclipped,0.1,0.37912,0.04741385529224209,0.28,0.47,0.00744,0.008667267246457878,0.0,0.03,0.38656000000000007,0.04723343516405933,0.29,0.48,0.9806290424681728,0.02256465063432199,0.9249519230769231,1.0,37.912,4.7413855292242095,28.0,47.0,0.744,0.8667267246457878,0.0,3.0,61.344,4.723343516405934,52.0,71.0,0.7583661226984993,0.005289658410301882,0.7481064348069844,0.7691203738153917,0.8936875517686024,0.006899559120232743,0.8795707915976428,0.9060866830298744,0.38387,0.047137512079500385,0.29,0.4702499999999997,0.35771731542734553,0.0443866171507356,0.26560072006939994,0.44178113766817917,0.006877620900794164,0.008013539100245087,0.0,0.027658088574114514,0.5290926154404626,0.04185709768761371,0.4493812829294001,0.6104999951042966,0.18956,0.023706927646121045,0.14,0.235,0.22657999999999998,0.030398645984281564,0.17,0.28512499999999985,0.6753608019231513,0.0065116765767262805,0.6617935415060017,0.6874468905885973,0.8004810692308684,0.008682235435635042,0.782391388674669,0.8165958541181298,0.7827594844927496,0.004159064397580703,0.7746483333263583,0.7912351886873121,0.6502383811977555,0.007222522603847394,0.6364317634915202,0.6639865538844372,0.9436793126569996,0.0055454191967742855,0.9328644444351443,0.954980251583083,0.7669845082636738,0.009630030138463195,0.7485756846553604,0.7853154051792495,37.912,4.7413855292242095,28.0,47.0,0.6217742359380537,0.01104686915144749,0.600238388418376,0.6422460943747252,0.6906681892603328,0.00816615991705869,0.6729499976200018,0.7055464291030744,0.7445061979452918,0.006657538568721983,0.7309706899993236,0.7574334539533109,0.778753372798833,0.005753519418783042,0.7664533139984934,0.7888339571819867,0.7930156310045268,0.005513374156615134,0.7814811196935517,0.8030374275456437,0.0336705232393178,0.040379426757422135,0.0,0.1333333333333333,0.027335515374175775,0.03570789712227395,0.0,0.117830882352941,0.4652637021703569,0.03560907118641838,0.3976022141852868,0.5357549997625114,0.49836502499636204,0.047448176840252175,0.40853537319360517,0.5925969784967686,0.7854685261041077,0.018382244371816257,0.7574904300780702,0.824702693398428,0.45403405379313755,0.034763637056965446,0.3860274054774417,0.5215151910200521,0.9244269862472784,0.025000971196950644,0.8828393828059563,0.9773752400221059,0.48342993940914636,0.046301889747173634,0.3939030978371175,0.5725939434709064,0.744,0.8667267246457878,0.0,3.0,0.3429960397271045,0.05043411980678301,0.25431167020508477,0.4501378809956168,0.465493967888119,0.051121667530213424,0.36389391289792716,0.5704432830506158,0.5851812481313746,0.05157659858928696,0.4855497439804707,0.6851929790021903,0.6734596543293366,0.04793671856413181,0.5695381299196977,0.7590596699045349,0.7104582180836786,0.04603883109831516,0.6124757486076091,0.7892525212149649,0.07889152536757181,0.006075112682607219,0.0670967741935483,0.0910273081924577,0.0,0.0,0.0,0.0,0.5030333558415693,0.006167659890901045,0.49079416279415194,0.5154307152516518,0.4999043693317479,0.007769797538172694,0.48477398268601524,0.5156156930729666,0.8132229383472785,0.006663973389003701,0.8006278857120619,0.8262196371325701,0.4764614842815539,0.0059944868258780286,0.4652435550735168,0.487646403558391,0.8624081309039457,0.00903975890408504,0.8451316712839684,0.8799524876832998,0.46885216625893317,0.007720801178838894,0.4534772020481171,0.48351392585801384,61.344,4.723343516405934,52.0,71.0,0.370088604244226,0.008848516943848823,0.35257354887575704,0.38798620773706854,0.5028388833361512,0.009349227186955458,0.4851548986041265,0.5206180379647134,0.6361539433232388,0.008805208201669933,0.6192750039126075,0.6534148420524467,0.7381768770587112,0.008819455999892648,0.7214101793361367,0.7559603401121477,0.7889693788509163,0.009715618851699278,0.7704195794129158,0.8084216477827214,0.146254376899147,0.05177952683510965,0.05749784482758621,0.2594187499999999,0.6784897571161655,0.23242644541444327,0.18960746460746458,1.0,4482.6,946.9709573128386,2600.0,6400.0,27.378,36.025170768907245,0.0,118.12499999999989
0.1,unclipped,0.15,0.5307,0.04667642540607291,0.44,0.61,0.01069,0.010331051767880685,0.0,0.03,0.5413900000000001,0.046157322262003,0.45,0.62,0.9802033159659692,0.01905995092908295,0.9361702127659576,1.0,53.07,4.667642540607291,44.0,61.0,1.069,1.0331051767880686,0.0,3.0,45.861,4.615732226200301,38.0,55.0,0.7793871654396446,0.005597536293783258,0.7686861909768772,0.7906384233554852,0.9054835995218898,0.00605526505400409,0.8934137175115349,0.9165692638028093,0.5413800000000001,0.046163043948884326,0.45,0.62,0.4940853978255249,0.043163683682371966,0.40866012564069715,0.5699685245812373,0.009730103997409426,0.009406475344127392,0.0,0.028076215509058644,0.40166809769895534,0.04118033414701713,0.32731994681012944,0.4812287846811951,0.26535,0.023338212703036456,0.22,0.305,0.40195,0.03381776369219498,0.335,0.47,0.7128608019231513,0.00651167657672628,0.6992935415060016,0.7249468905885973,0.8004810692308684,0.008682235435635042,0.782391388674669,0.8165958541181298,0.8108046176841283,0.004338277056239954,0.8017723496097419,0.8194276040389267,0.6774848765293385,0.007494172189925504,0.6630855497688765,0.6913596581720018,0.9310728235788378,0.0057843694083199474,0.9190297994796555,0.9425701387185688,0.7533131687057847,0.009992229586567336,0.7341140663585021,0.771812877562669,53.07,4.667642540607291,44.0,61.0,0.6592742359380537,0.011046869151447493,0.637738388418376,0.6797460943747252,0.7281681892603329,0.00816615991705869,0.7104499976200019,0.7430464291030745,0.7820061979452918,0.00665753856872197,0.7684706899993236,0.7949334539533107,0.816253372798833,0.0057535194187830424,0.8039533139984932,0.8263339571819865,0.8305156310045267,0.0055133741566151355,0.8189811196935516,0.8405374275456436,0.04827591080870804,0.04718477522380733,0.0,0.15794736842105253,0.0604651935603634,0.05257680286076864,0.0,0.1764705882352941,0.5027637021703569,0.035609071186418394,0.4351022141852868,0.5732549997625115,0.49836502499636204,0.047448176840252175,0.40853537319360517,0.5925969784967686,0.8121162481466672,0.020458249720054708,0.7791901012647512,0.8584383050458323,0.4870428989290401,0.03398135346665283,0.4183874236800558,0.5534256309926203,0.9101233380115121,0.027619128677594185,0.8628990531595522,0.9697980294376571,0.47744546361334433,0.04526819954934849,0.38638296781955106,0.5659520438950473,1.069,1.0331051767880686,0.0,3.0,0.3804960397271045,0.05043411980678301,0.29181167020508475,0.4876378809956168,0.502993967888119,0.05112166753021344,0.4013939128979271,0.6079432830506156,0.6226812481313748,0.05157659858928696,0.5230497439804708,0.7226929790021903,0.7109596543293367,0.04793671856413179,0.6070381299196976,0.796559669904535,0.7479582180836786,0.04603883109831513,0.6499757486076091,0.8267525212149649,0.058978365935065134,0.0059237194775465995,0.04852512329180597,0.07051962676962675,0.0,0.0,0.0,0.0,0.5030333558415693,0.006167659890901045,0.49079416279415194,0.5154307152516518,0.4999043693317479,0.007769797538172694,0.48477398268601524,0.5156156930729666,0.8284380718768644,0.006834312482647735,0.8154678278965762,0.8424038804409155,0.4826345086053175,0.005997556672152833,0.47117703323441373,0.49429180553728597,0.8757209637125167,0.009480484329437187,0.8569270639614094,0.8940816920259389,0.4763437812628715,0.007727315839803451,0.46134932155355746,0.4913578004802786,45.861,4.615732226200301,38.0,55.0,0.370088604244226,0.008848516943848823,0.35257354887575704,0.38798620773706854,0.5028388833361512,0.009349227186955458,0.4851548986041265,0.5206180379647134,0.6361539433232388,0.008805208201669933,0.6192750039126075,0.6534148420524467,0.7381768770587112,0.008819455999892648,0.7214101793361367,0.7559603401121477,0.7889693788509163,0.009715618851699278,0.7704195794129158,0.8084216477827214,0.146254376899147,0.05177952683510965,0.05749784482758621,0.2594187499999999,0.5889516246159618,0.2118682308954666,0.1744186046511628,0.9872687439143135,4482.6,946.9709573128386,2600.0,6400.0,107.614,93.66075667717693,0.0,328.0999999999999
0.1,unclipped,0.2,0.66823,0.0432323505738022,0.58,0.75,0.01369,0.011697038972351964,0.0,0.04,0.68192,0.042226729647187884,0.6,0.76,0.9798988228280373,0.017121779458824465,0.9420076726342712,1.0,66.823,4.323235057380221,58.0,75.0,1.369,1.1697038972351965,0.0,4.0,31.808,4.222672964718789,24.0,40.0,0.8023181683437666,0.005648174074511905,0.7910652763403855,0.8136855148119108,0.9102890445765229,0.005613566506717274,0.8993866152567754,0.9207104429206223,0.68192,0.042226729647187884,0.6,0.76,0.6149803790529341,0.03986418327961548,0.5339738891232255,0.6888883014887752,0.012302957896400216,0.010526495092199268,0.0,0.03587464356427439,0.2830057076271884,0.03778385202416986,0.21654378938333,0.3571351284651808,0.334115,0.0216161752869011,0.29,0.375,0.566215,0.03545639478191388,0.49,0.63,0.7503608019231512,0.006511676576726281,0.7367935415060016,0.7624468905885973,0.8004810692308684,0.008682235435635042,0.782391388674669,0.8165958541181298,0.84024195951629,0.004376356239240747,0.8313608664256344,0.848851476066482,0.7052637458509449,0.007760789201942686,0.6907478721275776,0.7198752239634463,0.9203226126883867,0.005835141652320994,0.9084811552341794,0.9318019680886429,0.740351661134593,0.010347718935923577,0.7209971628367702,0.7598336319512614,66.823,4.323235057380221,58.0,75.0,0.6967742359380539,0.011046869151447493,0.675238388418376,0.7172460943747252,0.7656681892603329,0.00816615991705869,0.7479499976200019,0.7805464291030744,0.8195061979452919,0.006657538568721971,0.8059706899993235,0.8324334539533108,0.8537533727988332,0.005753519418783042,0.8414533139984932,0.8638339571819866,0.8680156310045267,0.005513374156615136,0.8564811196935517,0.8780374275456437,0.06165718068377086,0.052784622114125636,0.0,0.1764705882352941,0.10507536697487815,0.06531529578350728,0.0,0.25,0.540263702170357,0.03560907118641839,0.4726022141852868,0.6107549997625112,0.49836502499636204,0.047448176840252175,0.40853537319360517,0.5925969784967686,0.8407729577343767,0.02199557702274574,0.8045818711078122,0.8890435555153552,0.5204041690219603,0.03413876294630223,0.45428861593072084,0.5867748352288685,0.8984676297326543,0.029691980832493994,0.8474931706490807,0.9623255889734216,0.4719283779715438,0.04547764319377331,0.3831460165954578,0.5592485243908174,1.369,1.1697038972351965,0.0,4.0,0.41799603972710453,0.050434119806783015,0.3293116702050848,0.5251378809956168,0.540493967888119,0.05112166753021343,0.4388939128979272,0.6454432830506157,0.6601812481313748,0.05157659858928696,0.5605497439804706,0.7601929790021903,0.7484596543293368,0.04793671856413181,0.6445381299196976,0.8340596699045351,0.7854582180836787,0.04603883109831514,0.6874757486076091,0.864252521214965,0.040906193792593415,0.005427382021836531,0.0309677419354838,0.05154805453940803,0.0,0.0,0.0,0.0,0.5030333558415693,0.006167659890901045,0.49079416279415194,0.5154307152516518,0.4999043693317479,0.007769797538172694,0.48477398268601524,0.5156156930729666,0.8454688005316701,0.007462441684552339,0.8313937839213695,0.8604824777418313,0.48842803557072484,0.005951106901576994,0.4771266425770831,0.5002963649583473,0.889693749627083,0.010076026361075772,0.8694136170456568,0.9076388565676656,0.4832797867775158,0.0076171107975499825,0.4687952059174126,0.49807412804912743,31.808,4.222672964718789,24.0,40.0,0.370088604244226,0.008848516943848823,0.35257354887575704,0.38798620773706854,0.5028388833361512,0.009349227186955458,0.4851548986041265,0.5206180379647134,0.6361539433232388,0.008805208201669933,0.6192750039126075,0.6534148420524467,0.7381768770587112,0.008819455999892648,0.7214101793361367,0.7559603401121477,0.7889693788509163,0.009715618851699278,0.7704195794129158,0.8084216477827214,0.146254376899147,0.05177952683510965,0.05749784482758621,0.2594187499999999,0.5152516970462264,0.19566012000445615,0.17123693379790936,0.934622641509434,4482.6,946.9709573128386,2600.0,6400.0,262.99,164.7208999334173,0.0,605.0
0.1,unclipped,0.25,0.7845599999999999,0.03837028379721316,0.71,0.86,0.01653,0.012626104645476312,0.0,0.04,0.80109,0.03697403114320886,0.73,0.87,0.9793635124460405,0.015750522774032986,0.9459274342835988,1.0,78.456,3.837028379721316,71.0,86.0,1.653,1.2626104645476313,0.0,4.0,19.891,3.697403114320886,13.0,27.0,0.8274181140874619,0.005852154548039326,0.8157676600070662,0.8389040977975295,0.9097091660773604,0.005598284616095479,0.898656133504039,0.920549461665706,0.80109,0.03697403114320886,0.73,0.87,0.7151410990521511,0.0355580521465241,0.6449360066747535,0.781087550990182,0.014686239013928331,0.011247024628836713,0.0,0.037049725223650735,0.17988182801128103,0.03341767831481184,0.11778504772714714,0.24741742856961269,0.39227999999999996,0.01918514189860658,0.355,0.43,0.701455,0.03360263549354591,0.63,0.765,0.7878608019231512,0.006511676576726281,0.7742935415060016,0.7999468905885975,0.8004810692308684,0.008682235435635042,0.782391388674669,0.8165958541181298,0.8711258574579918,0.004457399927144248,0.862254820371633,0.8794776861603969,0.7341183177146395,0.008073403528304348,0.7184246386235716,0.7494419992204204,0.9115011432773223,0.005943199902859,0.899673093828844,0.9226369148805292,0.7288244236195194,0.010764538037739134,0.7078995181647623,0.7492559989605605,78.456,3.837028379721316,71.0,86.0,0.7342742359380536,0.011046869151447493,0.712738388418376,0.7547460943747252,0.8031681892603328,0.008166159917058692,0.7854499976200019,0.8180464291030745,0.8570061979452919,0.006657538568721967,0.8434706899993236,0.8699334539533107,0.8912533727988332,0.005753519418783038,0.8789533139984933,0.9013339571819866,0.9055156310045268,0.0055133741566151286,0.8939811196935517,0.9155374275456436,0.07448563227807384,0.05734421023154961,0.0,0.2105263157894736,0.1569636520873095,0.07806663855477028,0.032500000000000015,0.3333333333333333,0.577763702170357,0.03560907118641838,0.5101022141852869,0.6482549997625113,0.49836502499636204,0.047448176840252175,0.40853537319360517,0.5925969784967686,0.8705629706606868,0.024113880269408063,0.8295667688283547,0.9242090501478557,0.5540606848647893,0.03396205488409014,0.49112842591993927,0.6193205047954097,0.8880852745726614,0.03224065205428134,0.8317317116972422,0.9578070142227869,0.466808876415098,0.0452451885202134,0.38265031184689335,0.554020400457158,1.653,1.2626104645476313,0.0,4.0,0.4554960397271045,0.050434119806783015,0.36681167020508476,0.5626378809956167,0.577993967888119,0.051121667530213424,0.47639391289792715,0.6829432830506158,0.6976812481313748,0.05157659858928697,0.5980497439804707,0.7976929790021904,0.7859596543293367,0.04793671856413181,0.6820381299196976,0.871559669904535,0.8229582180836786,0.04603883109831514,0.7249757486076092,0.9017525212149649,0.02558053551205968,0.004753936452967158,0.0167310167310167,0.034975227313965435,0.0,0.0,0.0,0.0,0.5030333558415693,0.006167659890901045,0.49079416279415194,0.5154307152516518,0.4999043693317479,0.007769797538172694,0.48477398268601524,0.5156156930729666,0.8643789155653899,0.008037809872089132,0.8491882577001394,0.8808029389539589,0.49354834288343113,0.0059661892737914056,0.481934984288583,0.5054754966164535,0.9043963782634369,0.010716603707766822,0.8834458805868551,0.9243420458439733,0.48928851847010574,0.007622818325015291,0.4745217091090787,0.5045778855230657,19.891,3.697403114320886,13.0,27.0,0.370088604244226,0.008848516943848823,0.35257354887575704,0.38798620773706854,0.5028388833361512,0.009349227186955458,0.4851548986041265,0.5206180379647134,0.6361539433232388,0.008805208201669933,0.6192750039126075,0.6534148420524467,0.7381768770587112,0.008819455999892648,0.7214101793361367,0.7559603401121477,0.7889693788509163,0.009715618851699278,0.7704195794129158,0.8084216477827214,0.146254376899147,0.05177952683510965,0.05749784482758621,0.2594187499999999,0.47152198574446397,0.17591255733184483,0.15781357496434262,0.8446043165467625,4482.6,946.9709573128386,2600.0,6400.0,487.921,251.45666667283692,117.97500000000016,1022.0
0.1,unclipped,0.3,0.8735999999999999,0.032472980991810646,0.81,0.93,0.019330000000000003,0.013439930495792443,0.0,0.05,0.8929300000000001,0.029899985102155312,0.84,0.95,0.9783406446885099,0.015070959348220581,0.9431818181818182,1.0,87.36,3.247298099181063,81.0,93.0,1.933,1.3439930495792445,0.0,5.0,10.707,2.98999851021553,5.0,16.0,0.8554445516307844,0.006348488926250545,0.8425916344728854,0.8671732952728409,0.9060302281725359,0.005853357754169961,0.8946683725883672,0.917064200300707,0.8929300000000001,0.029899985102155312,0.84,0.95,0.7904807925652924,0.03032579891369253,0.7293980555151492,0.8457590032458614,0.016992216104706897,0.011865730360787828,0.0,0.044137593307338775,0.09855721950253653,0.027485620959231547,0.04611411462533237,0.15038133844812684,0.43679999999999997,0.016236490495905323,0.405,0.465,0.8046850000000001,0.028008217280563116,0.75,0.855,0.8253608019231513,0.006511676576726281,0.8117935415060016,0.8374468905885972,0.8004810692308684,0.008682235435635042,0.782391388674669,0.8165958541181298,0.9036257629465795,0.004648293508737787,0.8945093423387068,0.9125589339882588,0.764674126118734,0.008395704554432335,0.7483293720801802,0.7805820405025855,0.9048343505954393,0.006197724678317047,0.8926791231182758,0.9167452453176783,0.7195655014916451,0.011194272739243116,0.6977724961069071,0.7407760540034474,87.36,3.247298099181063,81.0,93.0,0.7717742359380537,0.011046869151447489,0.7502383884183759,0.7922460943747253,0.8406681892603328,0.008166159917058685,0.8229499976200018,0.8555464291030745,0.8945061979452917,0.0066575385687219725,0.8809706899993235,0.9074334539533108,0.9287533727988332,0.005753519418783041,0.9164533139984933,0.9388339571819866,0.9430156310045268,0.005513374156615134,0.9314811196935517,0.9530374275456436,0.08703782991565683,0.06000423726288095,0.0,0.2222222222222222,0.21510361460699898,0.0896962584747785,0.0526315789473684,0.41188725490196065,0.615263702170357,0.03560907118641839,0.5476022141852868,0.6857549997625115,0.49836502499636204,0.047448176840252175,0.40853537319360517,0.5925969784967686,0.9004482492933644,0.024911608140079672,0.8562070085340757,0.954295222942969,0.5879188029333686,0.03362185106799441,0.5243000172324904,0.6543128943508526,0.8779215651699586,0.03317801907794392,0.8157656513782612,0.9473513032364046,0.4619610109922529,0.04480299657498074,0.37843596939627183,0.5501518393256205,1.933,1.3439930495792445,0.0,5.0,0.49299603972710454,0.05043411980678302,0.4043116702050847,0.6001378809956167,0.6154939678881189,0.05112166753021342,0.5138939128979272,0.7204432830506157,0.7351812481313746,0.05157659858928697,0.6355497439804708,0.8351929790021902,0.8234596543293367,0.04793671856413181,0.7195381299196977,0.9090596699045349,0.8604582180836786,0.04603883109831514,0.7624757486076091,0.939252521214965,0.013769076192202408,0.0038422202965155495,0.0064267352185089,0.020729447097498542,0.0,0.0,0.0,0.0,0.5030333558415693,0.006167659890901045,0.49079416279415194,0.5154307152516518,0.4999043693317479,0.007769797538172694,0.48477398268601524,0.5156156930729666,0.8856168619271176,0.009634560814401128,0.8672405825996353,0.9056633566655291,0.49769651614062504,0.005990287694260757,0.48549015168793364,0.5093599841239517,0.92065902983628,0.012797124549331466,0.8942103450089681,0.9443650941690298,0.4940337570864278,0.00762565320035779,0.47877201193244595,0.5089274540225119,10.707,2.98999851021553,5.0,16.0,0.370088604244226,0.008848516943848823,0.35257354887575704,0.38798620773706854,0.5028388833361512,0.009349227186955458,0.4851548986041265,0.5206180379647134,0.6361539433232388,0.008805208201669933,0.6192750039126075,0.6534148420524467,0.7381768770587112,0.008819455999892648,0.7214101793361367,0.7559603401121477,0.7889693788509163,0.009715618851699278,0.7704195794129158,0.8084216477827214,0.146254376899147,0.05177952683510965,0.05749784482758621,0.2594187499999999,0.4258332250932969,0.1477120223418071,0.15709630976737135,0.7423190996627799,4482.6,946.9709573128386,2600.0,6400.0,769.924,342.34719778001374,163.0,1540.2499999999998
0.25,clipped,0.0,0.07748000000000002,0.03595194211919771,0.02,0.15,0.02851,0.016660055745928867,0.0,0.06,0.10599000000000001,0.03943063117266416,0.039750000000000014,0.19,0.7151891783606381,0.16886265644602244,0.3333333333333333,1.0,7.748,3.5951942119197704,2.0,15.0,2.851,1.6660055745928866,0.0,6.0,89.401,3.943063117266416,81.0,96.02499999999998,0.7239368757481967,0.005924010147132053,0.7122908609888099,0.7358245535207217,0.8502395437426117,0.007968103239384421,0.8353422132994193,0.866130931328862,0.0,0.0,0.0,0.0,0.07556063242550073,0.03483344495041059,0.019452944079407175,0.14626084860640529,0.02665582802115925,0.015564205701114213,0.0,0.05704838460781106,0.7480230832959517,0.03632475792698825,0.67448264417855,0.8144706667872511,0.03874000000000001,0.017975971059598854,0.01,0.075,0.0,0.0,0.0,0.0,0.6003608019231512,0.006511676576726282,0.5867935415060017,0.6124468905885974,0.8004810692308684,0.008682235435635042,0.782391388674669,0.8165958541181298,0.732560977937005,0.004567991917434263,0.7238728238189772,0.7416003175870464,0.5950549055355043,0.0067632052749303185,0.5811293150074238,0.6076063554514263,0.9767479705826735,0.006090655889912344,0.9651637650919698,0.9888004234493953,0.7934065407140057,0.009017607033240425,0.7748390866765651,0.8101418072685687,7.748,3.5951942119197704,2.0,15.0,0.5467742359380537,0.011046869151447493,0.525238388418376,0.5672460943747252,0.6156681892603328,0.008166159917058692,0.5979499976200019,0.6305464291030745,0.6695061979452919,0.0066575385687219725,0.6559706899993235,0.6824334539533107,0.7037533727988332,0.005753519418783043,0.6914533139984932,0.7138339571819866,0.7180156310045268,0.0055133741566151355,0.7064811196935517,0.7280374275456437,0.022788260559054387,0.013233149583732486,0.0,0.05043085030622409,0.0,0.0,0.0,0.0,0.41527492048427594,0.015090458665306406,0.38658449069737666,0.44561905187411677,0.49954154535866846,0.020008528184531686,0.4608828918187113,0.5399508951744331,0.7480656605836841,0.012577754326992466,0.7253187698855318,0.7755556615716143,0.40752452160736136,0.014583000807909243,0.3777511406919754,0.43586706164346056,0.9354593563570954,0.017910065702674404,0.9014596613794371,0.9728578889293,0.4893951423613603,0.019353820222003222,0.45126996114948514,0.5276714808750491,2.851,1.6660055745928866,0.0,6.0,0.2864162766235671,0.021940978530004606,0.24667743777733583,0.33092093646407394,0.414938903406966,0.02203412105664192,0.37321267655956236,0.45901080981755243,0.5441862099735651,0.02129156625379352,0.5013623178346621,0.5836371946997099,0.6404115156237704,0.020997688008029897,0.5997968289503611,0.6797804025637528,0.6834518106504043,0.02096656917463914,0.6399079592608751,0.7211148601787246,0.13246689373220916,0.005826401419346105,0.11982093505297088,0.14329332629912944,0.0,0.0,0.0,0.0,0.5155332022660825,0.006513086053264153,0.5031074130995915,0.5285166630438372,0.49990506065479273,0.008382478643073359,0.48424596005510284,0.516682190690603,0.789997383517996,0.0065106589389511554,0.7786388257537888,0.8033470317744552,0.47361796294826836,0.006316465469373929,0.4618371867731813,0.4863646194604941,0.8365787887034278,0.00885283446280664,0.8196735190748319,0.8530982723328896,0.4484911564881433,0.008336779668318337,0.4331102046282994,0.46516182225946473,89.401,3.943063117266416,81.0,96.02499999999998,0.38331126457485787,0.009319629609780139,0.365281037064662,0.402760764883047,0.5151494968921108,0.009902880130240026,0.49551717742361634,0.5346626728926878,0.6477020515603882,0.009365832681514287,0.6289783507593987,0.6658493450112464,0.7486505288668932,0.009217332069875154,0.7311307170973469,0.7661071468621597,0.7973442327317715,0.009963977641619192,0.7780968888807457,0.8174690272197918,0.17907015830665032,0.026805460515452257,0.12866538461538454,0.23256095242584207,,,,,25006.4,2085.662731370782,21000.0,29004.999999999996,0.0,0.0,0.0,0.0
0.25,clipped,0.05,0.20864000000000002,0.045217198000263074,0.12,0.3,0.04724000000000001,0.021453266479551376,0.01,0.09,0.25588,0.047538252865302964,0.16,0.36,0.8136163961273628,0.08224861613599514,0.636244019138756,0.958375,20.864,4.5217198000263075,12.0,30.0,4.724,2.1453266479551374,1.0,9.0,74.412,4.7538252865302955,64.0,84.0,0.7409573410893229,0.004986335731887824,0.7304429125791299,0.75,0.8754462853139396,0.007478453314518418,0.8617490442115238,0.8890090931402697,0.15067,0.037574764975485384,0.08,0.23,0.20016614572110727,0.04306477538754516,0.11533442544515202,0.2871017280739657,0.043378034655013546,0.01967667741004506,0.009001230584274147,0.08335443889647905,0.6319021049378186,0.04227151688373126,0.549369468229472,0.71497520329187,0.10432000000000001,0.022608599000131537,0.06,0.15,0.07194999999999999,0.018784311282300195,0.03987500000000001,0.11,0.6369094963246869,0.006422041965229535,0.6235237694287682,0.6487576965817601,0.8004810692308684,0.008682235435635042,0.782391388674669,0.8165958541181298,0.7481633923919674,0.0015982676293203532,0.7440996922150663,0.75,0.6239351622852496,0.006985457598008137,0.610087707402461,0.6372558054091431,0.9597581399933008,0.005272496559438025,0.9494720185272939,0.9700034334167417,0.7819311885493802,0.009330476577127352,0.7634502765366146,0.7996744072121906,20.864,4.5217198000263075,12.0,30.0,0.5842742359380537,0.011046869151447489,0.5627383884183761,0.6047460943747253,0.6531681892603328,0.008166159917058689,0.635449997620002,0.6680464291030745,0.7070061979452918,0.00665753856872197,0.6934706899993236,0.7199334539533108,0.741147702853873,0.005556595315627794,0.7289533139984933,0.75,0.749469539504646,0.0016681998713719357,0.7439726978613568,0.75,0.0377452528860335,0.016826349586001446,0.0079365079365079,0.07378573364042804,0.006949062029690632,0.0073974024729437406,0.0,0.025,0.4526873990730244,0.015070230437716122,0.4239872223386284,0.4827636568441434,0.49954154535866846,0.020008528184531686,0.4608828918187113,0.5399508951744331,0.7692137842565854,0.010593331619836025,0.7471739631252208,0.7901329674019227,0.4402756691553434,0.014371483479830194,0.4114941391751796,0.4687784572480115,0.9183598078121276,0.016965658483883348,0.8848456999940583,0.9509634258810631,0.48312358186417,0.01909078182684234,0.4445472448522955,0.5210734797878628,4.724,2.1453266479551374,1.0,9.0,0.3239162766235671,0.021940978530004603,0.28417743777733584,0.368420936464074,0.452438903406966,0.022034121056641934,0.4107126765595624,0.4965108098175524,0.5816862099735651,0.02129156625379352,0.5388623178346622,0.62113719469971,0.6779115156237705,0.020997688008029897,0.6372968289503612,0.7172804025637529,0.7209315529163196,0.02092344378904092,0.6774079592608752,0.7586148601787247,0.11025262889085682,0.006954051951394684,0.0960051384392972,0.12407759963082914,0.0,0.0,0.0,0.0,0.5155332022660825,0.006513086053264153,0.5031074130995915,0.5285166630438372,0.49990506065479273,0.008382478643073359,0.48424596005510284,0.516682190690603,0.8017265588680823,0.006307478508506204,0.7895942699301214,0.8140623201068603,0.4800618923392704,0.006266751506036884,0.46806569922309166,0.49339152604784353,0.8490734179465655,0.0087016347182827,0.8322916568252227,0.8651939218605197,0.45663177429779317,0.008267744421706356,0.44130289145164253,0.47318152250786694,74.412,4.7538252865302955,64.0,84.0,0.38331126457485787,0.009319629609780139,0.365281037064662,0.402760764883047,0.5151494968921108,0.009902880130240026,0.49551717742361634,0.5346626728926878,0.6477020515603882,0.009365832681514287,0.6289783507593987,0.6658493450112464,0.7486505288668932,0.009217332069875154,0.7311307170973469,0.7661071468621597,0.7973442327317715,0.009963977641619192,0.7780968888807457,0.8174690272197918,0.17967642538378448,0.026952344463378283,0.12895942460317453,0.2331872287849565,1.0,0.0,1.0,1.0,25006.4,2085.662731370782,21000.0,29004.999999999996,12.388,14.072152695358357,0.0,48.0
0.25,clipped,0.1,0.25055,0.07775759605172823,0.08,0.39,0.08002000000000001,0.028460667764646876,0.03,0.14,0.33057000000000003,0.07284834920560644,0.18,0.46,0.7434500719543408,0.1172169257325555,0.45,0.918918918918919,25.055,7.775759605172825,8.0,39.0,8.002,2.8460667764646876,3.0,14.0,66.943,7.284834920560645,54.0,82.0,0.7499815686659086,0.0001936803517288686,0.75,0.75,0.8795108129028897,0.008266884180487634,0.8616383303253129,0.8955041398933742,0.28467000000000003,0.07541603727774801,0.12,0.42,0.23493966156209672,0.07294349894120272,0.07534118040202487,0.3669478969171946,0.0716388978459454,0.025482754012308262,0.02660732102344788,0.12490724153829556,0.5729322534948473,0.062720289112707,0.4593211066207604,0.7018869976612181,0.125275,0.038878798025864116,0.04,0.195,0.22657999999999998,0.030398645984281564,0.17,0.28512499999999985,0.6689549068029942,0.005980774357519386,0.6567229058652317,0.6800694786316394,0.8004810692308684,0.008682235435635042,0.782391388674669,0.8165958541181298,0.7499994300123556,7.482552903564706e-06,0.75,0.75,0.6571841784522937,0.007764732461366011,0.6415161019522402,0.6711217001740598,0.9376205993669692,0.0054645007824815905,0.9265051310609538,0.9480475284071463,0.7805493395573797,0.01171727491903105,0.7580635873750129,0.8020320674836566,25.055,7.775759605172825,8.0,39.0,0.6217742359380537,0.01104686915144749,0.600238388418376,0.6422460943747252,0.6906681892603328,0.00816615991705869,0.6729499976200018,0.7055464291030744,0.7437482658233739,0.005545078886468392,0.7309706899993236,0.75,0.75,0.0,0.75,0.75,0.75,0.0,0.75,0.75,0.06401980599308175,0.022270697119427717,0.0236220472440944,0.10834239130434778,0.02749830472710191,0.01487757009253019,0.0,0.0597014925373134,0.4895865989816943,0.014952440230770058,0.4611359292241347,0.519460691545108,0.49954154535866846,0.020008528184531686,0.4608828918187113,0.5399508951744331,0.7797851167553462,0.006822718934080177,0.7671935025573551,0.7929491148227993,0.4697470370049906,0.013896794698000864,0.4415911874773592,0.4969905561098521,0.8953499246898688,0.01553794505416026,0.8672853645011979,0.9273521655826724,0.472489162013503,0.018468921442504137,0.43435145291453736,0.5088161782565703,8.002,2.8460667764646876,3.0,14.0,0.3614162766235671,0.021940978530004606,0.3216774377773358,0.40592093646407407,0.489938903406966,0.022034121056641924,0.4482126765595624,0.5340108098175523,0.6191862099735651,0.021291566253793515,0.5763623178346621,0.6586371946997098,0.7153951001368956,0.020960105895833924,0.6747968289503611,0.7547494771776284,0.7564669434775875,0.01868870142245369,0.7149079592608751,0.7866889016840144,0.09918147160315391,0.010708377134598214,0.07957830805768942,0.12227288618583358,0.0,0.0,0.0,0.0,0.5155332022660825,0.006513086053264153,0.5031074130995915,0.5285166630438372,0.49990506065479273,0.008382478643073359,0.48424596005510284,0.516682190690603,0.8082845094525296,0.005446436174634341,0.7978728411824171,0.8186594097535252,0.4832991864086259,0.0060198752989306745,0.47180753524578123,0.4953803275800026,0.8558307889749861,0.008069261513126386,0.8401461510373726,0.8715355875079402,0.46071577697481636,0.007929691738246739,0.4457332660496586,0.4761728123133242,66.943,7.284834920560645,54.0,82.0,0.38331126457485787,0.009319629609780139,0.365281037064662,0.402760764883047,0.5151494968921108,0.009902880130240026,0.49551717742361634,0.5346626728926878,0.6477020515603882,0.009365832681514287,0.6289783507593987,0.6658493450112464,0.7486505288668932,0.009217332069875154,0.7311307170973469,0.7661071468621597,0.7973442327317715,0.009963977641619192,0.7780968888807457,0.8174690272197918,0.1846715075984115,0.027939977822154103,0.13249737394957983,0.24139233193277304,1.0,0.0,1.0,1.0,25006.4,2085.662731370782,21000.0,29004.999999999996,155.227,86.91957480040664,0.0,344.2499999999998
0.25,clipped,0.15,0.19569,0.07914282966565883,0.03,0.35,0.13518,0.03633852071959023,0.07,0.21,0.33087,0.07291817441598604,0.18,0.47,0.5691748842029503,0.16061158865342506,0.1428571428571428,0.7954545454545454,19.569,7.914282966565883,3.0,35.0,13.518,3.633852071959023,7.0,21.0,66.913,7.291817441598603,53.0,82.0,0.7500226101646358,0.0002751815236868967,0.75,0.75,0.8676229515779381,0.00721105810240333,0.8531142646410743,0.8814756178434238,0.27099,0.07518226035623213,0.11,0.41,0.17816277645009843,0.07208503464473054,0.02704201657221349,0.31800728798285405,0.11677276773101246,0.03144679424370766,0.05964501172588624,0.18247800367544773,0.5726874073968272,0.06276846436068567,0.45735956301888747,0.7014228378422946,0.097845,0.039571414832829416,0.015,0.175,0.40195,0.03381776369219498,0.335,0.47,0.6946718773610725,0.005270183455319413,0.6837988500430451,0.7045481277642253,0.8004810692308684,0.008682235435635042,0.782391388674669,0.8165958541181298,0.75,0.0,0.75,0.75,0.6885679034378533,0.006297124674782373,0.6761118192407211,0.7001612954383681,0.9103057736387775,0.00998905907572772,0.8908357426206502,0.9288645564663366,0.7883466598557177,0.01069949059177669,0.76713571026822,0.8073234344955306,19.569,7.914282966565883,3.0,35.0,0.6592742359380537,0.011046869151447493,0.637738388418376,0.6797460943747252,0.7281669435443703,0.008162777669566966,0.7104499976200019,0.7430464291030745,0.75,0.0,0.75,0.75,0.75,0.0,0.75,0.75,0.75,0.0,0.75,0.75,0.10815649171409646,0.02783791419350117,0.05689909520062937,0.16532369146005507,0.060240955166984564,0.02151917221999916,0.02272300068352697,0.10486197270471456,0.5254794612118844,0.014681494270004442,0.4971681952590463,0.5549961056283924,0.49954154535866846,0.020008528184531686,0.4608828918187113,0.5399508951744331,0.7823622386517656,0.005119038715507697,0.7719699596403579,0.7919599266217644,0.4943397805184312,0.013353587621140674,0.46834513714227355,0.5209359022570265,0.8637802440618751,0.014436664738752181,0.8345344542049852,0.8920609759492453,0.4553866192847751,0.017760218386579586,0.4208234490242061,0.4916802738567424,13.518,3.633852071959023,7.0,21.0,0.3989162766235671,0.021940978530004603,0.3591774377773358,0.443420936464074,0.5274389034069661,0.02203412105664193,0.4857126765595624,0.5715108098175524,0.6566862099735652,0.02129156625379352,0.6138623178346622,0.6961371946997099,0.7507392510762975,0.01832230048916546,0.7122968289503612,0.7796560142954332,0.7808707442509272,0.011824479816724577,0.752006532503858,0.798249086254115,0.09913684993192891,0.010716860239812828,0.07894642452616474,0.12227288618583358,0.0,0.0,0.0,0.0,0.5155332022660825,0.006513086053264153,0.5031074130995915,0.5285166630438372,0.49990506065479273,0.008382478643073359,0.48424596005510284,0.516682190690603,0.8083128631021607,0.005450875400963402,0.7978728411824171,0.8186594097535252,0.4833123263747326,0.006021167121617398,0.47180753524578123,0.4953897948497168,0.8558510897226358,0.008068161966567842,0.8401461510373726,0.8715355875079402,0.4607332925354358,0.007931232755043963,0.4457332660496586,0.4761728123133242,66.913,7.291817441598603,53.0,82.0,0.38331126457485787,0.009319629609780139,0.365281037064662,0.402760764883047,0.5151494968921108,0.009902880130240026,0.49551717742361634,0.5346626728926878,0.6477020515603882,0.009365832681514287,0.6289783507593987,0.6658493450112464,0.7486505288668932,0.009217332069875154,0.7311307170973469,0.7661071468621597,0.7973442327317715,0.009963977641619192,0.7780968888807457,0.8174690272197918,0.1986930523455187,0.030020964978109688,0.14183246153846152,0.26196541927899675,1.0,0.0,1.0,1.0,25006.4,2085.662731370782,21000.0,29004.999999999996,604.069,224.50372861750685,225.0,1092.0
0.25,clipped,0.2,0.13133,0.0761020539973963,0.0,0.28,0.20153000000000004,0.04275028288428846,0.13,0.29,0.33286,0.06976307968608673,0.2,0.47,0.3695990009271108,0.17909242347431314,0.0,0.6452484742807323,13.133,7.61020539973963,0.0,28.0,20.153,4.275028288428845,13.0,29.0,66.714,6.9763079686086735,53.0,80.0,0.750279621525401,0.0012718818271310712,0.75,0.7549582242483142,0.8553023810960839,0.006864856032230172,0.8423474917694581,0.8681654790103958,0.26089,0.07078642962191707,0.12,0.4,0.11638158713880484,0.06748282869774674,0.0,0.24611173948173407,0.16780882801676766,0.035820695541515624,0.10488930406971982,0.2397037646023045,0.5711119659405113,0.06025009768341036,0.45735956301888747,0.6854143064431558,0.065665,0.03805102699869815,0.0,0.14,0.566215,0.03545639478191388,0.49,0.63,0.713931809725269,0.004382396935899232,0.7049826933247149,0.7219651054626149,0.8004810692308684,0.008682235435635042,0.782391388674669,0.8165958541181298,0.75,0.0,0.75,0.75,0.7113445393533452,0.0048552940840401945,0.7018377885711314,0.7203276716864534,0.8860155179555033,0.017779994005993584,0.8537930958515073,0.9193833924008685,0.7943287263568054,0.009764443864436746,0.7744878156447178,0.8123913514091774,13.133,7.61020539973963,0.0,28.0,0.6967742359380539,0.011046869151447493,0.675238388418376,0.7172460943747252,0.7498236876021859,0.0011871386775946277,0.7479427207958947,0.75,0.75,0.0,0.75,0.75,0.75,0.0,0.75,0.75,0.75,0.0,0.75,0.75,0.16136700703703605,0.032403969906377984,0.1031746031746031,0.2276422764227642,0.10373364596354553,0.027116747918801774,0.05169153868443921,0.1579057017543859,0.5599383322664241,0.0142252104502957,0.5315417623231072,0.5887603507919215,0.49954154535866846,0.020008528184531686,0.4608828918187113,0.5399508951744331,0.7840157721578519,0.004080359489236398,0.7757973262555923,0.7919130322033405,0.5168335482415904,0.013087768179949453,0.4906546236677414,0.542254560987659,0.8325251486350332,0.014314365236396464,0.8048867693439812,0.8602719131115675,0.43547152783205345,0.01737097680009183,0.4007234445264312,0.46954554123511094,20.153,4.275028288428845,13.0,29.0,0.43641627662356713,0.021940978530004603,0.39667743777733583,0.48092093646407397,0.564938903406966,0.022034121056641924,0.5232126765595624,0.6090108098175524,0.6941856415301784,0.02129000385418429,0.6513623178346623,0.7336371946997098,0.7750286337760608,0.011327839132785707,0.7497968289503611,0.7925051585810964,0.7931378087118316,0.0071732394934149344,0.7763677865457513,0.8043492187958343,0.0988404770488477,0.01022769859298634,0.07894642452616474,0.1187443003909214,0.0,0.0,0.0,0.0,0.5155332022660825,0.006513086053264153,0.5031074130995915,0.5285166630438372,0.49990506065479273,0.008382478643073359,0.48424596005510284,0.516682190690603,0.8084590622682758,0.0055119770611080894,0.7978820692313381,0.8191117538659706,0.4834024203891281,0.006034794769588921,0.47182550274461116,0.4955915756130544,0.8560204068257924,0.008120564533566547,0.8402722800122374,0.8718352549290606,0.4608438697008227,0.007944179572550034,0.44587323819531255,0.4762753865267303,66.714,6.9763079686086735,53.0,80.0,0.38331126457485787,0.009319629609780139,0.365281037064662,0.402760764883047,0.5151494968921108,0.009902880130240026,0.49551717742361634,0.5346626728926878,0.6477020515603882,0.009365832681514287,0.6289783507593987,0.6658493450112464,0.7486505288668932,0.009217332069875154,0.7311307170973469,0.7661071468621597,0.7973442327317715,0.009963977641619192,0.7780968888807457,0.8174690272197918,0.22488250288269795,0.033035056804190006,0.1639448863636363,0.29075769410328234,1.0,0.0,1.0,1.0,25006.4,2085.662731370782,21000.0,29004.999999999996,1467.632,408.03995292027366,678.0,2310.5249999999996
0.25,clipped,0.25,0.06827000000000001,0.064588534421976,0.0,0.22,0.27257,0.04731102866598266,0.18,0.36,0.34084,0.061751985455592504,0.23,0.47,0.1828281164726084,0.15833628537995817,0.0,0.5,6.827,6.458853442197602,0.0,22.0,27.257,4.731102866598267,18.0,36.0,65.916,6.17519854555925,53.0,77.0,0.7513926625341727,0.0031861755246994495,0.75,0.7616757579813271,0.8426694389202605,0.007498734554392635,0.8279018123968539,0.8581845092702752,0.26271999999999995,0.06263005767300653,0.15,0.4,0.059051039985058326,0.05585771582350764,0.0,0.18264770603568478,0.21890938244828065,0.038352862331293806,0.1458731589745288,0.29241210474622464,0.5647090164869215,0.05371099100343476,0.45735956301888747,0.6627565403037936,0.034135000000000006,0.032294267210988,0.0,0.11,0.701455,0.03360263549354591,0.63,0.765,0.7275478567075784,0.0034673434451240053,0.7205078896119488,0.734163295049235,0.8004810692308684,0.008682235435635042,0.782391388674669,0.8165958541181298,0.75,0.0,0.75,0.75,0.726736755101591,0.0036219314592800538,0.7190640195441785,0.7336418197605601,0.8650636617923341,0.028200846733357477,0.8006729415218671,0.9233940225300862,0.7981477693066602,0.009087303811764046,0.7794538891533777,0.8144703313179321,6.827,6.458853442197602,0.0,22.0,0.733966453810225,0.010477731930976807,0.712738388418376,0.75,0.75,0.0,0.75,0.75,0.75,0.0,0.75,0.75,0.75,0.0,0.75,0.75,0.75,0.0,0.75,0.75,0.21826501089470518,0.035184996958705785,0.1487522598140496,0.28574197120708744,0.15624568360259858,0.03290616975676343,0.096,0.22309701492537312,0.5925984072618933,0.013582562999371543,0.5658342647027947,0.6202448528344278,0.49954154535866846,0.020008528184531686,0.4608828918187113,0.5399508951744331,0.7856946096288494,0.0034054956136947046,0.7789380744844164,0.7921535189373446,0.5387063001094483,0.012805350555753372,0.5137055429386502,0.5635573653158504,0.8030510632338158,0.014721614431262462,0.7747251870312455,0.8316162086813741,0.414826630953519,0.017097709403952752,0.38109967510327625,0.44869375463434696,27.257,4.731102866598267,18.0,36.0,0.4739162766235671,0.02194097853000461,0.4341774377773358,0.518420936464074,0.6024389034069662,0.02203412105664192,0.5607126765595624,0.6465108098175524,0.7310598493011694,0.02017504926227788,0.6888623178346621,0.7648346855985206,0.7875907880827808,0.007171400616949089,0.7708910012337585,0.7988579808558317,0.7996525341854864,0.004681268026166276,0.7884910650965342,0.8067597307823127,0.0976543557963296,0.008981729062605045,0.07894642452616474,0.11340707010001078,0.0,0.0,0.0,0.0,0.5155332022660825,0.006513086053264153,0.5031074130995915,0.5285166630438372,0.49990506065479273,0.008382478643073359,0.48424596005510284,0.516682190690603,0.8090798201263456,0.005802937855094615,0.7979349056120658,0.8205739468387019,0.48376043031199184,0.006137192721493764,0.472056296616993,0.4960073145721137,0.8566378119117721,0.008371922491191055,0.840627778946209,0.8735034246766575,0.46129470731277944,0.008069521271650186,0.4462828311705529,0.47772249497311453,65.916,6.17519854555925,53.0,77.0,0.38331126457485787,0.009319629609780139,0.365281037064662,0.402760764883047,0.5151494968921108,0.009902880130240026,0.49551717742361634,0.5346626728926878,0.6477020515603882,0.009365832681514287,0.6289783507593987,0.6658493450112464,0.7486505288668932,0.009217332069875154,0.7311307170973469,0.7661071468621597,0.7973442327317715,0.009963977641619192,0.7780968888807457,0.8174690272197918,0.2627887634232021,0.036726148883316705,0.19233391393442625,0.33510105357142855,1.0,0.0,1.0,1.0,25006.4,2085.662731370782,21000.0,29004.999999999996,2736.244,612.9118120523974,1668.0,3969.1749999999997
0.25,clipped,0.3,0.02185,0.03919200828630135,0.0,0.13024999999999978,0.34426999999999996,0.04897208761494006,0.25,0.43,0.36612,0.051904138945171215,0.27,0.47,0.05461274581445686,0.0938072843548685,0.0,0.322641129032258,2.185,3.9192008286301347,0.0,13.024999999999977,34.427,4.897208761494006,25.0,43.0,63.388,5.190413894517122,53.0,73.0,0.7547091923456513,0.00540572661403536,0.75,0.7680974251971201,0.8295621184920786,0.00884564906492289,0.8123034379255518,0.8469519176202416,0.28664999999999996,0.050398586463486425,0.19,0.39,0.018495441536964002,0.033141295474826304,0.0,0.11266283832747286,0.26672071759151084,0.03858978871188851,0.1902953676115034,0.33634023169227417,0.5443459593636037,0.04544189210015012,0.4559382151879894,0.6300246738029416,0.010925,0.019596004143150676,0.0,0.06512499999999989,0.8046850000000001,0.028008217280563116,0.75,0.855,0.7367115086038455,0.002625607515223747,0.7313335628036313,0.7417706639904044,0.8004810692308684,0.008682235435635042,0.782391388674669,0.8165958541181298,0.75,0.0,0.75,0.75,0.7365628778122553,0.002651010583909241,0.7310561519666143,0.7416324904402367,0.847903488639995,0.03999631365730361,0.7598593089506437,0.9278263636321586,0.7999682372478476,0.00879174864647861,0.7815949784699915,0.8165014041491431,2.185,3.9192008286301347,0.0,13.024999999999977,0.7499081088449907,0.0006954568722696733,0.7495957674385072,0.75,0.75,0.0,0.75,0.75,0.75,0.0,0.75,0.75,0.75,0.0,0.75,0.75,0.75,0.0,0.75,0.75,0.2758261740686136,0.03590378321010339,0.20452031375703938,0.3451327433628318,0.21523884407792268,0.03691896997559772,0.144,0.2868232939382387,0.623149185290848,0.012795490479517523,0.5973525540105692,0.6489269151708306,0.49954154535866846,0.020008528184531686,0.4608828918187113,0.5399508951744331,0.7872918616966013,0.0031505582828777086,0.7812462356316227,0.7932753879026097,0.5606414208506274,0.013050536353003479,0.5360399392834032,0.5864406436780483,0.7745972427352408,0.015110590384604635,0.7453990007242934,0.8046486460020141,0.39478115261599567,0.017914180569318,0.36194124302622466,0.4309066679947721,34.427,4.897208761494006,25.0,43.0,0.511416276623567,0.021940978530004616,0.47167743777733573,0.555920936464074,0.639938903406966,0.02203412105664192,0.5982126765595625,0.6840108098175524,0.7604503460573628,0.013456159909426576,0.7263623178346621,0.7797911187788322,0.7945322409672329,0.00490159841249917,0.7838988387619897,0.8028272517939056,0.8030320602421136,0.0034108524995701602,0.7951867941112518,0.8081642786099237,0.09389667781826659,0.007346164988213143,0.07894642452616474,0.10735568481123783,0.0,0.0,0.0,0.0,0.5155332022660825,0.006513086053264153,0.5031074130995915,0.5285166630438372,0.49990506065479273,0.008382478643073359,0.48424596005510284,0.516682190690603,0.8112078755040393,0.006559550871262191,0.7991071944362609,0.82484146393427,0.4848898768322647,0.00627373794551545,0.4730194951144577,0.4975258396217701,0.8586833694176903,0.008890641847752316,0.841235804774823,0.8767210232237184,0.4627228443181541,0.008248985935171971,0.44733766785855145,0.4791765333660985,63.388,5.190413894517122,53.0,73.0,0.38331126457485787,0.009319629609780139,0.365281037064662,0.402760764883047,0.5151494968921108,0.009902880130240026,0.49551717742361634,0.5346626728926878,0.6477020515603882,0.009365832681514287,0.6289783507593987,0.6658493450112464,0.7486505288668932,0.009217332069875154,0.7311307170973469,0.7661071468621597,0.7973442327317715,0.009963977641619192,0.7780968888807457,0.8174690272197918,0.31268553384592407,0.03974723947397497,0.235088943548387,0.3895145075116377,1.0,0.0,1.0,1.0,25006.4,2085.662731370782,21000.0,29004.999999999996,4325.754,807.7335891462203,2821.65,5920.2
0.25,unclipped,0.0,0.07748000000000002,0.03595194211919771,0.02,0.15,0.02851,0.016660055745928867,0.0,0.06,0.10599000000000001,0.03943063117266416,0.039750000000000014,0.19,0.7151891783606381,0.16886265644602244,0.3333333333333333,1.0,7.748,3.5951942119197704,2.0,15.0,2.851,1.6660055745928866,0.0,6.0,89.401,3.943063117266416,81.0,96.02499999999998,0.7239368757481967,0.005924010147132053,0.7122908609888099,0.7358245535207217,0.8502395437426117,0.007968103239384421,0.8353422132994193,0.866130931328862,0.0,0.0,0.0,0.0,0.07556063242550073,0.03483344495041059,0.019452944079407175,0.14626084860640529,0.02665582802115925,0.015564205701114213,0.0,0.05704838460781106,0.7480230832959517,0.03632475792698825,0.67448264417855,0.8144706667872511,0.03874000000000001,0.017975971059598854,0.01,0.075,0.0,0.0,0.0,0.0,0.6003608019231512,0.006511676576726282,0.5867935415060017,0.6124468905885974,0.8004810692308684,0.008682235435635042,0.782391388674669,0.8165958541181298,0.732560977937005,0.004567991917434263,0.7238728238189772,0.7416003175870464,0.5950549055355043,0.0067632052749303185,0.5811293150074238,0.6076063554514263,0.9767479705826735,0.006090655889912344,0.9651637650919698,0.9888004234493953,0.7934065407140057,0.009017607033240425,0.7748390866765651,0.8101418072685687,7.748,3.5951942119197704,2.0,15.0,0.5467742359380537,0.011046869151447493,0.525238388418376,0.5672460943747252,0.6156681892603328,0.008166159917058692,0.5979499976200019,0.6305464291030745,0.6695061979452919,0.0066575385687219725,0.6559706899993235,0.6824334539533107,0.7037533727988332,0.005753519418783043,0.6914533139984932,0.7138339571819866,0.7180156310045268,0.0055133741566151355,0.7064811196935517,0.7280374275456437,0.022788260559054387,0.013233149583732486,0.0,0.05043085030622409,0.0,0.0,0.0,0.0,0.41527492048427594,0.015090458665306406,0.38658449069737666,0.44561905187411677,0.49954154535866846,0.020008528184531686,0.4608828918187113,0.5399508951744331,0.7480656605836841,0.012577754326992466,0.7253187698855318,0.7755556615716143,0.40752452160736136,0.014583000807909243,0.3777511406919754,0.43586706164346056,0.9354593563570954,0.017910065702674404,0.9014596613794371,0.9728578889293,0.4893951423613603,0.019353820222003222,0.45126996114948514,0.5276714808750491,2.851,1.6660055745928866,0.0,6.0,0.2864162766235671,0.021940978530004606,0.24667743777733583,0.33092093646407394,0.414938903406966,0.02203412105664192,0.37321267655956236,0.45901080981755243,0.5441862099735651,0.02129156625379352,0.5013623178346621,0.5836371946997099,0.6404115156237704,0.020997688008029897,0.5997968289503611,0.6797804025637528,0.6834518106504043,0.02096656917463914,0.6399079592608751,0.7211148601787246,0.13246689373220916,0.005826401419346105,0.11982093505297088,0.14329332629912944,0.0,0.0,0.0,0.0,0.5155332022660825,0.006513086053264153,0.5031074130995915,0.5285166630438372,0.49990506065479273,0.008382478643073359,0.48424596005510284,0.516682190690603,0.789997383517996,0.0065106589389511554,0.7786388257537888,0.8033470317744552,0.47361796294826836,0.006316465469373929,0.4618371867731813,0.4863646194604941,0.8365787887034278,0.00885283446280664,0.8196735190748319,0.8530982723328896,0.4484911564881433,0.008336779668318337,0.4331102046282994,0.46516182225946473,89.401,3.943063117266416,81.0,96.02499999999998,0.38331126457485787,0.009319629609780139,0.365281037064662,0.402760764883047,0.5151494968921108,0.009902880130240026,0.49551717742361634,0.5346626728926878,0.6477020515603882,0.009365832681514287,0.6289783507593987,0.6658493450112464,0.7486505288668932,0.009217332069875154,0.7311307170973469,0.7661071468621597,0.7973442327317715,0.009963977641619192,0.7780968888807457,0.8174690272197918,0.17907015830665032,0.026805460515452257,0.12866538461538454,0.23256095242584207,,,,,25006.4,2085.662731370782,21000.0,29004.999999999996,0.0,0.0,0.0,0.0
0.25,unclipped,0.05,0.20955000000000001,0.04381115060024008,0.12975000000000003,0.3,0.04713000000000001,0.021469141203691033,0.01,0.09,0.25668,0.04639752504531174,0.16975000000000004,0.36,0.8153679704069692,0.08039983808255524,0.6399090909090909,0.958375,20.955,4.381115060024008,12.975000000000001,30.0,4.713,2.1469141203691033,1.0,9.0,74.332,4.639752504531175,64.0,83.02499999999998,0.7410795545733627,0.005251575744645323,0.7304429125791299,0.7516213520319247,0.8756010020125213,0.007495687576961136,0.8617490442115238,0.8896257896665084,0.15158000000000002,0.03758611866522422,0.08,0.23,0.201061131080654,0.041699646739697324,0.12437318735685678,0.2871017280739657,0.04327939791206697,0.019688465382082066,0.009001230584274147,0.08335443889647905,0.6312604730198005,0.041291728389997666,0.549369468229472,0.7098423736076029,0.10477500000000001,0.02190557530012004,0.06487500000000002,0.15,0.07194999999999999,0.018784311282300195,0.03987500000000001,0.11,0.6378608019231513,0.006511676576726282,0.6242935415060018,0.6499468905885973,0.8004810692308684,0.008682235435635042,0.782391388674669,0.8165958541181298,0.7573964991217219,0.0040720077687442,0.7496040138954704,0.7653618317768327,0.6238773059189696,0.006939268605098266,0.610087707402461,0.6368205395697492,0.9598619988289625,0.0054293436916589425,0.9494720185272939,0.9704824423691102,0.7818364078919594,0.009252358140131027,0.7634502765366146,0.7990940527596656,20.955,4.381115060024008,12.975000000000001,30.0,0.5842742359380537,0.011046869151447489,0.5627383884183761,0.6047460943747253,0.6531681892603328,0.008166159917058689,0.635449997620002,0.6680464291030745,0.7070061979452918,0.00665753856872197,0.6934706899993236,0.7199334539533108,0.7412533727988332,0.0057535194187830355,0.7289533139984933,0.7513339571819866,0.7555156310045268,0.0055133741566151225,0.7439811196935516,0.7655374275456436,0.03765855171918211,0.016842105502732675,0.0079365079365079,0.07378573364042804,0.006949062029690632,0.0073974024729437406,0.0,0.025,0.452774920484276,0.015090458665306406,0.4240844906973767,0.4831190518741168,0.49954154535866846,0.020008528184531686,0.4608828918187113,0.5399508951744331,0.7716242751934554,0.0123970723568778,0.7471739631252208,0.7961409893667973,0.4403043080190806,0.014357586234186516,0.4114941391751796,0.4687784572480115,0.9184380172487736,0.017035508754040737,0.8848456999940583,0.9509634258810631,0.4831613902815387,0.01907293170087687,0.4445472448522955,0.5210734797878628,4.713,2.1469141203691033,1.0,9.0,0.3239162766235671,0.021940978530004603,0.28417743777733584,0.368420936464074,0.452438903406966,0.022034121056641934,0.4107126765595624,0.4965108098175524,0.5816862099735651,0.02129156625379352,0.5388623178346622,0.62113719469971,0.6779115156237705,0.020997688008029897,0.6372968289503612,0.7172804025637529,0.7209518106504044,0.020966569174639148,0.6774079592608752,0.7586148601787247,0.1101343772432699,0.00678919803881701,0.0960051384392972,0.12328818621897208,0.0,0.0,0.0,0.0,0.5155332022660825,0.006513086053264153,0.5031074130995915,0.5285166630438372,0.49990506065479273,0.008382478643073359,0.48424596005510284,0.516682190690603,0.8017852167903566,0.006397457859002307,0.7895942699301214,0.8143286773588595,0.4800976344529606,0.0062980447941674835,0.46806569922309166,0.49339152604784353,0.8491283465128359,0.008753168551306879,0.8322916568252227,0.8654715636906086,0.4566772813696308,0.008303510900124775,0.44130289145164253,0.47318152250786694,74.332,4.639752504531175,64.0,83.02499999999998,0.38331126457485787,0.009319629609780139,0.365281037064662,0.402760764883047,0.5151494968921108,0.009902880130240026,0.49551717742361634,0.5346626728926878,0.6477020515603882,0.009365832681514287,0.6289783507593987,0.6658493450112464,0.7486505288668932,0.009217332069875154,0.7311307170973469,0.7661071468621597,0.7973442327317715,0.009963977641619192,0.7780968888807457,0.8174690272197918,0.17907015830665032,0.026805460515452257,0.12866538461538454,0.23256095242584207,0.9810547635104093,0.06576204005976664,0.7743589743589744,1.0,25006.4,2085.662731370782,21000.0,29004.999999999996,12.388,14.072152695358357,0.0,48.0
0.25,unclipped,0.1,0.35126999999999997,0.047433501209978544,0.25,0.44,0.06596,0.024708073354450136,0.02,0.12,0.41723000000000005,0.04892873512692844,0.32,0.51,0.8418340931980876,0.05659979306767867,0.7254084967320261,0.944481981981982,35.127,4.743350120997856,25.0,44.0,6.596,2.4708073354450137,2.0,12.0,58.277,4.892873512692844,49.0,68.0,0.761434610997682,0.005169980325163587,0.7509655208548055,0.7718148829328202,0.8950282342859667,0.006702661379955269,0.8819368311444973,0.9075129887253868,0.38509,0.04773542259759068,0.29,0.48,0.3322977943722555,0.04455245246394252,0.23838925514252948,0.4170727055609806,0.05964418138334913,0.022347871262324962,0.01846016628769893,0.10833485243363541,0.5030862585303619,0.04336373874564758,0.42170133041488866,0.5845009053676972,0.17563499999999999,0.023716750604989272,0.125,0.22,0.22657999999999998,0.030398645984281564,0.17,0.28512499999999985,0.6753608019231513,0.0065116765767262805,0.6617935415060017,0.6874468905885973,0.8004810692308684,0.008682235435635042,0.782391388674669,0.8165958541181298,0.7845964494218913,0.00405002680365108,0.7768729933025231,0.7928952398139651,0.6520849446939468,0.0071506900434170195,0.6383738055738463,0.6656430223976307,0.9461285992291885,0.005400035738201449,0.9358306577366975,0.9571936530852868,0.7694465929252624,0.009534253391222691,0.7511650740984616,0.7875240298635078,35.127,4.743350120997856,25.0,44.0,0.6217742359380537,0.01104686915144749,0.600238388418376,0.6422460943747252,0.6906681892603328,0.00816615991705869,0.6729499976200018,0.7055464291030744,0.7445061979452918,0.006657538568721983,0.7309706899993236,0.7574334539533109,0.778753372798833,0.005753519418783042,0.7664533139984934,0.7888339571819867,0.7930156310045268,0.005513374156615134,0.7814811196935517,0.8030374275456437,0.05277552096489816,0.0194762343703766,0.018006164058795623,0.0930232558139534,0.02749830472710191,0.01487757009253019,0.0,0.0597014925373134,0.4902749204842759,0.015090458665306413,0.46158449069737667,0.5206190518741168,0.49954154535866846,0.020008528184531686,0.4608828918187113,0.5399508951744331,0.7976345933327863,0.011743467050417462,0.7752352485230626,0.8210424328007524,0.47315162527306376,0.014149242107765535,0.4449426471363675,0.5007506292534942,0.9041000018654828,0.016333713873257695,0.8730576465385803,0.9359949050907521,0.47700787785338555,0.018783837527157815,0.44062141841441393,0.5140780806746209,6.596,2.4708073354450137,2.0,12.0,0.3614162766235671,0.021940978530004606,0.3216774377773358,0.40592093646407407,0.489938903406966,0.022034121056641924,0.4482126765595624,0.5340108098175523,0.6191862099735651,0.021291566253793515,0.5763623178346621,0.6586371946997098,0.7154115156237704,0.020997688008029897,0.6747968289503611,0.7547804025637528,0.7584518106504042,0.020966569174639148,0.7149079592608751,0.7961148601787246,0.0863439222404511,0.0071692479529173875,0.0724852071005917,0.10000726744186046,0.0,0.0,0.0,0.0,0.5155332022660825,0.006513086053264153,0.5031074130995915,0.5285166630438372,0.49990506065479273,0.008382478643073359,0.48424596005510284,0.516682190690603,0.8158848731075257,0.0065806366758829685,0.8033015709743478,0.8286862128038095,0.4871434110554437,0.006281804080884122,0.47536732689919586,0.499681644851478,0.8631538630259621,0.008999396740651257,0.8458364218446284,0.8801844197730087,0.46557007532999023,0.008263570972051588,0.4500840159486838,0.4817133376268892,58.277,4.892873512692844,49.0,68.0,0.38331126457485787,0.009319629609780139,0.365281037064662,0.402760764883047,0.5151494968921108,0.009902880130240026,0.49551717742361634,0.5346626728926878,0.6477020515603882,0.009365832681514287,0.6289783507593987,0.6658493450112464,0.7486505288668932,0.009217332069875154,0.7311307170973469,0.7661071468621597,0.7973442327317715,0.009963977641619192,0.7780968888807457,0.8174690272197918,0.17907015830665032,0.026805460515452257,0.12866538461538454,0.23256095242584207,0.8908913819393404,0.10612445323486018,0.6044642857142857,1.0,25006.4,2085.662731370782,21000.0,29004.999999999996,155.227,86.91957480040664,0.0,344.2499999999998
0.25,unclipped,0.15,0.48771000000000003,0.0469729960973575,0.39,0.58,0.08540000000000002,0.028626202323386515,0.03,0.14,0.57311,0.04712163354923456,0.48,0.67,0.8512501555067336,0.047905303445066945,0.7543859649122807,0.9411764705882352,48.771,4.697299609735749,39.0,58.0,8.54,2.8626202323386516,3.0,14.0,42.689,4.712163354923456,33.0,52.0,0.7839708541765135,0.0053078297979251895,0.7740248047273348,0.7944216694502155,0.9068632839555698,0.005968260968398337,0.8949177401181025,0.9178975134551466,0.55826,0.04622238536584745,0.47,0.65,0.4557617735420516,0.043687448767556473,0.3655662704785809,0.5383825014987256,0.07614057001887835,0.025538520059339195,0.027249639325960594,0.12702209245140997,0.37496094039463973,0.04198650212359657,0.2931415019699838,0.4570032148493176,0.24385500000000002,0.02348649804867875,0.195,0.29,0.40195,0.03381776369219498,0.335,0.47,0.7128608019231513,0.00651167657672628,0.6992935415060016,0.7249468905885973,0.8004810692308684,0.008682235435635042,0.782391388674669,0.8165958541181298,0.8134123076784348,0.004170416626834346,0.804958634036498,0.8215322868939215,0.6804334462737724,0.00732309376989865,0.6666132626910264,0.694306409296099,0.9345497435712465,0.005560555502445787,0.9232781787153306,0.9453763825252289,0.7572445950316966,0.00976412502653154,0.738817683588035,0.7757418790614652,48.771,4.697299609735749,39.0,58.0,0.6592742359380537,0.011046869151447493,0.637738388418376,0.6797460943747252,0.7281681892603329,0.00816615991705869,0.7104499976200019,0.7430464291030745,0.7820061979452918,0.00665753856872197,0.7684706899993236,0.7949334539533107,0.816253372798833,0.0057535194187830424,0.8039533139984932,0.8263339571819865,0.8305156310045267,0.0055133741566151355,0.8189811196935516,0.8405374275456436,0.06834259313300362,0.02238805378398945,0.026075808249721263,0.1130629197596323,0.060240955166984564,0.02151917221999916,0.02272300068352697,0.10486197270471456,0.527774920484276,0.015090458665306406,0.4990844906973767,0.5581190518741169,0.49954154535866846,0.020008528184531686,0.4608828918187113,0.5399508951744331,0.8251658320218648,0.011759145502116437,0.8033213382428044,0.8478113466718298,0.505981241243203,0.013742424014915476,0.47865341748374446,0.5332073366530676,0.8915941008179218,0.01569469126838403,0.8624156546710079,0.9234185965614997,0.47081187200194163,0.018253121360764426,0.43421292197768285,0.5077980414182869,8.54,2.8626202323386516,3.0,14.0,0.3989162766235671,0.021940978530004603,0.3591774377773358,0.443420936464074,0.5274389034069661,0.02203412105664193,0.4857126765595624,0.5715108098175524,0.6566862099735652,0.02129156625379352,0.6138623178346622,0.6961371946997099,0.7529115156237703,0.020997688008029893,0.7122968289503612,0.7922804025637529,0.7959518106504042,0.02096656917463913,0.7524079592608751,0.8336148601787245,0.06324429442735056,0.006897052367994804,0.04963476208770094,0.07647080044138865,0.0,0.0,0.0,0.0,0.5155332022660825,0.006513086053264153,0.5031074130995915,0.5285166630438372,0.49990506065479273,0.008382478643073359,0.48424596005510284,0.516682190690603,0.8319425811380006,0.006799884984205657,0.8189325518575596,0.845224718034405,0.49416791604225735,0.006267248354825445,0.48235572974720275,0.5065456329791354,0.8782478279566942,0.00954378405810245,0.8588880903771967,0.8964933773709097,0.4743559364285587,0.008246527700459503,0.4590799961317892,0.49041084060040113,42.689,4.712163354923456,33.0,52.0,0.38331126457485787,0.009319629609780139,0.365281037064662,0.402760764883047,0.5151494968921108,0.009902880130240026,0.49551717742361634,0.5346626728926878,0.6477020515603882,0.009365832681514287,0.6289783507593987,0.6658493450112464,0.7486505288668932,0.009217332069875154,0.7311307170973469,0.7661071468621597,0.7973442327317715,0.009963977641619192,0.7780968888807457,0.8174690272197918,0.17907015830665032,0.026805460515452257,0.12866538461538454,0.23256095242584207,0.780497948610187,0.08892441150985163,0.5872049006838164,0.9392784810126583,25006.4,2085.662731370782,21000.0,29004.999999999996,604.069,224.50372861750685,225.0,1092.0
0.25,unclipped,0.2,0.61072,0.044607975424485156,0.52,0.69,0.10347000000000003,0.03072463349013464,0.05,0.17,0.7141900000000001,0.04267980160995908,0.63,0.79,0.855370812314412,0.04140506153969778,0.7680911256700417,0.931046291922532,61.072,4.460797542448516,52.0,69.0,10.347,3.072463349013464,5.0,17.0,28.581,4.267980160995908,21.0,37.0,0.8083472813759942,0.005278983063329166,0.7980215025110414,0.8185307529516672,0.9112278100688674,0.005517953775212396,0.9000353406339122,0.922011883341362,0.7133799999999999,0.04275749997139454,0.63,0.79,0.5647701655411645,0.04130116391187512,0.48393558660645436,0.6426628835279115,0.09114810998822483,0.027152899586607205,0.043070346904141445,0.14911603922874783,0.255309534539478,0.03823888911231302,0.18806581704788428,0.3343287110615331,0.30536,0.022303987712242578,0.26,0.345,0.566215,0.03545639478191388,0.49,0.63,0.7503608019231512,0.006511676576726281,0.7367935415060016,0.7624468905885973,0.8004810692308684,0.008682235435635042,0.782391388674669,0.8165958541181298,0.8435784465593302,0.004246987934372108,0.8348947999838169,0.8516722592412592,0.7093873473985528,0.007515039334730652,0.6950616364236277,0.7239034261989182,0.924771262079107,0.005662650579162807,0.913193066645089,0.9355630123216788,0.7458497965314037,0.010020052446307534,0.7267488485648369,0.7652045682652243,61.072,4.460797542448516,52.0,69.0,0.6967742359380539,0.011046869151447493,0.675238388418376,0.7172460943747252,0.7656681892603329,0.00816615991705869,0.7479499976200019,0.7805464291030744,0.8195061979452919,0.006657538568721971,0.8059706899993235,0.8324334539533108,0.8537533727988332,0.005753519418783042,0.8414533139984932,0.8638339571819866,0.8680156310045267,0.005513374156615136,0.8564811196935517,0.8780374275456437,0.08277437736697674,0.023689549593124755,0.039993377483443705,0.13077868852459007,0.10373364596354553,0.027116747918801774,0.05169153868443921,0.1579057017543859,0.565274920484276,0.0150904586653064,0.5365844906973768,0.5956190518741168,0.49954154535866846,0.020008528184531686,0.4608828918187113,0.5399508951744331,0.8541074268740685,0.01149227678218439,0.8324027815558569,0.8763675272760244,0.5392118251027175,0.0137721447074912,0.5121832185960022,0.567114203044829,0.8807027487373322,0.015250384119812048,0.8504691519979493,0.9098145568905037,0.4651476753504934,0.01830020643151755,0.42910278169907934,0.5026163852345154,10.347,3.072463349013464,5.0,17.0,0.43641627662356713,0.021940978530004603,0.39667743777733583,0.48092093646407397,0.564938903406966,0.022034121056641924,0.5232126765595624,0.6090108098175524,0.6941862099735652,0.02129156625379352,0.6513623178346623,0.7336371946997098,0.7904115156237703,0.020997688008029897,0.7497968289503611,0.829780402563753,0.8334518106504042,0.020966569174639144,0.7899079592608751,0.8711148601787245,0.042337954437834315,0.006248942628785365,0.031293089723916166,0.0552238805970149,0.0,0.0,0.0,0.0,0.5155332022660825,0.006513086053264153,0.5031074130995915,0.5285166630438372,0.49990506065479273,0.008382478643073359,0.48424596005510284,0.516682190690603,0.8500810933882672,0.00745955909558456,0.8367665089255625,0.8648627207866765,0.5007439956796337,0.006221838805681486,0.4888845648980457,0.5131913991336235,0.8932790611475583,0.010157096033997193,0.8728082146541877,0.91244254057682,0.48251663908835585,0.008138375884973436,0.4673670733053767,0.49848289402585205,28.581,4.267980160995908,21.0,37.0,0.38331126457485787,0.009319629609780139,0.365281037064662,0.402760764883047,0.5151494968921108,0.009902880130240026,0.49551717742361634,0.5346626728926878,0.6477020515603882,0.009365832681514287,0.6289783507593987,0.6658493450112464,0.7486505288668932,0.009217332069875154,0.7311307170973469,0.7661071468621597,0.7973442327317715,0.009963977641619192,0.7780968888807457,0.8174690272197918,0.17907015830665032,0.026805460515452257,0.12866538461538454,0.23256095242584207,0.6833314521548702,0.07458555092988184,0.536050684538449,0.8211611927712905,25006.4,2085.662731370782,21000.0,29004.999999999996,1467.632,408.03995292027366,678.0,2310.5249999999996
0.25,unclipped,0.25,0.71154,0.04205231024327673,0.63,0.79,0.11893000000000001,0.03240687126683638,0.06,0.19,0.83047,0.036502212419407,0.76,0.89,0.8569635763834311,0.03798397018799752,0.7762899172087522,0.925,71.154,4.205231024327673,63.0,79.0,11.893,3.2406871266836377,6.0,19.0,16.953,3.6502212419407014,11.0,24.0,0.8351761409520363,0.005563014970801026,0.8241373570749699,0.8457224495691372,0.9103014350518156,0.0055001942028615695,0.8995616640925844,0.9208502741736398,0.83047,0.036502212419407,0.76,0.89,0.6525086649240202,0.03891960333715207,0.5760776247867191,0.7232010262248958,0.10373328007563169,0.02839937741343595,0.05182319030203035,0.16561890565521037,0.15405949005216354,0.03305572403838568,0.09779354935595241,0.22016090617201767,0.35577,0.021026155121638364,0.315,0.395,0.701455,0.03360263549354591,0.63,0.765,0.7878608019231512,0.006511676576726281,0.7742935415060016,0.7999468905885975,0.8004810692308684,0.008682235435635042,0.782391388674669,0.8165958541181298,0.8752683253558283,0.00431659438896358,0.8666260990546357,0.8834136576406066,0.7395918464818944,0.007823779240263133,0.7246341513163724,0.754664155188214,0.9170244338077711,0.005755459185284774,0.9055014654061811,0.9278848768541422,0.7361224619758591,0.010431705653684174,0.7161788684218299,0.7562188735842853,71.154,4.205231024327673,63.0,79.0,0.7342742359380536,0.011046869151447493,0.712738388418376,0.7547460943747252,0.8031681892603328,0.008166159917058692,0.7854499976200019,0.8180464291030745,0.8570061979452919,0.006657538568721967,0.8434706899993236,0.8699334539533107,0.8912533727988332,0.005753519418783038,0.8789533139984933,0.9013339571819866,0.9055156310045268,0.0055133741566151286,0.8939811196935517,0.9155374275456436,0.09519078958105877,0.025026954396561104,0.048,0.1472868217054263,0.15624568360259858,0.03290616975676343,0.096,0.22309701492537312,0.602774920484276,0.015090458665306403,0.5740844906973767,0.6331190518741168,0.49954154535866846,0.020008528184531686,0.4608828918187113,0.5399508951744331,0.8848689683010637,0.011312955364074836,0.8626198006465328,0.9068655910681339,0.5731007931537909,0.013598446917649602,0.5459144259731316,0.6006518545315822,0.8719644992449755,0.01521019937821341,0.8403736022032006,0.9023846522832999,0.460366371465515,0.018088448347523645,0.42483622408755606,0.4971667401724752,11.893,3.2406871266836377,6.0,19.0,0.4739162766235671,0.02194097853000461,0.4341774377773358,0.518420936464074,0.6024389034069662,0.02203412105664192,0.5607126765595624,0.6465108098175524,0.7316862099735651,0.02129156625379352,0.6888623178346621,0.7711371946997099,0.8279115156237704,0.020997688008029897,0.7872968289503611,0.8672804025637529,0.8709518106504043,0.02096656917463914,0.8274079592608751,0.9086148601787247,0.025110869592261588,0.005368135661012937,0.016127853235238614,0.0360911491155634,0.0,0.0,0.0,0.0,0.5155332022660825,0.006513086053264153,0.5031074130995915,0.5285166630438372,0.49990506065479273,0.008382478643073359,0.48424596005510284,0.516682190690603,0.8703331269226087,0.008378553421572461,0.8545204472215615,0.8873043891156285,0.5063986062968272,0.0062664195355858175,0.4944619649281305,0.5188998783778201,0.9089278656518249,0.011353023402622816,0.8869893994741597,0.929622064657638,0.489376145091229,0.008173870294095041,0.47430588653943145,0.5055420496122884,16.953,3.6502212419407014,11.0,24.0,0.38331126457485787,0.009319629609780139,0.365281037064662,0.402760764883047,0.5151494968921108,0.009902880130240026,0.49551717742361634,0.5346626728926878,0.6477020515603882,0.009365832681514287,0.6289783507593987,0.6658493450112464,0.7486505288668932,0.009217332069875154,0.7311307170973469,0.7661071468621597,0.7973442327317715,0.009963977641619192,0.7780968888807457,0.8174690272197918,0.17907015830665032,0.026805460515452257,0.12866538461538454,0.23256095242584207,0.6037123105099961,0.06699465769739556,0.46596052631578944,0.7300480769230769,25006.4,2085.662731370782,21000.0,29004.999999999996,2736.244,612.9118120523974,1668.0,3969.1749999999997
0.25,unclipped,0.3,0.78412,0.037210350847717226,0.71,0.86,0.13188000000000002,0.03305083899022773,0.07,0.2,0.916,0.027120758387912662,0.86,0.9602499999999997,0.856164388334259,0.035262945716705824,0.784924853372434,0.9213483146067416,78.412,3.721035084771723,71.0,86.0,13.188,3.3050838990227733,7.0,20.0,8.4,2.712075838791267,3.9750000000000014,14.0,0.864873844682559,0.0061878503462430125,0.8523014092955677,0.8762432427513294,0.906620095237343,0.005848263824948884,0.894859976426645,0.9185207088763516,0.916,0.027120758387912662,0.86,0.9602499999999997,0.7147467034044159,0.034395207804545,0.6447664790484332,0.7825883413539709,0.11412008199035009,0.028799375896883618,0.06122764205482153,0.1745184870881161,0.07775330984257693,0.02508832549140303,0.03575012122534756,0.12916905025450776,0.39206,0.018605175423858613,0.355,0.43,0.8046850000000001,0.028008217280563116,0.75,0.855,0.8253608019231513,0.006511676576726281,0.8117935415060016,0.8374468905885972,0.8004810692308684,0.008682235435635042,0.782391388674669,0.8165958541181298,0.908638410669748,0.004552764216766313,0.8993086471069813,0.9173154725570069,0.7716614900215111,0.008128031628695102,0.7561026003226069,0.78704583190514,0.9115178808929975,0.0060703522890217495,0.8990781961426417,0.9230872967426759,0.7288819866953481,0.010837375504926803,0.7081368004301426,0.7493944425401865,78.412,3.721035084771723,71.0,86.0,0.7717742359380537,0.011046869151447489,0.7502383884183759,0.7922460943747253,0.8406681892603328,0.008166159917058685,0.8229499976200018,0.8555464291030745,0.8945061979452917,0.0066575385687219725,0.8809706899993235,0.9074334539533108,0.9287533727988332,0.005753519418783041,0.9164533139984933,0.9388339571819866,0.9430156310045268,0.005513374156615134,0.9314811196935517,0.9530374275456436,0.10558275553382873,0.025451197716135257,0.05838058756107859,0.15873386737872716,0.21523884407792268,0.03691896997559772,0.144,0.2868232939382387,0.640274920484276,0.0150904586653064,0.6115844906973767,0.6706190518741169,0.49954154535866846,0.020008528184531686,0.4608828918187113,0.5399508951744331,0.9169681533909837,0.011528472652406545,0.8938455323910757,0.939950413860299,0.6076150779537502,0.01350297169975351,0.5812215421979043,0.6347518500594539,0.8650323284727612,0.015356971931241591,0.835005844848985,0.8934376132345832,0.4564044998564393,0.01795166925888707,0.42119124906839095,0.4928025230540327,13.188,3.3050838990227733,7.0,20.0,0.511416276623567,0.021940978530004616,0.47167743777733573,0.555920936464074,0.639938903406966,0.02203412105664192,0.5982126765595625,0.6840108098175524,0.7691862099735651,0.021291566253793522,0.7263623178346621,0.80863719469971,0.8654115156237704,0.020997688008029897,0.8247968289503612,0.9047804025637529,0.9084518106504043,0.020966569174639144,0.8649079592608752,0.9461148601787246,0.012439101466633955,0.003998774030118044,0.005734100358580622,0.02064973006888797,0.0,0.0,0.0,0.0,0.5155332022660825,0.006513086053264153,0.5031074130995915,0.5285166630438372,0.49990506065479273,0.008382478643073359,0.48424596005510284,0.516682190690603,0.8928093263175062,0.00969084538842428,0.8746080827333091,0.9117406591409277,0.5107845365481701,0.006317882032350608,0.4988578529733406,0.5237284828014444,0.925813430350757,0.013465933487154629,0.8980952827039745,0.9521733215332904,0.4945447063544027,0.008196047876268344,0.4788956418611862,0.5112816938229422,8.4,2.712075838791267,3.9750000000000014,14.0,0.38331126457485787,0.009319629609780139,0.365281037064662,0.402760764883047,0.5151494968921108,0.009902880130240026,0.49551717742361634,0.5346626728926878,0.6477020515603882,0.009365832681514287,0.6289783507593987,0.6658493450112464,0.7486505288668932,0.009217332069875154,0.7311307170973469,0.7661071468621597,0.7973442327317715,0.009963977641619192,0.7780968888807457,0.8174690272197918,0.17907015830665032,0.026805460515452257,0.12866538461538454,0.23256095242584207,0.5368766219616016,0.06023310776645203,0.42191223613379303,0.6575971759649549,25006.4,2085.662731370782,21000.0,29004.999999999996,4325.754,807.7335891462203,2821.65,5920.2
0.4,clipped,0.0,0.07748000000000002,0.03595194211919771,0.02,0.15,0.11808000000000002,0.03303944922672297,0.06,0.19,0.19556,0.04722198975388813,0.11,0.29,0.38651700096161845,0.13715088381446483,0.1111111111111111,0.6522157190635451,7.748,3.5951942119197704,2.0,15.0,11.808,3.303944922672297,6.0,19.0,80.444,4.722198975388814,71.0,89.0,0.7239368757481967,0.005924010147132053,0.7122908609888099,0.7358245535207217,0.8502395437426117,0.007968103239384421,0.8353422132994193,0.866130931328862,0.0,0.0,0.0,0.0,0.07556063242550073,0.03483344495041059,0.019452944079407175,0.14626084860640529,0.10758897531734982,0.030096761087508514,0.05381011546090282,0.17190036825932842,0.6670899359997611,0.041686260753711575,0.5858061841743861,0.7455543455140671,0.03874000000000001,0.017975971059598854,0.01,0.075,0.0,0.0,0.0,0.0,0.6003608019231512,0.006511676576726282,0.5867935415060017,0.6124468905885974,0.8004810692308684,0.008682235435635042,0.782391388674669,0.8165958541181298,0.732560977937005,0.004567991917434263,0.7238728238189772,0.7416003175870464,0.5950549055355043,0.0067632052749303185,0.5811293150074238,0.6076063554514263,0.9767479705826735,0.006090655889912344,0.9651637650919698,0.9888004234493953,0.7934065407140057,0.009017607033240425,0.7748390866765651,0.8101418072685687,7.748,3.5951942119197704,2.0,15.0,0.5467742359380537,0.011046869151447493,0.525238388418376,0.5672460943747252,0.6156681892603328,0.008166159917058692,0.5979499976200019,0.6305464291030745,0.6695061979452919,0.0066575385687219725,0.6559706899993235,0.6824334539533107,0.7037533727988332,0.005753519418783043,0.6914533139984932,0.7138339571819866,0.7180156310045268,0.0055133741566151355,0.7064811196935517,0.7280374275456437,0.04195272515748802,0.011393077330084309,0.021272849865148283,0.06514211076280038,0.0,0.0,0.0,0.0,0.4386196350567858,0.009942088600299428,0.41859042673411556,0.45739675393484164,0.5000505749536528,0.013024493984500158,0.47444606751188956,0.525226080572202,0.7584313896243964,0.008743681645627296,0.7421838590397822,0.7763012858408199,0.424612961056431,0.00973734957338324,0.4054075550229153,0.4434578737724801,0.9112145268072465,0.01208316673247136,0.8886944132286745,0.9336054240453251,0.4820425891404117,0.012762608293979035,0.45731006284712133,0.5060546808097321,11.808,3.303944922672297,6.0,19.0,0.3087256240740943,0.014250263431078785,0.28079118173748985,0.336282234743614,0.4380705131617245,0.014889312550424685,0.4108719291846739,0.4689503847139003,0.5687086573611269,0.014625361515538825,0.5402593392758342,0.5966630957303463,0.6667914538572831,0.014189435262766247,0.6384794716133698,0.6929212398982121,0.7119323675214824,0.014353076427092016,0.6846928319950482,0.7408396414553412,0.15507671472802115,0.008900542436990974,0.1379294497971602,0.17269754964190753,0.0,0.0,0.0,0.0,0.5330250473920873,0.007377352890309903,0.5190918721083392,0.548107283024333,0.4997113843154646,0.00959429880952483,0.4814505452443379,0.5198189328147929,0.7931498621283404,0.006768397501371745,0.7808601770685741,0.8062561571026697,0.48527762623202425,0.006989112512573419,0.47216508607962726,0.49967132337694264,0.8291202240029452,0.009164842844231637,0.8114308535334627,0.8467448073191527,0.43924872973157836,0.009274414915905459,0.4214422782630187,0.4578898267502818,80.444,4.722198975388814,71.0,89.0,0.40150842095181677,0.010661434896323745,0.38090023646990123,0.4236839629132622,0.5327539292623662,0.011087358969800344,0.5109650641708867,0.5537295390426014,0.6642871592103762,0.01062422135065926,0.6427764004781531,0.6848973795510952,0.7640155870965589,0.010571830018953994,0.7441050170150411,0.7847577380556297,0.8112674508366204,0.010564975274079754,0.7914900824214159,0.8316106085092664,0.21385101407231877,0.021054430423858773,0.17261411952554745,0.2567000724637681,,,,,56225.2,2760.265209001487,50995.0,61600.0,0.0,0.0,0.0,0.0
0.4,clipped,0.05,0.18016,0.04869852098314636,0.08,0.27,0.16268000000000002,0.037550334587425814,0.09975000000000002,0.24,0.34284000000000003,0.05336461545052285,0.24,0.45,0.5210071725980504,0.1072917181161202,0.2962418300653595,0.7058823529411765,18.016,4.869852098314635,8.0,27.0,16.268,3.7550334587425813,9.975000000000001,24.0,65.716,5.336461545052285,55.0,76.0,0.7440605711064866,0.004605622248653322,0.7337757689800295,0.75,0.8745778584785697,0.007358987491460832,0.8605809211250169,0.8881647091225264,0.15752,0.04017790268124836,0.08,0.2302499999999998,0.17328746293706218,0.04658260340820431,0.07709110953844717,0.2576606236496807,0.14600643250368806,0.033769648007064314,0.08763013970205659,0.21536200451018653,0.5552839630378195,0.046546331304742034,0.4676046274560047,0.6445368619542128,0.09008,0.02434926049157318,0.04,0.135,0.07194999999999999,0.018784311282300195,0.03987500000000001,0.11,0.6369094963246869,0.006422041965229535,0.6235237694287682,0.6487576965817601,0.8004810692308684,0.008682235435635042,0.782391388674669,0.8165958541181298,0.7489442817789892,0.0012345297137283122,0.7454639643468828,0.75,0.6257838830585449,0.0070916960477249835,0.6117501655735363,0.638638898083212,0.962318315671487,0.005127801430393292,0.9520130683944734,0.9719915698734001,0.784439816024146,0.00952077930804426,0.7656668874313817,0.8019695525174048,18.016,4.869852098314635,8.0,27.0,0.5842742359380537,0.011046869151447489,0.5627383884183761,0.6047460943747253,0.6531681892603328,0.008166159917058689,0.635449997620002,0.6680464291030745,0.7070061979452918,0.00665753856872197,0.6934706899993236,0.7199334539533108,0.741147702853873,0.005556595315627794,0.7289533139984933,0.75,0.749469539504646,0.0016681998713719357,0.7439726978613568,0.75,0.05784474818375999,0.012948346365981855,0.03446655431682649,0.08395149942837035,0.007253568077758544,0.005152285963182625,0.0,0.01865846330147013,0.4760288171525783,0.009930856838356766,0.45603227012130904,0.4947875124561715,0.5000505749536528,0.013024493984500158,0.47444606751188956,0.525226080572202,0.7823500250981149,0.007576830466022202,0.7673836400788662,0.7972352112764283,0.45721622164447745,0.009578624140280994,0.4385666355269861,0.4760369165303012,0.8974662238287131,0.011312250894925708,0.875183180073764,0.9194620699937374,0.47564800499723825,0.012562778212723969,0.45078581777165705,0.5009342215996622,16.268,3.7550334587425813,9.975000000000001,24.0,0.3462256240740943,0.014250263431078783,0.3182911817374898,0.373782234743614,0.47557051316172455,0.014889312550424692,0.4483719291846739,0.5064503847139002,0.6062086573611268,0.014625361515538827,0.5777593392758341,0.6341630957303462,0.7042914538572834,0.014189435262766245,0.6759794716133698,0.7304212398982122,0.7493239877464887,0.014180425109031768,0.722192831995048,0.7771831582669522,0.12667152919451932,0.009994650802788036,0.10836382390362646,0.1471136865955107,0.0,0.0,0.0,0.0,0.5330250473920873,0.007377352890309903,0.5190918721083392,0.548107283024333,0.4997113843154646,0.00959429880952483,0.4814505452443379,0.5198189328147929,0.8065974600803848,0.006451653548390249,0.7940484098603316,0.8188133002525724,0.49333934454576134,0.0068913653780675295,0.48000296016790456,0.5068773187825639,0.8448430918922382,0.008809483482622471,0.8267651379944775,0.8615581696926119,0.4496472336402934,0.009160087021578524,0.4319317696350162,0.46794744082328243,65.716,5.336461545052285,55.0,76.0,0.40150842095181677,0.010661434896323745,0.38090023646990123,0.4236839629132622,0.5327539292623662,0.011087358969800344,0.5109650641708867,0.5537295390426014,0.6642871592103762,0.01062422135065926,0.6427764004781531,0.6848973795510952,0.7640155870965589,0.010571830018953994,0.7441050170150411,0.7847577380556297,0.8112674508366204,0.010564975274079754,0.7914900824214159,0.8316106085092664,0.21465266313043208,0.021128875612646782,0.17312221880131357,0.2574010902255639,1.0,0.0,1.0,1.0,56225.2,2760.265209001487,50995.0,61600.0,29.27,23.431050213639896,0.0,90.0
0.4,clipped,0.1,0.12865000000000001,0.07854837584156242,0.0,0.28,0.258,0.049882745396462376,0.17,0.36,0.38665,0.06797129980806309,0.26,0.51,0.3140074912602977,0.1680372476418886,0.0,0.5957446808510638,12.865,7.854837584156242,0.0,28.0,25.8,4.988274539646238,17.0,36.0,61.335,6.797129980806309,49.0,74.0,0.750334340063097,0.0013802556760023604,0.75,0.755095062453117,0.867145227625492,0.008446972372905117,0.8508620365850764,0.8827467998986684,0.20765,0.07618780796218041,0.07,0.35,0.12062219740296513,0.07365943651618448,0.0,0.2622883579179315,0.22517864257625042,0.04358135464035099,0.14700882285203437,0.3144641088583953,0.5213443876462766,0.058238714426894614,0.4162251069981455,0.634199625183512,0.06432500000000001,0.03927418792078121,0.0,0.14,0.22657999999999998,0.030398645984281564,0.17,0.28512499999999985,0.6689549068029942,0.005980774357519386,0.6567229058652317,0.6800694786316394,0.8004810692308684,0.008682235435635042,0.782391388674669,0.8165958541181298,0.75,0.0,0.75,0.75,0.6632407858101437,0.007240047321295119,0.6484424299321147,0.6766253763408717,0.9377934567493986,0.008672476450658065,0.9222282048536709,0.9545776043943749,0.7908121103675598,0.010926604819936028,0.768203665750868,0.8106550549420474,12.865,7.854837584156242,0.0,28.0,0.6217742359380537,0.01104686915144749,0.600238388418376,0.6422460943747252,0.6906681892603328,0.00816615991705869,0.6729499976200018,0.7055464291030744,0.7437482658233739,0.005545078886468392,0.7309706899993236,0.75,0.75,0.0,0.75,0.75,0.75,0.0,0.75,0.75,0.09175924144553263,0.017067226293440117,0.060186880244088414,0.1254612546125461,0.02809700612868761,0.00992119803805907,0.010908102766798409,0.0490566037735849,0.5129102958328383,0.009865221463587,0.49299610660311144,0.531409851538237,0.5000505749536528,0.013024493984500158,0.47444606751188956,0.525226080572202,0.7930907469041217,0.0055675088740231755,0.781482778066536,0.8036924925957807,0.4846077867169392,0.009066173472050649,0.46771685143403036,0.5028354191102167,0.8728061451915814,0.010074975261545438,0.8526413722393791,0.8930902014475521,0.4623987190655088,0.011977893843891316,0.4400427930736613,0.48566504090877105,25.8,4.988274539646238,17.0,36.0,0.3837256240740943,0.014250263431078785,0.3557911817374898,0.41128223474361414,0.5130705131617246,0.014889312550424688,0.4858719291846738,0.5439503847139003,0.6437086573611267,0.014625361515538822,0.6152593392758342,0.6716630957303462,0.7417152286935713,0.01404856169945259,0.7134794716133698,0.7676118668351309,0.7836529805488462,0.012171550924679678,0.7592836813411528,0.8055860907091249,0.1182131802304667,0.012785469831459074,0.0950570342205323,0.142578125,0.0,0.0,0.0,0.0,0.5330250473920873,0.007377352890309903,0.5190918721083392,0.548107283024333,0.4997113843154646,0.00959429880952483,0.4814505452443379,0.5198189328147929,0.81105169197593,0.005781938718758519,0.7998832808115165,0.8227044527727183,0.4957491532458411,0.006820598642061446,0.482470434798642,0.5094930586978738,0.849956271322155,0.008174007062832245,0.8347997927183236,0.8654526025287911,0.452753730429032,0.00903166862735914,0.43526419820310147,0.4704505879342252,61.335,6.797129980806309,49.0,74.0,0.40150842095181677,0.010661434896323745,0.38090023646990123,0.4236839629132622,0.5327539292623662,0.011087358969800344,0.5109650641708867,0.5537295390426014,0.6642871592103762,0.01062422135065926,0.6427764004781531,0.6848973795510952,0.7640155870965589,0.010571830018953994,0.7441050170150411,0.7847577380556297,0.8112674508366204,0.010564975274079754,0.7914900824214159,0.8316106085092664,0.2206258689543041,0.021668218658004355,0.17815109298029558,0.2658804562971896,1.0,0.0,1.0,1.0,56225.2,2760.265209001487,50995.0,61600.0,358.05,137.62915855764462,138.0,663.2249999999998
0.4,clipped,0.15,0.02984,0.04615522402399001,0.0,0.1402499999999998,0.38036000000000003,0.05206900787975109,0.28,0.49,0.4102,0.05469873812028895,0.31,0.5102499999999998,0.06718967042597185,0.10003580766881141,0.0,0.3148712737127371,2.984,4.615522402399001,0.0,14.024999999999977,38.036,5.20690078797511,28.0,49.0,58.98,5.469873812028895,48.975,69.0,0.7540044550310735,0.005283732831773024,0.75,0.7678146440914277,0.8514744152789566,0.007202375025650818,0.8374999540555369,0.8655763375970775,0.20016,0.051003683943179785,0.11,0.31,0.027156776049423705,0.04199397704617414,0.0,0.1295918428234521,0.32152639418409534,0.04448400855881598,0.23673750132606272,0.4097622369932357,0.5027912450454375,0.04744561546691997,0.4100481466934689,0.5934702075803021,0.01492,0.023077612011995007,0.0,0.0701249999999999,0.40195,0.03381776369219498,0.335,0.47,0.6946718773610725,0.005270183455319413,0.6837988500430451,0.7045481277642253,0.8004810692308684,0.008682235435635042,0.782391388674669,0.8165958541181298,0.75,0.0,0.75,0.75,0.6938081728806053,0.005458555043359379,0.6825906292275025,0.7039532750282037,0.9095959870989602,0.0191454332818,0.8687310091488962,0.9479245606931223,0.7987672145440151,0.009103701624346424,0.7803083293480048,0.8150618059774548,2.984,4.615522402399001,0.0,14.024999999999977,0.6592742359380537,0.011046869151447493,0.637738388418376,0.6797460943747252,0.7281669435443703,0.008162777669566966,0.7104499976200019,0.7430464291030745,0.75,0.0,0.75,0.75,0.75,0.0,0.75,0.75,0.75,0.0,0.75,0.75,0.135300906322654,0.017316870950284387,0.10283006001091105,0.17029186795491136,0.06094947487187706,0.014107715905157464,0.035424437076944294,0.08904555176452608,0.5487763102767163,0.009694955577418144,0.5288729017485727,0.5673661738595358,0.5000505749536528,0.013024493984500158,0.47444606751188956,0.525226080572202,0.7989494490542267,0.0051584422365756255,0.7885560313558396,0.8089056651213614,0.509634867211039,0.009015924619936628,0.49246701769267365,0.5276737884968644,0.8452053413636782,0.010453806279701688,0.8243390442336189,0.8660241904118965,0.44604565791541495,0.011935757326235929,0.42329640372855193,0.46926026090077577,38.036,5.20690078797511,28.0,49.0,0.4212256240740943,0.014250263431078786,0.39329118173748984,0.448782234743614,0.5505705131617247,0.014889312550424688,0.5233719291846739,0.5814503847139002,0.6812086573611268,0.014625361515538827,0.6527593392758342,0.7091630957303463,0.7753673132453669,0.011611096833768235,0.7509794716133699,0.7954359331466409,0.8079332820529318,0.009278999266978366,0.7888301411084856,0.8244307071481962,0.11366106074569016,0.010019959689080914,0.09436481558417574,0.13297198064705104,0.0,0.0,0.0,0.0,0.5330250473920873,0.007377352890309903,0.5190918721083392,0.548107283024333,0.4997113843154646,0.00959429880952483,0.4814505452443379,0.5198189328147929,0.8132279829139278,0.006539607935176274,0.8006120281725624,0.8258742959299067,0.4970874048706365,0.007029678588433591,0.4842911632948799,0.5113570626106991,0.8523934707626623,0.008883777471810038,0.8351997562461023,0.8704131773246194,0.4544797929941509,0.00930380608925545,0.4369757043614131,0.4739685754515854,58.98,5.469873812028895,48.975,69.0,0.40150842095181677,0.010661434896323745,0.38090023646990123,0.4236839629132622,0.5327539292623662,0.011087358969800344,0.5109650641708867,0.5537295390426014,0.6642871592103762,0.01062422135065926,0.6427764004781531,0.6848973795510952,0.7640155870965589,0.010571830018953994,0.7441050170150411,0.7847577380556297,0.8112674508366204,0.010564975274079754,0.7914900824214159,0.8316106085092664,0.23619161169346492,0.022682668798032785,0.192367464539007,0.2843348785690843,1.0,0.0,1.0,1.0,56225.2,2760.265209001487,50995.0,61600.0,1376.091,339.6253466617224,758.925,2079.5249999999996
0.4,clipped,0.2,0.0009400000000000001,0.006838359683664144,0.0,0.01,0.48120000000000007,0.051156397224364596,0.38,0.59,0.48214,0.05093343317129344,0.38,0.59,0.001918809632069797,0.01367878169869143,0.0,0.0204081632653061,0.094,0.6838359683664145,0.0,1.0,48.12,5.115639722436459,38.0,59.0,51.786,5.093343317129343,41.0,62.0,0.765216429914952,0.007610227804034089,0.75,0.7798001522325609,0.842474850781319,0.008490925655877736,0.8257353640231324,0.8583382007951528,0.28363,0.048031553484455716,0.19,0.38,0.0008323490953454585,0.006036440584172144,0.0,0.00874739148336198,0.395978868897049,0.04277568693981445,0.31440372632170654,0.48584761303139934,0.4456636327889244,0.043921380612796136,0.3533894767379892,0.5290996972951278,0.00047000000000000004,0.003419179841832072,0.0,0.005,0.566215,0.03545639478191388,0.49,0.63,0.713931809725269,0.004382396935899232,0.7049826933247149,0.7219651054626149,0.8004810692308684,0.008682235435635042,0.782391388674669,0.8165958541181298,0.75,0.0,0.75,0.75,0.713914895393919,0.0043818519738280945,0.7048777709379863,0.7219651054626149,0.8868371258671423,0.03064634043584862,0.8304380014299751,0.9490225307538389,0.8004407638569401,0.008686313560465207,0.782391388674669,0.8165958541181298,0.094,0.6838359683664145,0.0,1.0,0.6967742359380539,0.011046869151447493,0.675238388418376,0.7172460943747252,0.7498236876021859,0.0011871386775946277,0.7479427207958947,0.75,0.75,0.0,0.75,0.75,0.75,0.0,0.75,0.75,0.75,0.0,0.75,0.75,0.1712321767251061,0.01684160473696377,0.13779533014619272,0.2059925093632958,0.10444792421273776,0.01795993009136771,0.07114063857819636,0.13993344709897604,0.5832072933762317,0.009418357425062177,0.5637705864098669,0.6013446784287939,0.5000505749536528,0.013024493984500158,0.47444606751188956,0.525226080572202,0.8064802814171756,0.005034892739638722,0.7966673114673434,0.8159479515566038,0.537080109357617,0.009435145307821339,0.5189817103400177,0.5551912923308507,0.8228209890678974,0.011103397589908337,0.8003921936626595,0.8437104622723286,0.4333595504330713,0.012714967531366974,0.40986516056669303,0.45823371218101033,48.12,5.115639722436459,38.0,59.0,0.4587256240740943,0.014250263431078785,0.4307911817374898,0.4862822347436141,0.5880705131617247,0.014889312550424687,0.560871929184674,0.6189503847139003,0.718703576799477,0.014609015342267127,0.6902593392758342,0.7466630957303463,0.7982672968035488,0.008514394699091953,0.7802669162763862,0.8139096055898232,0.8220868245234001,0.006734532841051678,0.8082385308741857,0.833858459380143,0.0997717410393651,0.009113311465412388,0.08045209265596207,0.11776279397675292,0.0,0.0,0.0,0.0,0.5330250473920873,0.007377352890309903,0.5190918721083392,0.548107283024333,0.4997113843154646,0.00959429880952483,0.4814505452443379,0.5198189328147929,0.8206473856239342,0.00765738562866653,0.8055248038821609,0.8353977939401039,0.5011506537902493,0.007204229107245011,0.48769355432161987,0.5159604574906886,0.8606329680506319,0.010037743958334863,0.8406726464838477,0.8800424277669926,0.4597149014212186,0.009508791566781723,0.4424729550397993,0.47945822094386836,51.786,5.093343317129343,41.0,62.0,0.40150842095181677,0.010661434896323745,0.38090023646990123,0.4236839629132622,0.5327539292623662,0.011087358969800344,0.5109650641708867,0.5537295390426014,0.6642871592103762,0.01062422135065926,0.6427764004781531,0.6848973795510952,0.7640155870965589,0.010571830018953994,0.7441050170150411,0.7847577380556297,0.8112674508366204,0.010564975274079754,0.7914900824214159,0.8316106085092664,0.2644106262400355,0.02413603080912213,0.21925085616438347,0.31317029449423806,1.0,0.0,1.0,1.0,56225.2,2760.265209001487,50995.0,61600.0,3325.936,634.7197894465834,2184.45,4636.125
0.4,clipped,0.25,0.0,0.0,0.0,0.0,0.56069,0.04992911792548329,0.46,0.66,0.56069,0.04992911792548329,0.46,0.66,0.0,0.0,0.0,0.0,0.0,0.0,0.0,0.0,56.069,4.992911792548329,46.0,66.0,43.931,4.992911792548329,34.0,54.0,0.7782720736378207,0.006896238185905956,0.7638911446301931,0.7915414401510134,0.8313779714488644,0.008851438405593022,0.8134395173039244,0.8485919232282215,0.39321000000000006,0.052533376587229334,0.29,0.5,0.0,0.0,0.0,0.0,0.44909034410512766,0.0408576335841403,0.3717627831446359,0.531699106653348,0.38228762734373667,0.043537748297778185,0.2966510016306118,0.46631901639343354,0.0,0.0,0.0,0.0,0.701455,0.03360263549354591,0.63,0.765,0.7275478567075784,0.0034673434451240053,0.7205078896119488,0.734163295049235,0.8004810692308684,0.008682235435635042,0.782391388674669,0.8165958541181298,,,,,0.7275478567075784,0.0034673434451240053,0.7205078896119488,0.734163295049235,,,,,0.8004810692308684,0.008682235435635042,0.782391388674669,0.8165958541181298,0.0,0.0,0.0,0.0,0.733966453810225,0.010477731930976807,0.712738388418376,0.75,0.75,0.0,0.75,0.75,0.75,0.0,0.75,0.75,0.75,0.0,0.75,0.75,0.75,0.0,0.75,0.75,0.1995962354116337,0.016780662732395733,0.1671994535519125,0.2322163025001036,0.15644899063817722,0.021689608427576914,0.11406370512699071,0.2,0.615842575052342,0.008999577922711496,0.5972715381897319,0.6335554403316201,0.5000505749536528,0.013024493984500158,0.47444606751188956,0.525226080572202,0.8136976250403058,0.0042734104539355455,0.804887308455739,0.821617024705347,0.5665030885278791,0.00972676209539309,0.5469229371859579,0.5857220433599171,0.800892583660453,0.011031607469083058,0.7780937708462924,0.8213057429311625,0.4250184150455421,0.013705175684281624,0.3989095687245979,0.4526074709913145,56.069,4.992911792548329,46.0,66.0,0.4962256240740943,0.014250263431078795,0.46829118173748985,0.5237822347436141,0.6255705131617246,0.01488931255042468,0.598371929184674,0.6564503847139003,0.7547621225290716,0.012831306022654365,0.7277593392758342,0.7774848813329749,0.8128927927941905,0.006192438855600869,0.7992776180465582,0.8244426703522906,0.8302709978892707,0.004677494726978592,0.8205225771017878,0.8384574601199651,0.08462812069453346,0.00902210217098102,0.06732625666412793,0.10188769956458636,0.0,0.0,0.0,0.0,0.5330250473920873,0.007377352890309903,0.5190918721083392,0.548107283024333,0.4997113843154646,0.00959429880952483,0.4814505452443379,0.5198189328147929,0.8295447480900068,0.007463961597828041,0.814857850049475,0.8437791877448165,0.5056119172976297,0.007144661107244547,0.4927726890459337,0.5199269686958026,0.87023947841015,0.010152956015846145,0.8493807382410017,0.8899239380639409,0.4654578215473679,0.009435978951913405,0.4483881288587451,0.4842908763339867,43.931,4.992911792548329,34.0,54.0,0.40150842095181677,0.010661434896323745,0.38090023646990123,0.4236839629132622,0.5327539292623662,0.011087358969800344,0.5109650641708867,0.5537295390426014,0.6642871592103762,0.01062422135065926,0.6427764004781531,0.6848973795510952,0.7640155870965589,0.010571830018953994,0.7441050170150411,0.7847577380556297,0.8112674508366204,0.010564975274079754,0.7914900824214159,0.8316106085092664,0.3050054722646863,0.026098886403434652,0.2542539410376436,0.35638216663959715,1.0,0.0,1.0,1.0,56225.2,2760.265209001487,50995.0,61600.0,6169.28,948.693493676933,4350.0,8151.224999999999
0.4,clipped,0.3,0.0,0.0,0.0,0.0,0.624,0.04894686706823835,0.53,0.72,0.624,0.04894686706823835,0.53,0.72,0.0,0.0,0.0,0.0,0.0,0.0,0.0,0.0,62.4,4.894686706823835,53.0,72.0,37.6,4.894686706823835,28.0,47.0,0.78949950648754,0.00603256135643607,0.7774055852792627,0.8007318021651592,0.8153528165786649,0.009573362499193706,0.7963063616923317,0.8334184047342968,0.48973,0.05322461798791947,0.38,0.6,0.0,0.0,0.0,0.0,0.48508042507874394,0.03908136337244029,0.4109045721983848,0.5596137297429674,0.3302723914999208,0.043071351243938946,0.24911461162172302,0.41380514033828986,0.0,0.0,0.0,0.0,0.8046850000000001,0.028008217280563116,0.75,0.855,0.7367115086038455,0.002625607515223747,0.7313335628036313,0.7417706639904044,0.8004810692308684,0.008682235435635042,0.782391388674669,0.8165958541181298,,,,,0.7367115086038455,0.002625607515223747,0.7313335628036313,0.7417706639904044,,,,,0.8004810692308684,0.008682235435635042,0.782391388674669,0.8165958541181298,0.0,0.0,0.0,0.0,0.7499081088449907,0.0006954568722696733,0.7495957674385072,0.75,0.75,0.0,0.75,0.75,0.75,0.0,0.75,0.75,0.75,0.0,0.75,0.75,0.75,0.0,0.75,0.75,0.22219212747709846,0.01697601269250982,0.18969998851630676,0.256608912708318,0.21585684334457614,0.024734769764747883,0.16728558388125253,0.26450795156113216,0.6463795769893741,0.008482132831425316,0.6291621766651092,0.6629666989435481,0.5000505749536528,0.013024493984500158,0.47444606751188956,0.525226080572202,0.8196315731439542,0.003632043380609269,0.8122535475629409,0.82629075886327,0.5968798635165204,0.009778523348541244,0.5767877932240392,0.616187833710585,0.7773229283354317,0.01135662820256654,0.7550155744418307,0.7987364455474529,0.42081822054597423,0.014765169258859985,0.3910369165302831,0.4510998591863536,62.4,4.894686706823835,53.0,72.0,0.5337256240740944,0.014250263431078786,0.5057911817374898,0.561282234743614,0.6630705131617244,0.01488931255042468,0.635871929184674,0.6939503847139002,0.7800819740004278,0.008235901714328715,0.7622609622642915,0.7948652929450003,0.8221449233906428,0.004670924858081244,0.8122075816224922,0.8306505999362706,0.8353252032169791,0.003552952079771558,0.8279832016132473,0.8417217051496221,0.07242435613065186,0.00891785381241003,0.05544260266190549,0.09002398219561791,0.0,0.0,0.0,0.0,0.5330250473920873,0.007377352890309903,0.5190918721083392,0.548107283024333,0.4997113843154646,0.00959429880952483,0.4814505452443379,0.5198189328147929,0.8373641685542532,0.007233784930595816,0.8223934149101211,0.8513763386217073,0.5092627146543236,0.007073224407334616,0.49659768151639966,0.5232926661317097,0.8784186744406943,0.010085304385961856,0.8585881576315417,0.8975343935511625,0.4701451104203275,0.009327849609984614,0.4527925928894709,0.4885620363373865,37.6,4.894686706823835,28.0,47.0,0.40150842095181677,0.010661434896323745,0.38090023646990123,0.4236839629132622,0.5327539292623662,0.011087358969800344,0.5109650641708867,0.5537295390426014,0.6642871592103762,0.01062422135065926,0.6427764004781531,0.6848973795510952,0.7640155870965589,0.010571830018953994,0.7441050170150411,0.7847577380556297,0.8112674508366204,0.010564975274079754,0.7914900824214159,0.8316106085092664,0.3564879540904429,0.02716088661483092,0.30518680610503923,0.4114451872218957,1.0,0.0,1.0,1.0,56225.2,2760.265209001487,50995.0,61600.0,9765.525,1256.120262350898,7405.825,12312.0
0.4,unclipped,0.0,0.07748000000000002,0.03595194211919771,0.02,0.15,0.11808000000000002,0.03303944922672297,0.06,0.19,0.19556,0.04722198975388813,0.11,0.29,0.38651700096161845,0.13715088381446483,0.1111111111111111,0.6522157190635451,7.748,3.5951942119197704,2.0,15.0,11.808,3.303944922672297,6.0,19.0,80.444,4.722198975388814,71.0,89.0,0.7239368757481967,0.005924010147132053,0.7122908609888099,0.7358245535207217,0.8502395437426117,0.007968103239384421,0.8353422132994193,0.866130931328862,0.0,0.0,0.0,0.0,0.07556063242550073,0.03483344495041059,0.019452944079407175,0.14626084860640529,0.10758897531734982,0.030096761087508514,0.05381011546090282,0.17190036825932842,0.6670899359997611,0.041686260753711575,0.5858061841743861,0.7455543455140671,0.03874000000000001,0.017975971059598854,0.01,0.075,0.0,0.0,0.0,0.0,0.6003608019231512,0.006511676576726282,0.5867935415060017,0.6124468905885974,0.8004810692308684,0.008682235435635042,0.782391388674669,0.8165958541181298,0.732560977937005,0.004567991917434263,0.7238728238189772,0.7416003175870464,0.5950549055355043,0.0067632052749303185,0.5811293150074238,0.6076063554514263,0.9767479705826735,0.006090655889912344,0.9651637650919698,0.9888004234493953,0.7934065407140057,0.009017607033240425,0.7748390866765651,0.8101418072685687,7.748,3.5951942119197704,2.0,15.0,0.5467742359380537,0.011046869151447493,0.525238388418376,0.5672460943747252,0.6156681892603328,0.008166159917058692,0.5979499976200019,0.6305464291030745,0.6695061979452919,0.0066575385687219725,0.6559706899993235,0.6824334539533107,0.7037533727988332,0.005753519418783043,0.6914533139984932,0.7138339571819866,0.7180156310045268,0.0055133741566151355,0.7064811196935517,0.7280374275456437,0.04195272515748802,0.011393077330084309,0.021272849865148283,0.06514211076280038,0.0,0.0,0.0,0.0,0.4386196350567858,0.009942088600299428,0.41859042673411556,0.45739675393484164,0.5000505749536528,0.013024493984500158,0.47444606751188956,0.525226080572202,0.7584313896243964,0.008743681645627296,0.7421838590397822,0.7763012858408199,0.424612961056431,0.00973734957338324,0.4054075550229153,0.4434578737724801,0.9112145268072465,0.01208316673247136,0.8886944132286745,0.9336054240453251,0.4820425891404117,0.012762608293979035,0.45731006284712133,0.5060546808097321,11.808,3.303944922672297,6.0,19.0,0.3087256240740943,0.014250263431078785,0.28079118173748985,0.336282234743614,0.4380705131617245,0.014889312550424685,0.4108719291846739,0.4689503847139003,0.5687086573611269,0.014625361515538825,0.5402593392758342,0.5966630957303463,0.6667914538572831,0.014189435262766247,0.6384794716133698,0.6929212398982121,0.7119323675214824,0.014353076427092016,0.6846928319950482,0.7408396414553412,0.15507671472802115,0.008900542436990974,0.1379294497971602,0.17269754964190753,0.0,0.0,0.0,0.0,0.5330250473920873,0.007377352890309903,0.5190918721083392,0.548107283024333,0.4997113843154646,0.00959429880952483,0.4814505452443379,0.5198189328147929,0.7931498621283404,0.006768397501371745,0.7808601770685741,0.8062561571026697,0.48527762623202425,0.006989112512573419,0.47216508607962726,0.49967132337694264,0.8291202240029452,0.009164842844231637,0.8114308535334627,0.8467448073191527,0.43924872973157836,0.009274414915905459,0.4214422782630187,0.4578898267502818,80.444,4.722198975388814,71.0,89.0,0.40150842095181677,0.010661434896323745,0.38090023646990123,0.4236839629132622,0.5327539292623662,0.011087358969800344,0.5109650641708867,0.5537295390426014,0.6642871592103762,0.01062422135065926,0.6427764004781531,0.6848973795510952,0.7640155870965589,0.010571830018953994,0.7441050170150411,0.7847577380556297,0.8112674508366204,0.010564975274079754,0.7914900824214159,0.8316106085092664,0.21385101407231877,0.021054430423858773,0.17261411952554745,0.2567000724637681,,,,,56225.2,2760.265209001487,50995.0,61600.0,0.0,0.0,0.0,0.0
0.4,unclipped,0.05,0.18380000000000002,0.04306988524497151,0.1,0.27,0.16157,0.03721047862793113,0.09,0.24,0.34537,0.05045600964116077,0.25,0.45,0.5307088807932057,0.09205991808434988,0.34372767857142855,0.7058823529411765,18.38,4.306988524497151,10.0,27.0,16.157,3.7210478627931134,9.0,24.0,65.463,5.045600964116077,55.0,75.0,0.7444773061623996,0.005308279339625413,0.7337757689800295,0.7554579553983718,0.8752055752798574,0.007252342638899631,0.8615268514869343,0.8883737420259459,0.16116,0.03802499573044421,0.09,0.24,0.17685255910083056,0.041113095211107564,0.0966581346543112,0.2576606236496807,0.14505547858688028,0.03345161821557572,0.08252126166401694,0.21154796535984932,0.5532975375921466,0.04413170963564357,0.4676046274560047,0.6397166382543068,0.09190000000000001,0.021534942622485755,0.05,0.135,0.07194999999999999,0.018784311282300195,0.03987500000000001,0.11,0.6378608019231513,0.006511676576726282,0.6242935415060018,0.6499468905885973,0.8004810692308684,0.008682235435635042,0.782391388674669,0.8165958541181298,0.7595046758503795,0.004105132797137409,0.7516666208426702,0.767587952532179,0.6255597681362939,0.006906604309931224,0.6117501655735363,0.6382891989627139,0.9626729011338393,0.0054735103961832164,0.9522221611235601,0.9734506033762386,0.7840796908483918,0.00920880574657496,0.7656668874313817,0.8010522652836186,18.38,4.306988524497151,10.0,27.0,0.5842742359380537,0.011046869151447489,0.5627383884183761,0.6047460943747253,0.6531681892603328,0.008166159917058689,0.635449997620002,0.6680464291030745,0.7070061979452918,0.00665753856872197,0.6934706899993236,0.7199334539533108,0.7412533727988332,0.0057535194187830355,0.7289533139984933,0.7513339571819866,0.7555156310045268,0.0055133741566151225,0.7439811196935516,0.7655374275456436,0.05744859446012899,0.0128245135229212,0.03333025830258299,0.08301980818654799,0.007253568077758544,0.005152285963182625,0.0,0.01865846330147013,0.4761196350567858,0.009942088600299433,0.45609042673411565,0.49489675393484167,0.5000505749536528,0.013024493984500158,0.47444606751188956,0.525226080572202,0.7841709550348474,0.008396396475789826,0.7681878512802706,0.8008364513946657,0.4573394917700764,0.009615709240389698,0.4385666355269861,0.476583720306684,0.8977911442301415,0.01155685959145088,0.875183180073764,0.9211419539353997,0.4758069703963422,0.012612782412993915,0.45078581777165705,0.5012128851487612,16.157,3.7210478627931134,9.0,24.0,0.3462256240740943,0.014250263431078783,0.3182911817374898,0.373782234743614,0.47557051316172455,0.014889312550424692,0.4483719291846739,0.5064503847139002,0.6062086573611268,0.014625361515538827,0.5777593392758341,0.6341630957303462,0.7042914538572834,0.014189435262766245,0.6759794716133698,0.7304212398982122,0.7494323675214825,0.014353076427092019,0.722192831995048,0.7783396414553413,0.12618558310058697,0.009451224055726331,0.10836382390362646,0.14473945279866327,0.0,0.0,0.0,0.0,0.5330250473920873,0.007377352890309903,0.5190918721083392,0.548107283024333,0.4997113843154646,0.00959429880952483,0.4814505452443379,0.5198189328147929,0.8068103837849194,0.006656810572156102,0.7940484098603316,0.8191327711146394,0.4934830680251897,0.006973637049952022,0.48000296016790456,0.5076998087314584,0.8450785605481165,0.009006757192846378,0.8267651379944775,0.8627643260685844,0.4498332516808189,0.009261641307721108,0.4319317696350162,0.4689387275736693,65.463,5.045600964116077,55.0,75.0,0.40150842095181677,0.010661434896323745,0.38090023646990123,0.4236839629132622,0.5327539292623662,0.011087358969800344,0.5109650641708867,0.5537295390426014,0.6642871592103762,0.01062422135065926,0.6427764004781531,0.6848973795510952,0.7640155870965589,0.010571830018953994,0.7441050170150411,0.7847577380556297,0.8112674508366204,0.010564975274079754,0.7914900824214159,0.8316106085092664,0.21385101407231877,0.021054430423858773,0.17261411952554745,0.2567000724637681,0.9922022299473477,0.03635956651764498,0.9166666666666666,1.0,56225.2,2760.265209001487,50995.0,61600.0,29.27,23.431050213639896,0.0,90.0
0.4,unclipped,0.1,0.296,0.0468229899984227,0.2,0.38,0.20298000000000002,0.04075267329121343,0.13,0.28,0.49898000000000003,0.050381523378098626,0.4,0.59,0.5930771456674688,0.07197450906695002,0.4509303721488595,0.7255347593582887,29.6,4.68229899984227,20.0,38.0,20.298,4.075267329121344,13.0,28.0,50.102,5.038152337809862,41.0,60.0,0.7678220694391352,0.005084727024339331,0.757308466779936,0.7780587934217414,0.8936387845375148,0.0065268732751265586,0.8811794253062162,0.9061883438585802,0.37437,0.04802405032282688,0.28,0.47,0.2814972136072216,0.04416551888138112,0.1915730418224098,0.3616403036436898,0.17990344291596974,0.036208091277135195,0.11382128447819434,0.2522860461019011,0.4322381280143233,0.04422382035271666,0.3518356427514648,0.5178545351271244,0.148,0.02341149499921135,0.1,0.19,0.22657999999999998,0.030398645984281564,0.17,0.28512499999999985,0.6753608019231513,0.0065116765767262805,0.6617935415060017,0.6874468905885973,0.8004810692308684,0.008682235435635042,0.782391388674669,0.8165958541181298,0.7884120009657092,0.004047633148633109,0.7801971124631308,0.7964269166303629,0.6557249110819232,0.007054634117055036,0.6420305310939963,0.6685706436969749,0.951216001287612,0.005396844198177482,0.9402628166175077,0.9619025555071508,0.7742998814425645,0.009406178822740049,0.7560407081253283,0.7914275249292999,29.6,4.68229899984227,20.0,38.0,0.6217742359380537,0.01104686915144749,0.600238388418376,0.6422460943747252,0.6906681892603328,0.00816615991705869,0.6729499976200018,0.7055464291030744,0.7445061979452918,0.006657538568721983,0.7309706899993236,0.7574334539533109,0.778753372798833,0.005753519418783042,0.7664533139984934,0.7888339571819867,0.7930156310045268,0.005513374156615134,0.7814811196935517,0.8030374275456437,0.07218456184706648,0.013986474860034709,0.04650955149501657,0.09923734283789848,0.02809700612868761,0.00992119803805907,0.010908102766798409,0.0490566037735849,0.5136196350567858,0.009942088600299435,0.4935904267341157,0.5323967539348416,0.5000505749536528,0.013024493984500158,0.47444606751188956,0.525226080572202,0.8120312195235574,0.00832297473197496,0.7959940088441627,0.8285972153632394,0.4904038618948775,0.009399937199812683,0.47208116317249116,0.5089312968031641,0.8862891953722833,0.01129519455900993,0.8644930123510792,0.9088456476125942,0.47000458966794445,0.012359413930653738,0.446867909672397,0.4943017514150426,20.298,4.075267329121344,13.0,28.0,0.3837256240740943,0.014250263431078785,0.3557911817374898,0.41128223474361414,0.5130705131617246,0.014889312550424688,0.4858719291846738,0.5439503847139003,0.6437086573611267,0.014625361515538822,0.6152593392758342,0.6716630957303462,0.7417914538572833,0.014189435262766245,0.7134794716133698,0.7679212398982121,0.7869323675214824,0.014353076427092023,0.7596928319950481,0.8158396414553412,0.0965657006213377,0.00945008449382441,0.07960943079387742,0.11507973944294692,0.0,0.0,0.0,0.0,0.5330250473920873,0.007377352890309903,0.5190918721083392,0.548107283024333,0.4997113843154646,0.00959429880952483,0.4814505452443379,0.5198189328147929,0.8225505035958457,0.006779326522026341,0.8091101487833999,0.8361384292548404,0.5020739110532785,0.007025740199722853,0.48897633977125965,0.5159416943152618,0.8626192554388383,0.009193913527419925,0.8450817870954461,0.8799524637573369,0.46091680105771193,0.009277965044451813,0.4439221420113876,0.47928069200090695,50.102,5.038152337809862,41.0,60.0,0.40150842095181677,0.010661434896323745,0.38090023646990123,0.4236839629132622,0.5327539292623662,0.011087358969800344,0.5109650641708867,0.5537295390426014,0.6642871592103762,0.01062422135065926,0.6427764004781531,0.6848973795510952,0.7640155870965589,0.010571830018953994,0.7441050170150411,0.7847577380556297,0.8112674508366204,0.010564975274079754,0.7914900824214159,0.8316106085092664,0.21385101407231877,0.021054430423858773,0.17261411952554745,0.2567000724637681,0.9519615767441463,0.050979820900787856,0.822043578718462,1.0,56225.2,2760.265209001487,50995.0,61600.0,358.05,137.62915855764462,138.0,663.2249999999998
0.4,unclipped,0.15,0.40408000000000005,0.04717816634185118,0.31,0.49,0.24015,0.04354967363912242,0.16,0.33,0.64423,0.047051258441416006,0.55,0.73,0.6275183771374236,0.060232253147448525,0.507457278823275,0.7384931506849315,40.408,4.717816634185118,31.0,49.0,24.015,4.354967363912242,16.0,33.0,35.577,4.7051258441416,27.0,45.0,0.7931208643014002,0.005178777820072254,0.7828446855943011,0.8032265246325478,0.9045285067643973,0.005985471383061518,0.8925841690362626,0.9158818212339676,0.5663,0.04760226860114942,0.47,0.6502499999999998,0.380414957581393,0.04412494345898039,0.2966873180361844,0.46226569679478136,0.21059205790982632,0.03837213032703068,0.14097300990283387,0.2895842775297277,0.31352149127317785,0.04180810157568342,0.23701659452461307,0.39679619532595595,0.20204000000000003,0.02358908317092559,0.155,0.245,0.40195,0.03381776369219498,0.335,0.47,0.7128608019231513,0.00651167657672628,0.6992935415060016,0.7249468905885973,0.8004810692308684,0.008682235435635042,0.782391388674669,0.8165958541181298,0.8186480702983958,0.0041024538985637085,0.8105974891156613,0.8260399851142012,0.6860764154231606,0.00717729992524773,0.6720236171774457,0.6994117585446907,0.9415307603978611,0.005469938531418282,0.9307966521542153,0.9513866468189348,0.7647685538975476,0.009569733233663641,0.7460314895699277,0.7825490113929209,40.408,4.717816634185118,31.0,49.0,0.6592742359380537,0.011046869151447493,0.637738388418376,0.6797460943747252,0.7281681892603329,0.00816615991705869,0.7104499976200019,0.7430464291030745,0.7820061979452918,0.00665753856872197,0.7684706899993236,0.7949334539533107,0.816253372798833,0.0057535194187830424,0.8039533139984932,0.8263339571819865,0.8305156310045267,0.0055133741566151355,0.8189811196935516,0.8405374275456436,0.08541816097608793,0.014870969867463012,0.05901728479853472,0.11553800078421825,0.06094947487187706,0.014107715905157464,0.035424437076944294,0.08904555176452608,0.551119635056786,0.009942088600299426,0.5310904267341156,0.5698967539348416,0.5000505749536528,0.013024493984500158,0.47444606751188956,0.525226080572202,0.8416361297460558,0.008170671361046454,0.826218018066727,0.8571698351244462,0.5239854898019742,0.00930411777221306,0.5060792412509073,0.5423675820798818,0.8768258864936496,0.01101696322039356,0.8545713704444643,0.8974314566231205,0.46486177318636335,0.01223646704730044,0.4416920895645918,0.48908813090579784,24.015,4.354967363912242,16.0,33.0,0.4212256240740943,0.014250263431078786,0.39329118173748984,0.448782234743614,0.5505705131617247,0.014889312550424688,0.5233719291846739,0.5814503847139002,0.6812086573611268,0.014625361515538827,0.6527593392758342,0.7091630957303463,0.7792914538572833,0.014189435262766241,0.7509794716133699,0.8054212398982121,0.8244323675214825,0.01435307642709201,0.7971928319950482,0.8533396414553412,0.06855950499750994,0.008838596375853785,0.05243144258811289,0.08554407913878381,0.0,0.0,0.0,0.0,0.5330250473920873,0.007377352890309903,0.5190918721083392,0.548107283024333,0.4997113843154646,0.00959429880952483,0.4814505452443379,0.5198189328147929,0.8400077216228129,0.007015164802696071,0.8262583964663678,0.8539187253877002,0.5104291293969128,0.006974721857919177,0.4976024230275007,0.5239549731500863,0.8811710128959327,0.009813884325594558,0.8601378778883916,0.8993773146598937,0.47163257962846056,0.009225720883797691,0.4543209846486682,0.489790192441554,35.577,4.7051258441416,27.0,45.0,0.40150842095181677,0.010661434896323745,0.38090023646990123,0.4236839629132622,0.5327539292623662,0.011087358969800344,0.5109650641708867,0.5537295390426014,0.6642871592103762,0.01062422135065926,0.6427764004781531,0.6848973795510952,0.7640155870965589,0.010571830018953994,0.7441050170150411,0.7847577380556297,0.8112674508366204,0.010564975274079754,0.7914900824214159,0.8316106085092664,0.21385101407231877,0.021054430423858773,0.17261411952554745,0.2567000724637681,0.8886225236242461,0.04680716349111781,0.7799733796296296,0.9649380323977098,56225.2,2760.265209001487,50995.0,61600.0,1376.091,339.6253466617224,758.925,2079.5249999999996
0.4,unclipped,0.2,0.49789999999999995,0.0474071454259528,0.41,0.59,0.27529,0.04580189639866142,0.19,0.37,0.7731899999999999,0.04133076495943588,0.69,0.85,0.6442445401179041,0.054258009577051146,0.5324675324675324,0.7464835680751174,49.79,4.74071454259528,41.0,59.0,27.529,4.580189639866141,19.0,37.0,22.681,4.1330764959435875,15.0,31.0,0.8204432272422025,0.005200532978380091,0.8097520369254085,0.8304497355671088,0.908016051529475,0.005758660910523229,0.8965535783555154,0.9189064067535185,0.74685,0.04253688854261543,0.66,0.82,0.46488199881211073,0.04411801687286455,0.3802721689153587,0.5483706671481675,0.2391237094698582,0.040079351567825064,0.16519318903663127,0.32248149459173864,0.2040103432475059,0.03713953847271904,0.1349083936054821,0.2794759452719115,0.24894999999999998,0.0237035727129764,0.205,0.295,0.566215,0.03545639478191388,0.49,0.63,0.7503608019231512,0.006511676576726281,0.7367935415060016,0.7624468905885973,0.8004810692308684,0.008682235435635042,0.782391388674669,0.8165958541181298,0.8502955919188937,0.004114592816877295,0.8417493636283871,0.8580245137415797,0.7172348234549955,0.0072981277849639165,0.7033730400419204,0.7316537615127713,0.9337274558918582,0.005486123755836397,0.9223324848378495,0.9440326849887732,0.7563130979399939,0.00973083704661855,0.7378307200558938,0.7755383486836949,49.79,4.74071454259528,41.0,59.0,0.6967742359380539,0.011046869151447493,0.675238388418376,0.7172460943747252,0.7656681892603329,0.00816615991705869,0.7479499976200019,0.7805464291030744,0.8195061979452919,0.006657538568721971,0.8059706899993235,0.8324334539533108,0.8537533727988332,0.005753519418783042,0.8414533139984932,0.8638339571819866,0.8680156310045267,0.005513374156615136,0.8564811196935517,0.8780374275456437,0.097946171375907,0.015705916649197644,0.0687148547328959,0.1303129841769449,0.10444792421273776,0.01795993009136771,0.07114063857819636,0.13993344709897604,0.5886196350567859,0.00994208860029943,0.5685904267341156,0.6073967539348417,0.5000505749536528,0.013024493984500158,0.47444606751188956,0.525226080572202,0.8722583502833697,0.008267328719944672,0.8552714739921196,0.8885654343426743,0.5578274368022168,0.009106134188751851,0.5399669211093034,0.5757428425477429,0.8685084278583383,0.01082509294226701,0.8467469246901552,0.8886208684162621,0.46004843496759396,0.01200334779331979,0.4373363408312107,0.4845444339266928,27.529,4.580189639866141,19.0,37.0,0.4587256240740943,0.014250263431078785,0.4307911817374898,0.4862822347436141,0.5880705131617247,0.014889312550424687,0.560871929184674,0.6189503847139003,0.7187086573611269,0.014625361515538823,0.6902593392758342,0.7466630957303463,0.8167914538572832,0.014189435262766243,0.7884794716133698,0.8429212398982121,0.8619323675214825,0.01435307642709202,0.8346928319950481,0.8908396414553413,0.0436930206804687,0.0077782251526862765,0.02969281791460396,0.06004143973478569,0.0,0.0,0.0,0.0,0.5330250473920873,0.007377352890309903,0.5190918721083392,0.548107283024333,0.4997113843154646,0.00959429880952483,0.4814505452443379,0.5198189328147929,0.8594207385501331,0.007629752739188016,0.8449877646956835,0.8742151347283591,0.5181154153179884,0.007002406463627401,0.5043948222414839,0.5316475977415285,0.8995654164786197,0.010442246285460182,0.8786990774018996,0.919290518938504,0.4814494855520171,0.00922993347628235,0.4636628853782217,0.499291664343769,22.681,4.1330764959435875,15.0,31.0,0.40150842095181677,0.010661434896323745,0.38090023646990123,0.4236839629132622,0.5327539292623662,0.011087358969800344,0.5109650641708867,0.5537295390426014,0.6642871592103762,0.01062422135065926,0.6427764004781531,0.6848973795510952,0.7640155870965589,0.010571830018953994,0.7441050170150411,0.7847577380556297,0.8112674508366204,0.010564975274079754,0.7914900824214159,0.8316106085092664,0.21385101407231877,0.021054430423858773,0.17261411952554745,0.2567000724637681,0.8042233598610835,0.04397159926888054,0.7134393078888491,0.8849636536030342,56225.2,2760.265209001487,50995.0,61600.0,3325.936,634.7197894465834,2184.45,4636.125
0.4,unclipped,0.25,0.57467,0.0465430699176296,0.48,0.66,0.30288,0.046024165650490875,0.22,0.4,0.8775499999999999,0.03269811411483341,0.81,0.94,0.6550393808365172,0.049557508006494506,0.5520743534482759,0.7441860465116279,57.467,4.65430699176296,48.0,66.0,30.288,4.6024165650490865,22.0,40.0,12.245,3.269811411483339,6.0,19.0,0.8497142522259231,0.00548340865088908,0.8391894983848535,0.8600098745676558,0.9065733657967208,0.005810765417503226,0.89549916054423,0.9178310791996928,0.87709,0.03281933894838544,0.81,0.94,0.533038169014744,0.04299801530251318,0.4441792438431445,0.6144495541187387,0.26119364119845173,0.04017711685262856,0.18822473195733747,0.34481814066528044,0.11234155558352493,0.02995364020929706,0.05548676535933646,0.17357001938016,0.287335,0.0232715349588148,0.24,0.33,0.701455,0.03360263549354591,0.63,0.765,0.7878608019231512,0.006511676576726281,0.7742935415060016,0.7999468905885975,0.8004810692308684,0.008682235435635042,0.782391388674669,0.8165958541181298,0.8831985112163295,0.004329070419209745,0.8743642414616947,0.8915315779706935,0.7494191511915144,0.0075881854919923,0.7342401516556227,0.7640669262028993,0.927598014955106,0.0057720938922796615,0.915818988615593,0.9387087706275913,0.7492255349220192,0.010117580655989736,0.7289868688741636,0.7687559016038658,57.467,4.65430699176296,48.0,66.0,0.7342742359380536,0.011046869151447493,0.712738388418376,0.7547460943747252,0.8031681892603328,0.008166159917058692,0.7854499976200019,0.8180464291030745,0.8570061979452919,0.006657538568721967,0.8434706899993236,0.8699334539533107,0.8912533727988332,0.005753519418783038,0.8789533139984933,0.9013339571819866,0.9055156310045268,0.0055133741566151286,0.8939811196935517,0.9155374275456436,0.10778599421964813,0.015826444688585517,0.07903318183497762,0.14022757284429027,0.15644899063817722,0.021689608427576914,0.11406370512699071,0.2,0.6261196350567858,0.009942088600299428,0.6060904267341156,0.6448967539348417,0.5000505749536528,0.013024493984500158,0.47444606751188956,0.525226080572202,0.9045715779777777,0.008223186027451443,0.8881988736302368,0.921538724688853,0.5924831879816003,0.009057429253138025,0.5751235612935287,0.6103116577890717,0.8621762301428392,0.010749386509676554,0.8404240916108643,0.8824815691187804,0.45630562456436563,0.01193337694713093,0.43327342029541793,0.48052446240705754,30.288,4.6024165650490865,22.0,40.0,0.4962256240740943,0.014250263431078795,0.46829118173748985,0.5237822347436141,0.6255705131617246,0.01488931255042468,0.598371929184674,0.6564503847139003,0.7562086573611269,0.014625361515538829,0.7277593392758342,0.7841630957303463,0.8542914538572832,0.014189435262766245,0.8259794716133697,0.8804212398982121,0.8994323675214825,0.01435307642709202,0.872192831995048,0.9283396414553414,0.023585485245705664,0.006229799621686371,0.01171875,0.036742252456538144,0.0,0.0,0.0,0.0,0.5330250473920873,0.007377352890309903,0.5190918721083392,0.548107283024333,0.4997113843154646,0.00959429880952483,0.4814505452443379,0.5198189328147929,0.8814584101368242,0.009011369931365617,0.8649593419919145,0.8999196992234115,0.5246157811616791,0.007048773032590305,0.5104444399134838,0.5388154053897996,0.9176192904409609,0.012305481439088503,0.8935331091700167,0.941834877569828,0.48962420228991677,0.009263697116352124,0.4716728429513193,0.5081456477507466,12.245,3.269811411483339,6.0,19.0,0.40150842095181677,0.010661434896323745,0.38090023646990123,0.4236839629132622,0.5327539292623662,0.011087358969800344,0.5109650641708867,0.5537295390426014,0.6642871592103762,0.01062422135065926,0.6427764004781531,0.6848973795510952,0.7640155870965589,0.010571830018953994,0.7441050170150411,0.7847577380556297,0.8112674508366204,0.010564975274079754,0.7914900824214159,0.8316106085092664,0.21385101407231877,0.021054430423858773,0.17261411952554745,0.2567000724637681,0.7194552899033081,0.04373255056651251,0.6350247004916234,0.8012327538704919,56225.2,2760.265209001487,50995.0,61600.0,6169.28,948.693493676933,4350.0,8151.224999999999
0.4,unclipped,0.3,0.62639,0.04487406357331128,0.53,0.71,0.32264,0.04600376883198534,0.24,0.42,0.9490299999999999,0.0218549018926358,0.9,0.99,0.6601750422624392,0.0467620201347705,0.5651827012025902,0.7472556390977444,62.639,4.487406357331127,53.0,71.0,32.264,4.600376883198535,24.0,42.0,5.097,2.1854901892635823,1.0,10.0,0.8817592935695608,0.00597756257605243,0.869597587295545,0.893302116294573,0.9029522833672958,0.006071186140716862,0.8911282763672888,0.9147442059315254,0.9490299999999999,0.0218549018926358,0.9,0.99,0.5784572993543374,0.041103296255154756,0.4937801901438773,0.6586166964884723,0.27681881852061746,0.040127553208436445,0.20338785238259327,0.3606005924803979,0.04767616549234086,0.020460277740795535,0.009476434324047725,0.09293197680886335,0.313195,0.02243703178665564,0.265,0.355,0.8046850000000001,0.028008217280563116,0.75,0.855,0.8253608019231513,0.006511676576726281,0.8117935415060016,0.8374468905885972,0.8004810692308684,0.008682235435635042,0.782391388674669,0.8165958541181298,0.9176523779683992,0.004575047695278593,0.9082701802640755,0.9262307414351661,0.7832680157566423,0.00789964697336682,0.7677601468169551,0.7984583700102319,0.9235365039578656,0.006100063593704791,0.9110269070187673,0.9349743219135548,0.7443573543421897,0.010532862631155757,0.72368019575594,0.7646111600136427,62.639,4.487406357331127,53.0,71.0,0.7717742359380537,0.011046869151447489,0.7502383884183759,0.7922460943747253,0.8406681892603328,0.008166159917058685,0.8229499976200018,0.8555464291030745,0.8945061979452917,0.0066575385687219725,0.8809706899993235,0.9074334539533108,0.9287533727988332,0.005753519418783041,0.9164533139984933,0.9388339571819866,0.9430156310045268,0.005513374156615134,0.9314811196935517,0.9530374275456436,0.11483875429501361,0.015910032732304815,0.08524241367282868,0.14666894197952213,0.21585684334457614,0.024734769764747883,0.16728558388125253,0.26450795156113216,0.6636196350567858,0.00994208860029943,0.6435904267341155,0.6823967539348417,0.5000505749536528,0.013024493984500158,0.47444606751188956,0.525226080572202,0.9384799437536488,0.008261541332784665,0.9224619803705535,0.9544549482468861,0.6279594792305503,0.009098218353463113,0.6108935944341621,0.6458400312331438,0.8577512580947576,0.010804505193800114,0.8372603245137515,0.8782028163797262,0.45364063840768565,0.011985155147927274,0.4315442111607886,0.47705470508860426,32.264,4.600376883198535,24.0,42.0,0.5337256240740944,0.014250263431078786,0.5057911817374898,0.561282234743614,0.6630705131617244,0.01488931255042468,0.635871929184674,0.6939503847139002,0.7937086573611268,0.014625361515538823,0.7652593392758341,0.8216630957303461,0.8917914538572832,0.014189435262766245,0.8634794716133697,0.9179212398982122,0.9369323675214825,0.014353076427092019,0.9096928319950481,0.9658396414553412,0.009815477468990178,0.004190778887251607,0.001953125,0.018727470118262087,0.0,0.0,0.0,0.0,0.5330250473920873,0.007377352890309903,0.5190918721083392,0.548107283024333,0.4997113843154646,0.00959429880952483,0.4814505452443379,0.5198189328147929,0.9063761854445285,0.010892013562365613,0.8856636039134296,0.9288738369662699,0.5293278715322016,0.007191909648878614,0.5156076731744816,0.5441748579358042,0.9355124062839896,0.016033266096038792,0.902332191221406,0.966888086639491,0.4953949397678269,0.009400401775318304,0.47702552374435525,0.5148281115056402,5.097,2.1854901892635823,1.0,10.0,0.40150842095181677,0.010661434896323745,0.38090023646990123,0.4236839629132622,0.5327539292623662,0.011087358969800344,0.5109650641708867,0.5537295390426014,0.6642871592103762,0.01062422135065926,0.6427764004781531,0.6848973795510952,0.7640155870965589,0.010571830018953994,0.7441050170150411,0.7847577380556297,0.8112674508366204,0.010564975274079754,0.7914900824214159,0.8316106085092664,0.21385101407231877,0.021054430423858773,0.17261411952554745,0.2567000724637681,0.6413482278058451,0.04076840693184683,0.5595140312188605,0.7183517076847529,56225.2,2760.265209001487,50995.0,61600.0,9765.525,1256.120262350898,7405.825,12312.0
